<?xml version="1.0" encoding="UTF-8"?>
<!-- Created with TexturePacker http://www.codeandweb.com/texturepacker-->
<!-- $TexturePacker:SmartUpdate:fe1a07ccdeb6cf260d3d15baba66e5b7:1/1$ -->
<TextureAtlas imagePath="horse.png">
    <SubTexture name="image_mounts_horse_119_0" x="190" y="116" width="186" height="108" frameX="-208" frameY="-160" frameWidth="500" frameHeight="400"/>
    <SubTexture name="image_mounts_horse_119_1" x="2" y="112" width="186" height="110" frameX="-208" frameY="-162" frameWidth="500" frameHeight="400"/>
    <SubTexture name="image_mounts_horse_119_2" x="2" y="2" width="190" height="108" frameX="-207" frameY="-161" frameWidth="500" frameHeight="400"/>
    <SubTexture name="image_mounts_horse_119_3" x="194" y="2" width="188" height="112" frameX="-208" frameY="-160" frameWidth="500" frameHeight="400"/>
    <SubTexture name="image_mounts_horse_119_4" x="2" y="224" width="182" height="122" frameX="-211" frameY="-152" frameWidth="500" frameHeight="400"/>
    <SubTexture name="image_mounts_horse_119_5" x="2" y="348" width="180" height="118" frameX="-212" frameY="-159" frameWidth="500" frameHeight="400"/>
    <SubTexture name="image_mounts_horse_119_6" x="184" y="348" width="180" height="114" frameX="-211" frameY="-159" frameWidth="500" frameHeight="400"/>
    <SubTexture name="image_mounts_horse_119_7" x="384" y="2" width="48" height="26" frameX="-23" frameY="-33" frameWidth="100" frameHeight="100"/>
</TextureAtlas>
