{"armature":[{"skin":[{"name":"default","slot":[{"name":"ppkknmd024","z":0,"display":[{"transform":{"scX":1,"x":10.5,"scY":1,"y":-7.7,"pX":12.5,"pY":10.5,"skX":0,"skY":0},"name":"Living425/tppkknmd024","type":"image"}],"parent":"ppkknmd024"},{"name":"ppkknmd023","z":1,"display":[{"transform":{"scX":1,"x":-1.8,"scY":1,"y":3.6,"pX":6.5,"pY":7,"skX":0,"skY":0},"name":"Living425/tppkknmd023","type":"image"}],"parent":"ppkknmd023"},{"name":"ppkknmd022","z":2,"display":[{"transform":{"scX":1,"x":0,"scY":1,"y":0,"pX":12.5,"pY":5.5,"skX":0,"skY":0},"name":"Living425/tppkknmd022","type":"image"}],"parent":"ppkknmd022"},{"name":"ppkknmd021","z":3,"display":[{"transform":{"scX":1,"x":-0.25,"scY":1,"y":1.25,"pX":5.5,"pY":6.5,"skX":0,"skY":0},"name":"Living425/tppkknmd021","type":"image"}],"parent":"ppkknmd021"},{"name":"ppkknmd020","z":4,"display":[{"transform":{"scX":1,"x":0,"scY":1,"y":0,"pX":8.5,"pY":6,"skX":0,"skY":0},"name":"Living425/tppkknmd020","type":"image"}],"parent":"ppkknmd020"},{"name":"ppkknmd019","z":5,"display":[{"transform":{"scX":1,"x":3.4,"scY":1,"y":-9.9,"pX":14,"pY":11,"skX":0,"skY":0},"name":"Living425/tppkknmd019","type":"image"}],"parent":"ppkknmd019"},{"name":"ppkknmd018","z":6,"display":[{"transform":{"scX":1,"x":1.4,"scY":1,"y":8.15,"pX":9.5,"pY":10.5,"skX":0,"skY":0},"name":"Living425/tppkknmd018","type":"image"}],"parent":"ppkknmd018"},{"name":"ppkknmd017","z":7,"display":[{"transform":{"scX":1,"x":0.75,"scY":1,"y":4.85,"pX":4.5,"pY":8.5,"skX":0,"skY":0},"name":"Living425/tppkknmd017","type":"image"}],"parent":"ppkknmd017"},{"name":"ppkknmd016","z":8,"display":[{"transform":{"scX":1,"x":6.75,"scY":1,"y":-20.5,"pX":31.55,"pY":23.05,"skX":0,"skY":0},"name":"Living425/tppkknmd016","type":"image"}],"parent":"ppkknmd016"},{"name":"图层 3","z":9,"display":[{"transform":{"scX":1,"x":-15,"scY":1,"y":-5.5,"pX":0,"pY":0,"skX":0,"skY":0},"name":"Living425/eettgg001.png","type":"image"},{"transform":{"scX":1,"x":-15.6,"scY":1,"y":-7,"pX":0,"pY":0,"skX":0,"skY":0},"name":"Living425/eettgg002.png","type":"image"}],"parent":"图层 3"},{"name":"ppkknmd015","z":10,"display":[{"transform":{"scX":1,"x":-4.75,"scY":1,"y":3.45,"pX":8,"pY":7,"skX":0,"skY":0},"name":"Living425/tppkknmd015","type":"image"}],"parent":"ppkknmd015"},{"name":"ppkknmd010","z":11,"display":[{"transform":{"scX":1,"x":-0.5,"scY":1,"y":2.25,"pX":5.5,"pY":4.5,"skX":0,"skY":0},"name":"Living425/tppkknmd010","type":"image"}],"parent":"ppkknmd010"},{"name":"ppkknmd009","z":12,"display":[{"transform":{"scX":1,"x":0,"scY":1,"y":0,"pX":12.5,"pY":5.5,"skX":0,"skY":0},"name":"Living425/tppkknmd009","type":"image"}],"parent":"ppkknmd009"},{"name":"ppkknmd008","z":13,"display":[{"transform":{"scX":1,"x":-1,"scY":1,"y":3.25,"pX":6.5,"pY":4,"skX":0,"skY":0},"name":"Living425/tppkknmd008","type":"image"}],"parent":"ppkknmd008"},{"name":"ppkknmd007","z":14,"display":[{"transform":{"scX":1,"x":0,"scY":1,"y":0,"pX":6.5,"pY":6.5,"skX":0,"skY":0},"name":"Living425/tppkknmd007","type":"image"}],"parent":"ppkknmd007"},{"name":"ppkknmd006","z":15,"display":[{"transform":{"scX":1,"x":0,"scY":1,"y":0,"pX":14,"pY":11.5,"skX":0,"skY":0},"name":"Living425/tppkknmd006","type":"image"}],"parent":"ppkknmd006"},{"name":"ppkknmd005","z":16,"display":[{"transform":{"scX":1,"x":-1,"scY":1,"y":6,"pX":9.5,"pY":10.5,"skX":0,"skY":0},"name":"Living425/tppkknmd005","type":"image"}],"parent":"ppkknmd005"},{"name":"ppkknmd004","z":17,"display":[{"transform":{"scX":1,"x":-1.7,"scY":1,"y":5.3,"pX":5,"pY":8.5,"skX":0,"skY":0},"name":"Living425/tppkknmd004","type":"image"}],"parent":"ppkknmd004"},{"name":"ppkknmd003","z":18,"display":[{"transform":{"scX":1,"x":1.25,"scY":1,"y":-21.25,"pX":29.5,"pY":23,"skX":0,"skY":0},"name":"Living425/tppkknmd003","type":"image"}],"parent":"ppkknmd003"},{"name":"ppkknmd002","z":19,"display":[{"transform":{"scX":1,"x":4.5,"scY":1,"y":2,"pX":6.5,"pY":5.5,"skX":0,"skY":0},"name":"Living425/tppkknmd002","type":"image"}],"parent":"ppkknmd002"},{"name":"ppkknmd001","z":20,"display":[{"transform":{"scX":1,"x":6.55,"scY":1,"y":-8.1,"pX":12,"pY":10.5,"skX":0,"skY":0},"name":"Living425/tppkknmd001","type":"image"}],"parent":"ppkknmd001"}]}],"name":"game.living.Living425","bone":[{"transform":{"scX":1,"x":8.75,"skX":5.19,"scY":1,"y":-10.35,"skY":5.19},"name":"ppkknmd024"},{"transform":{"scX":1,"x":-9,"skX":15.94,"scY":1,"y":-21.1,"skY":15.94},"name":"ppkknmd023"},{"transform":{"scX":1,"x":1.25,"skX":0,"scY":1,"y":-7,"skY":0},"name":"ppkknmd022"},{"transform":{"scX":1,"x":-5.5,"skX":0,"scY":1,"y":-7.25,"skY":0},"name":"ppkknmd021"},{"transform":{"scX":1,"x":5.25,"skX":0,"scY":1,"y":-5.5,"skY":0},"name":"ppkknmd020"},{"transform":{"scX":1,"x":-1.65,"skX":0,"scY":1,"y":-7.6,"skY":0},"name":"ppkknmd019"},{"transform":{"scX":1,"x":7.85,"skX":0,"scY":1,"y":-23.15,"skY":0},"name":"ppkknmd018"},{"transform":{"scX":1,"x":9.5,"skX":-30.72,"scY":1,"y":-20.95,"skY":-30.72},"name":"ppkknmd017"},{"transform":{"scX":1,"x":-3.5,"skX":0,"scY":1,"y":-26,"skY":0},"name":"ppkknmd016"},{"transform":{"scX":1,"x":-11.85,"skX":-5.72,"scY":1,"y":-40.5,"skY":-5.72},"name":"图层 3"},{"transform":{"scX":1,"x":2.5,"skX":3.7,"scY":1,"y":-63,"skY":3.7},"name":"ppkknmd015"},{"transform":{"scX":1,"x":8,"skX":0,"scY":1,"y":-7,"skY":0},"name":"ppkknmd010"},{"transform":{"scX":1,"x":1.5,"skX":0,"scY":1,"y":-6.75,"skY":0},"name":"ppkknmd009"},{"transform":{"scX":1,"x":-3.5,"skX":0,"scY":1,"y":-6.5,"skY":0},"name":"ppkknmd008"},{"transform":{"scX":1,"x":11.5,"skX":-14.49,"scY":1,"y":-19,"skY":-14.49},"name":"ppkknmd007"},{"transform":{"scX":1,"x":1,"skX":0,"scY":1,"y":-17.75,"skY":0},"name":"ppkknmd006"},{"transform":{"scX":1,"x":-7.5,"skX":0,"scY":1,"y":-22.75,"skY":0},"name":"ppkknmd005"},{"transform":{"scX":1,"x":-9.25,"skX":18.24,"scY":1,"y":-22,"skY":18.24},"name":"ppkknmd004"},{"transform":{"scX":1,"x":1.25,"skX":0,"scY":1,"y":-25,"skY":0},"name":"ppkknmd003"},{"transform":{"scX":1,"x":9,"skX":0,"scY":1,"y":-64.75,"skY":0},"name":"ppkknmd002"},{"transform":{"scX":1,"x":7.5,"skX":8.19,"scY":1,"y":-12.25,"skY":8.19},"name":"ppkknmd001"}],"animation":[{"fadeInTime":0,"timeline":[{"name":"ppkknmd024","scale":1,"frame":[{"z":0,"transform":{"scX":1,"x":8.75,"scY":1,"y":-10.35,"pX":0,"pY":0,"skX":5.19,"skY":5.19},"duration":3,"tweenEasing":0},{"z":0,"transform":{"scX":1,"x":8.35,"scY":1,"y":-10.6,"pX":0,"pY":0.1,"skX":-6.65,"skY":-6.65},"duration":1,"tweenEasing":0},{"z":0,"transform":{"scX":1,"x":8.75,"scY":1,"y":-14.1,"pX":0.05,"pY":0.05,"skX":5.05,"skY":5.05},"duration":4,"tweenEasing":0},{"z":0,"transform":{"scX":1,"x":8.75,"scY":1,"y":-28.35,"pX":0,"pY":0,"skX":21.22,"skY":21.22},"duration":2,"tweenEasing":0},{"z":0,"transform":{"scX":1,"x":8.75,"scY":1,"y":-25.35,"pX":0.05,"pY":0,"skX":14.83,"skY":14.83},"duration":4,"tweenEasing":0},{"z":0,"transform":{"scX":1,"x":8.75,"scY":1,"y":-10.35,"pX":0,"pY":0,"skX":5.19,"skY":5.19},"duration":3,"tweenEasing":0},{"z":0,"transform":{"scX":1,"x":8.35,"scY":1,"y":-10.6,"pX":0,"pY":0.1,"skX":-6.65,"skY":-6.65},"duration":1,"tweenEasing":0},{"z":0,"transform":{"scX":1,"x":8.75,"scY":1,"y":-14.1,"pX":0.05,"pY":0.05,"skX":5.05,"skY":5.05},"duration":4,"tweenEasing":0},{"z":0,"transform":{"scX":1,"x":8.75,"scY":1,"y":-28.35,"pX":0,"pY":0,"skX":21.22,"skY":21.22},"duration":2,"tweenEasing":0},{"z":0,"transform":{"scX":1,"x":8.75,"scY":1,"y":-25.35,"pX":0.05,"pY":0,"skX":14.83,"skY":14.83},"duration":4,"tweenEasing":0},{"z":0,"transform":{"scX":1,"x":8.75,"scY":1,"y":-10.35,"pX":0,"pY":0,"skX":5.19,"skY":5.19},"duration":3,"tweenEasing":0},{"z":0,"transform":{"scX":1,"x":8.35,"scY":1,"y":-10.6,"pX":0,"pY":0.1,"skX":-6.65,"skY":-6.65},"duration":1,"tweenEasing":0},{"z":0,"transform":{"scX":1,"x":8.75,"scY":1,"y":-14.1,"pX":0.05,"pY":0.05,"skX":5.05,"skY":5.05},"duration":4,"tweenEasing":0},{"z":0,"transform":{"scX":1,"x":8.75,"scY":1,"y":-28.35,"pX":0,"pY":0,"skX":21.22,"skY":21.22},"duration":2,"tweenEasing":0},{"z":0,"transform":{"scX":1,"x":8.75,"scY":1,"y":-25.35,"pX":0.05,"pY":0,"skX":14.83,"skY":14.83},"duration":4,"tweenEasing":0},{"z":0,"transform":{"scX":1,"x":8.75,"scY":1,"y":-10.35,"pX":0,"pY":0,"skX":5.19,"skY":5.19},"duration":3,"tweenEasing":0},{"z":0,"transform":{"scX":1,"x":8.35,"scY":1,"y":-10.6,"pX":0,"pY":0.1,"skX":-6.65,"skY":-6.65},"duration":1,"tweenEasing":0},{"z":0,"transform":{"scX":1,"x":8.75,"scY":1,"y":-14.1,"pX":0.05,"pY":0.05,"skX":5.05,"skY":5.05},"duration":4,"tweenEasing":0},{"z":0,"transform":{"scX":1,"x":8.75,"scY":1,"y":-28.35,"pX":0,"pY":0,"skX":21.22,"skY":21.22},"duration":2,"tweenEasing":0},{"z":0,"transform":{"scX":1,"x":8.75,"scY":1,"y":-25.35,"pX":0.05,"pY":0,"skX":14.83,"skY":14.83},"duration":4,"tweenEasing":0},{"transform":{"scX":1,"x":8.75,"scY":1,"y":-10.35,"pX":0,"pY":0,"skX":5.19,"skY":5.19},"z":0,"duration":1}],"offset":0},{"name":"ppkknmd023","scale":1,"frame":[{"z":1,"transform":{"scX":1,"x":-9,"scY":1,"y":-21.1,"pX":0,"pY":0,"skX":15.94,"skY":15.94},"duration":3,"tweenEasing":0},{"z":1,"transform":{"scX":1,"x":-10.5,"scY":1,"y":-19.45,"pX":0.05,"pY":-0.1,"skX":10.5,"skY":10.5},"duration":1,"tweenEasing":0},{"z":1,"transform":{"scX":1,"x":-9,"scY":1,"y":-24.85,"pX":0.05,"pY":-0.05,"skX":4.5,"skY":4.5},"duration":4,"tweenEasing":0},{"z":1,"transform":{"scX":1,"x":-9,"scY":1,"y":-39.1,"pX":0.1,"pY":0,"skX":7.25,"skY":7.25},"duration":2,"tweenEasing":0},{"z":1,"transform":{"scX":1,"x":-9.05,"scY":1,"y":-36.15,"pX":0,"pY":0,"skX":17.28,"skY":17.28},"duration":4,"tweenEasing":0},{"z":1,"transform":{"scX":1,"x":-9,"scY":1,"y":-21.1,"pX":0,"pY":0,"skX":15.94,"skY":15.94},"duration":3,"tweenEasing":0},{"z":1,"transform":{"scX":1,"x":-10.5,"scY":1,"y":-19.45,"pX":0.05,"pY":-0.1,"skX":10.5,"skY":10.5},"duration":1,"tweenEasing":0},{"z":1,"transform":{"scX":1,"x":-9,"scY":1,"y":-24.85,"pX":0.05,"pY":-0.05,"skX":4.5,"skY":4.5},"duration":4,"tweenEasing":0},{"z":1,"transform":{"scX":1,"x":-9,"scY":1,"y":-39.1,"pX":0.1,"pY":0,"skX":7.25,"skY":7.25},"duration":2,"tweenEasing":0},{"z":1,"transform":{"scX":1,"x":-9.05,"scY":1,"y":-36.15,"pX":0,"pY":0,"skX":17.28,"skY":17.28},"duration":4,"tweenEasing":0},{"z":1,"transform":{"scX":1,"x":-9,"scY":1,"y":-21.1,"pX":0,"pY":0,"skX":15.94,"skY":15.94},"duration":3,"tweenEasing":0},{"z":1,"transform":{"scX":1,"x":-10.5,"scY":1,"y":-19.45,"pX":0.05,"pY":-0.1,"skX":10.5,"skY":10.5},"duration":1,"tweenEasing":0},{"z":1,"transform":{"scX":1,"x":-9,"scY":1,"y":-24.85,"pX":0.05,"pY":-0.05,"skX":4.5,"skY":4.5},"duration":4,"tweenEasing":0},{"z":1,"transform":{"scX":1,"x":-9,"scY":1,"y":-39.1,"pX":0.1,"pY":0,"skX":7.25,"skY":7.25},"duration":2,"tweenEasing":0},{"z":1,"transform":{"scX":1,"x":-9.05,"scY":1,"y":-36.15,"pX":0,"pY":0,"skX":17.28,"skY":17.28},"duration":4,"tweenEasing":0},{"z":1,"transform":{"scX":1,"x":-9,"scY":1,"y":-21.1,"pX":0,"pY":0,"skX":15.94,"skY":15.94},"duration":3,"tweenEasing":0},{"z":1,"transform":{"scX":1,"x":-10.5,"scY":1,"y":-19.45,"pX":0.05,"pY":-0.1,"skX":10.5,"skY":10.5},"duration":1,"tweenEasing":0},{"z":1,"transform":{"scX":1,"x":-9,"scY":1,"y":-24.85,"pX":0.05,"pY":-0.05,"skX":4.5,"skY":4.5},"duration":4,"tweenEasing":0},{"z":1,"transform":{"scX":1,"x":-9,"scY":1,"y":-39.1,"pX":0.1,"pY":0,"skX":7.25,"skY":7.25},"duration":2,"tweenEasing":0},{"z":1,"transform":{"scX":1,"x":-9.05,"scY":1,"y":-36.15,"pX":0,"pY":0,"skX":17.28,"skY":17.28},"duration":4,"tweenEasing":0},{"transform":{"scX":1,"x":-9,"scY":1,"y":-21.1,"pX":0,"pY":0,"skX":15.94,"skY":15.94},"z":1,"duration":1}],"offset":0},{"name":"ppkknmd022","scale":1,"frame":[{"z":2,"transform":{"scX":1,"x":1.25,"scY":1,"y":-7,"pX":0,"pY":0,"skX":0,"skY":0},"duration":3,"tweenEasing":0},{"z":2,"transform":{"scX":1,"x":1.25,"scY":1,"y":-7,"pX":0,"pY":0,"skX":0,"skY":0},"duration":1,"tweenEasing":0},{"z":2,"transform":{"scX":1,"x":1.25,"scY":1,"y":-10.75,"pX":0,"pY":0,"skX":0,"skY":0},"duration":4,"tweenEasing":0},{"z":2,"transform":{"scX":1,"x":1.25,"scY":1,"y":-25,"pX":0,"pY":0,"skX":0,"skY":0},"duration":2,"tweenEasing":0},{"z":2,"transform":{"scX":1,"x":1.25,"scY":1,"y":-22,"pX":0,"pY":0,"skX":0,"skY":0},"duration":4,"tweenEasing":0},{"z":2,"transform":{"scX":1,"x":1.25,"scY":1,"y":-7,"pX":0,"pY":0,"skX":0,"skY":0},"duration":3,"tweenEasing":0},{"z":2,"transform":{"scX":1,"x":1.25,"scY":1,"y":-7,"pX":0,"pY":0,"skX":0,"skY":0},"duration":1,"tweenEasing":0},{"z":2,"transform":{"scX":1,"x":1.25,"scY":1,"y":-10.75,"pX":0,"pY":0,"skX":0,"skY":0},"duration":4,"tweenEasing":0},{"z":2,"transform":{"scX":1,"x":1.25,"scY":1,"y":-25,"pX":0,"pY":0,"skX":0,"skY":0},"duration":2,"tweenEasing":0},{"z":2,"transform":{"scX":1,"x":1.25,"scY":1,"y":-22,"pX":0,"pY":0,"skX":0,"skY":0},"duration":4,"tweenEasing":0},{"z":2,"transform":{"scX":1,"x":1.25,"scY":1,"y":-7,"pX":0,"pY":0,"skX":0,"skY":0},"duration":3,"tweenEasing":0},{"z":2,"transform":{"scX":1,"x":1.25,"scY":1,"y":-7,"pX":0,"pY":0,"skX":0,"skY":0},"duration":1,"tweenEasing":0},{"z":2,"transform":{"scX":1,"x":1.25,"scY":1,"y":-10.75,"pX":0,"pY":0,"skX":0,"skY":0},"duration":4,"tweenEasing":0},{"z":2,"transform":{"scX":1,"x":1.25,"scY":1,"y":-25,"pX":0,"pY":0,"skX":0,"skY":0},"duration":2,"tweenEasing":0},{"z":2,"transform":{"scX":1,"x":1.25,"scY":1,"y":-22,"pX":0,"pY":0,"skX":0,"skY":0},"duration":4,"tweenEasing":0},{"z":2,"transform":{"scX":1,"x":1.25,"scY":1,"y":-7,"pX":0,"pY":0,"skX":0,"skY":0},"duration":3,"tweenEasing":0},{"z":2,"transform":{"scX":1,"x":1.25,"scY":1,"y":-7,"pX":0,"pY":0,"skX":0,"skY":0},"duration":1,"tweenEasing":0},{"z":2,"transform":{"scX":1,"x":1.25,"scY":1,"y":-10.75,"pX":0,"pY":0,"skX":0,"skY":0},"duration":4,"tweenEasing":0},{"z":2,"transform":{"scX":1,"x":1.25,"scY":1,"y":-25,"pX":0,"pY":0,"skX":0,"skY":0},"duration":2,"tweenEasing":0},{"z":2,"transform":{"scX":1,"x":1.25,"scY":1,"y":-22,"pX":0,"pY":0,"skX":0,"skY":0},"duration":4,"tweenEasing":0},{"transform":{"scX":1,"x":1.25,"scY":1,"y":-7,"pX":0,"pY":0,"skX":0,"skY":0},"z":2,"duration":1}],"offset":0},{"name":"ppkknmd021","scale":1,"frame":[{"z":3,"transform":{"scX":1,"x":-5.5,"scY":1,"y":-7.25,"pX":0,"pY":0,"skX":0,"skY":0},"duration":3,"tweenEasing":0},{"z":3,"transform":{"scX":1,"x":-5.5,"scY":1,"y":-7.25,"pX":0,"pY":0,"skX":0,"skY":0},"duration":1,"tweenEasing":0},{"z":3,"transform":{"scX":1,"x":-5.5,"scY":1.1,"y":-11,"pX":0,"pY":0,"skX":0,"skY":0},"duration":4,"tweenEasing":0},{"z":3,"transform":{"scX":1,"x":-5.75,"scY":1.07,"y":-25.7,"pX":-0.05,"pY":0.1,"skX":15.02,"skY":15.02},"duration":2,"tweenEasing":0},{"z":3,"transform":{"scX":1,"x":-5.6,"scY":1.13,"y":-22.3,"pX":0.05,"pY":0,"skX":24.69,"skY":24.69},"duration":4,"tweenEasing":0},{"z":3,"transform":{"scX":1,"x":-5.5,"scY":1,"y":-7.25,"pX":0,"pY":0,"skX":0,"skY":0},"duration":3,"tweenEasing":0},{"z":3,"transform":{"scX":1,"x":-5.5,"scY":1,"y":-7.25,"pX":0,"pY":0,"skX":0,"skY":0},"duration":1,"tweenEasing":0},{"z":3,"transform":{"scX":1,"x":-5.5,"scY":1.1,"y":-11,"pX":0,"pY":0,"skX":0,"skY":0},"duration":4,"tweenEasing":0},{"z":3,"transform":{"scX":1,"x":-5.75,"scY":1.07,"y":-25.7,"pX":-0.05,"pY":0.1,"skX":15.02,"skY":15.02},"duration":2,"tweenEasing":0},{"z":3,"transform":{"scX":1,"x":-5.6,"scY":1.13,"y":-22.3,"pX":0.05,"pY":0,"skX":24.69,"skY":24.69},"duration":4,"tweenEasing":0},{"z":3,"transform":{"scX":1,"x":-5.5,"scY":1,"y":-7.25,"pX":0,"pY":0,"skX":0,"skY":0},"duration":3,"tweenEasing":0},{"z":3,"transform":{"scX":1,"x":-5.5,"scY":1,"y":-7.25,"pX":0,"pY":0,"skX":0,"skY":0},"duration":1,"tweenEasing":0},{"z":3,"transform":{"scX":1,"x":-5.5,"scY":1.1,"y":-11,"pX":0,"pY":0,"skX":0,"skY":0},"duration":4,"tweenEasing":0},{"z":3,"transform":{"scX":1,"x":-5.75,"scY":1.07,"y":-25.7,"pX":-0.05,"pY":0.1,"skX":15.02,"skY":15.02},"duration":2,"tweenEasing":0},{"z":3,"transform":{"scX":1,"x":-5.6,"scY":1.13,"y":-22.3,"pX":0.05,"pY":0,"skX":24.69,"skY":24.69},"duration":4,"tweenEasing":0},{"z":3,"transform":{"scX":1,"x":-5.5,"scY":1,"y":-7.25,"pX":0,"pY":0,"skX":0,"skY":0},"duration":3,"tweenEasing":0},{"z":3,"transform":{"scX":1,"x":-5.5,"scY":1,"y":-7.25,"pX":0,"pY":0,"skX":0,"skY":0},"duration":1,"tweenEasing":0},{"z":3,"transform":{"scX":1,"x":-5.5,"scY":1.1,"y":-11,"pX":0,"pY":0,"skX":0,"skY":0},"duration":4,"tweenEasing":0},{"z":3,"transform":{"scX":1,"x":-5.75,"scY":1.07,"y":-25.7,"pX":-0.05,"pY":0.1,"skX":15.02,"skY":15.02},"duration":2,"tweenEasing":0},{"z":3,"transform":{"scX":1,"x":-5.6,"scY":1.13,"y":-22.3,"pX":0.05,"pY":0,"skX":24.69,"skY":24.69},"duration":4,"tweenEasing":0},{"transform":{"scX":1,"x":-5.5,"scY":1,"y":-7.25,"pX":0,"pY":0,"skX":0,"skY":0},"z":3,"duration":1}],"offset":0},{"name":"ppkknmd020","scale":1,"frame":[{"z":4,"transform":{"scX":1,"x":5.25,"scY":1,"y":-5.5,"pX":0,"pY":0,"skX":0,"skY":0},"duration":3,"tweenEasing":0},{"z":4,"transform":{"scX":1,"x":5.25,"scY":1,"y":-5.5,"pX":0,"pY":0,"skX":0,"skY":0},"duration":1,"tweenEasing":0},{"z":4,"transform":{"scX":1,"x":5.25,"scY":1.08,"y":-9.25,"pX":0,"pY":0,"skX":0,"skY":0},"duration":4,"tweenEasing":0},{"z":4,"transform":{"scX":1,"x":6,"scY":1.22,"y":-23.75,"pX":0,"pY":0,"skX":-21.49,"skY":-21.49},"duration":2,"tweenEasing":0},{"z":4,"transform":{"scX":1,"x":5.5,"scY":1.12,"y":-20.05,"pX":0,"pY":0,"skX":-22.17,"skY":-22.17},"duration":4,"tweenEasing":0},{"z":4,"transform":{"scX":1,"x":5.25,"scY":1,"y":-5.5,"pX":0,"pY":0,"skX":0,"skY":0},"duration":3,"tweenEasing":0},{"z":4,"transform":{"scX":1,"x":5.25,"scY":1,"y":-5.5,"pX":0,"pY":0,"skX":0,"skY":0},"duration":1,"tweenEasing":0},{"z":4,"transform":{"scX":1,"x":5.25,"scY":1.08,"y":-9.25,"pX":0,"pY":0,"skX":0,"skY":0},"duration":4,"tweenEasing":0},{"z":4,"transform":{"scX":1,"x":6,"scY":1.22,"y":-23.75,"pX":0,"pY":0,"skX":-21.49,"skY":-21.49},"duration":2,"tweenEasing":0},{"z":4,"transform":{"scX":1,"x":5.5,"scY":1.12,"y":-20.05,"pX":0,"pY":0,"skX":-22.17,"skY":-22.17},"duration":4,"tweenEasing":0},{"z":4,"transform":{"scX":1,"x":5.25,"scY":1,"y":-5.5,"pX":0,"pY":0,"skX":0,"skY":0},"duration":3,"tweenEasing":0},{"z":4,"transform":{"scX":1,"x":5.25,"scY":1,"y":-5.5,"pX":0,"pY":0,"skX":0,"skY":0},"duration":1,"tweenEasing":0},{"z":4,"transform":{"scX":1,"x":5.25,"scY":1.08,"y":-9.25,"pX":0,"pY":0,"skX":0,"skY":0},"duration":4,"tweenEasing":0},{"z":4,"transform":{"scX":1,"x":6,"scY":1.22,"y":-23.75,"pX":0,"pY":0,"skX":-21.49,"skY":-21.49},"duration":2,"tweenEasing":0},{"z":4,"transform":{"scX":1,"x":5.5,"scY":1.12,"y":-20.05,"pX":0,"pY":0,"skX":-22.17,"skY":-22.17},"duration":4,"tweenEasing":0},{"z":4,"transform":{"scX":1,"x":5.25,"scY":1,"y":-5.5,"pX":0,"pY":0,"skX":0,"skY":0},"duration":3,"tweenEasing":0},{"z":4,"transform":{"scX":1,"x":5.25,"scY":1,"y":-5.5,"pX":0,"pY":0,"skX":0,"skY":0},"duration":1,"tweenEasing":0},{"z":4,"transform":{"scX":1,"x":5.25,"scY":1.08,"y":-9.25,"pX":0,"pY":0,"skX":0,"skY":0},"duration":4,"tweenEasing":0},{"z":4,"transform":{"scX":1,"x":6,"scY":1.22,"y":-23.75,"pX":0,"pY":0,"skX":-21.49,"skY":-21.49},"duration":2,"tweenEasing":0},{"z":4,"transform":{"scX":1,"x":5.5,"scY":1.12,"y":-20.05,"pX":0,"pY":0,"skX":-22.17,"skY":-22.17},"duration":4,"tweenEasing":0},{"transform":{"scX":1,"x":5.25,"scY":1,"y":-5.5,"pX":0,"pY":0,"skX":0,"skY":0},"z":4,"duration":1}],"offset":0},{"name":"ppkknmd019","scale":1,"frame":[{"z":5,"transform":{"scX":1,"x":-1.65,"scY":1,"y":-7.6,"pX":0,"pY":0,"skX":0,"skY":0},"duration":3,"tweenEasing":0},{"z":5,"transform":{"scX":1.06,"x":-1.85,"scY":0.95,"y":-6.75,"pX":0.15,"pY":-0.05,"skX":-5.94,"skY":-5.94},"duration":1,"tweenEasing":0},{"z":5,"transform":{"scX":1,"x":-1.65,"scY":1,"y":-11.35,"pX":0,"pY":0,"skX":0,"skY":0},"duration":4,"tweenEasing":0},{"z":5,"transform":{"scX":1,"x":-1.65,"scY":1,"y":-25.6,"pX":0,"pY":0,"skX":0,"skY":0},"duration":2,"tweenEasing":0},{"z":5,"transform":{"scX":1,"x":-1.65,"scY":1,"y":-22.6,"pX":0,"pY":0,"skX":0,"skY":0},"duration":4,"tweenEasing":0},{"z":5,"transform":{"scX":1,"x":-1.65,"scY":1,"y":-7.6,"pX":0,"pY":0,"skX":0,"skY":0},"duration":3,"tweenEasing":0},{"z":5,"transform":{"scX":1.06,"x":-1.85,"scY":0.95,"y":-6.75,"pX":0.15,"pY":-0.05,"skX":-5.94,"skY":-5.94},"duration":1,"tweenEasing":0},{"z":5,"transform":{"scX":1,"x":-1.65,"scY":1,"y":-11.35,"pX":0,"pY":0,"skX":0,"skY":0},"duration":4,"tweenEasing":0},{"z":5,"transform":{"scX":1,"x":-1.65,"scY":1,"y":-25.6,"pX":0,"pY":0,"skX":0,"skY":0},"duration":2,"tweenEasing":0},{"z":5,"transform":{"scX":1,"x":-1.65,"scY":1,"y":-22.6,"pX":0,"pY":0,"skX":0,"skY":0},"duration":4,"tweenEasing":0},{"z":5,"transform":{"scX":1,"x":-1.65,"scY":1,"y":-7.6,"pX":0,"pY":0,"skX":0,"skY":0},"duration":3,"tweenEasing":0},{"z":5,"transform":{"scX":1.06,"x":-1.85,"scY":0.95,"y":-6.75,"pX":0.15,"pY":-0.05,"skX":-5.94,"skY":-5.94},"duration":1,"tweenEasing":0},{"z":5,"transform":{"scX":1,"x":-1.65,"scY":1,"y":-11.35,"pX":0,"pY":0,"skX":0,"skY":0},"duration":4,"tweenEasing":0},{"z":5,"transform":{"scX":1,"x":-1.65,"scY":1,"y":-25.6,"pX":0,"pY":0,"skX":0,"skY":0},"duration":2,"tweenEasing":0},{"z":5,"transform":{"scX":1,"x":-1.65,"scY":1,"y":-22.6,"pX":0,"pY":0,"skX":0,"skY":0},"duration":4,"tweenEasing":0},{"z":5,"transform":{"scX":1,"x":-1.65,"scY":1,"y":-7.6,"pX":0,"pY":0,"skX":0,"skY":0},"duration":3,"tweenEasing":0},{"z":5,"transform":{"scX":1.06,"x":-1.85,"scY":0.95,"y":-6.75,"pX":0.15,"pY":-0.05,"skX":-5.94,"skY":-5.94},"duration":1,"tweenEasing":0},{"z":5,"transform":{"scX":1,"x":-1.65,"scY":1,"y":-11.35,"pX":0,"pY":0,"skX":0,"skY":0},"duration":4,"tweenEasing":0},{"z":5,"transform":{"scX":1,"x":-1.65,"scY":1,"y":-25.6,"pX":0,"pY":0,"skX":0,"skY":0},"duration":2,"tweenEasing":0},{"z":5,"transform":{"scX":1,"x":-1.65,"scY":1,"y":-22.6,"pX":0,"pY":0,"skX":0,"skY":0},"duration":4,"tweenEasing":0},{"transform":{"scX":1,"x":-1.65,"scY":1,"y":-7.6,"pX":0,"pY":0,"skX":0,"skY":0},"z":5,"duration":1}],"offset":0},{"name":"ppkknmd018","scale":1,"frame":[{"z":6,"transform":{"scX":1,"x":7.85,"scY":1,"y":-23.15,"pX":0,"pY":0,"skX":0,"skY":0},"duration":3,"tweenEasing":0},{"z":6,"transform":{"scX":1.09,"x":6.15,"scY":0.96,"y":-23.7,"pX":0,"pY":0,"skX":-12.15,"skY":-12.15},"duration":1,"tweenEasing":0},{"z":6,"transform":{"scX":1,"x":7.85,"scY":1,"y":-26.9,"pX":0,"pY":0,"skX":0,"skY":0},"duration":4,"tweenEasing":0},{"z":6,"transform":{"scX":1,"x":7.85,"scY":1,"y":-41.15,"pX":0,"pY":0,"skX":0,"skY":0},"duration":2,"tweenEasing":0},{"z":6,"transform":{"scX":1,"x":7.85,"scY":1,"y":-39.15,"pX":0.05,"pY":0,"skX":-5.46,"skY":-5.46},"duration":4,"tweenEasing":0},{"z":6,"transform":{"scX":1,"x":7.85,"scY":1,"y":-23.15,"pX":0,"pY":0,"skX":0,"skY":0},"duration":3,"tweenEasing":0},{"z":6,"transform":{"scX":1.09,"x":6.15,"scY":0.96,"y":-23.7,"pX":0,"pY":0,"skX":-12.15,"skY":-12.15},"duration":1,"tweenEasing":0},{"z":6,"transform":{"scX":1,"x":7.85,"scY":1,"y":-26.9,"pX":0,"pY":0,"skX":0,"skY":0},"duration":4,"tweenEasing":0},{"z":6,"transform":{"scX":1,"x":7.85,"scY":1,"y":-41.15,"pX":0,"pY":0,"skX":0,"skY":0},"duration":2,"tweenEasing":0},{"z":6,"transform":{"scX":1,"x":7.85,"scY":1,"y":-39.15,"pX":0.05,"pY":0,"skX":-5.46,"skY":-5.46},"duration":4,"tweenEasing":0},{"z":6,"transform":{"scX":1,"x":7.85,"scY":1,"y":-23.15,"pX":0,"pY":0,"skX":0,"skY":0},"duration":3,"tweenEasing":0},{"z":6,"transform":{"scX":1.09,"x":6.15,"scY":0.96,"y":-23.7,"pX":0,"pY":0,"skX":-12.15,"skY":-12.15},"duration":1,"tweenEasing":0},{"z":6,"transform":{"scX":1,"x":7.85,"scY":1,"y":-26.9,"pX":0,"pY":0,"skX":0,"skY":0},"duration":4,"tweenEasing":0},{"z":6,"transform":{"scX":1,"x":7.85,"scY":1,"y":-41.15,"pX":0,"pY":0,"skX":0,"skY":0},"duration":2,"tweenEasing":0},{"z":6,"transform":{"scX":1,"x":7.85,"scY":1,"y":-39.15,"pX":0.05,"pY":0,"skX":-5.46,"skY":-5.46},"duration":4,"tweenEasing":0},{"z":6,"transform":{"scX":1,"x":7.85,"scY":1,"y":-23.15,"pX":0,"pY":0,"skX":0,"skY":0},"duration":3,"tweenEasing":0},{"z":6,"transform":{"scX":1.09,"x":6.15,"scY":0.96,"y":-23.7,"pX":0,"pY":0,"skX":-12.15,"skY":-12.15},"duration":1,"tweenEasing":0},{"z":6,"transform":{"scX":1,"x":7.85,"scY":1,"y":-26.9,"pX":0,"pY":0,"skX":0,"skY":0},"duration":4,"tweenEasing":0},{"z":6,"transform":{"scX":1,"x":7.85,"scY":1,"y":-41.15,"pX":0,"pY":0,"skX":0,"skY":0},"duration":2,"tweenEasing":0},{"z":6,"transform":{"scX":1,"x":7.85,"scY":1,"y":-39.15,"pX":0.05,"pY":0,"skX":-5.46,"skY":-5.46},"duration":4,"tweenEasing":0},{"transform":{"scX":1,"x":7.85,"scY":1,"y":-23.15,"pX":0,"pY":0,"skX":0,"skY":0},"z":6,"duration":1}],"offset":0},{"name":"ppkknmd017","scale":1,"frame":[{"z":7,"transform":{"scX":1,"x":9.5,"scY":1,"y":-20.95,"pX":0,"pY":0,"skX":-30.72,"skY":-30.72},"duration":3,"tweenEasing":0},{"z":7,"transform":{"scX":1,"x":8,"scY":1,"y":-21.2,"pX":0,"pY":0.1,"skX":-36.9,"skY":-36.9},"duration":1,"tweenEasing":0},{"z":7,"transform":{"scX":1,"x":9.55,"scY":1,"y":-24.65,"pX":0,"pY":0.05,"skX":-16.2,"skY":-16.2},"duration":4,"tweenEasing":0},{"z":7,"transform":{"scX":1,"x":9.5,"scY":1,"y":-38.85,"pX":-0.05,"pY":0.05,"skX":-24.39,"skY":-24.39},"duration":2,"tweenEasing":0},{"z":7,"transform":{"scX":1,"x":9.6,"scY":1,"y":-35.9,"pX":-0.05,"pY":0,"skX":-37.8,"skY":-37.8},"duration":4,"tweenEasing":0},{"z":7,"transform":{"scX":1,"x":9.5,"scY":1,"y":-20.95,"pX":0,"pY":0,"skX":-30.72,"skY":-30.72},"duration":3,"tweenEasing":0},{"z":7,"transform":{"scX":1,"x":8,"scY":1,"y":-21.2,"pX":0,"pY":0.1,"skX":-36.9,"skY":-36.9},"duration":1,"tweenEasing":0},{"z":7,"transform":{"scX":1,"x":9.55,"scY":1,"y":-24.65,"pX":0,"pY":0.05,"skX":-16.2,"skY":-16.2},"duration":4,"tweenEasing":0},{"z":7,"transform":{"scX":1,"x":9.5,"scY":1,"y":-38.85,"pX":-0.05,"pY":0.05,"skX":-24.39,"skY":-24.39},"duration":2,"tweenEasing":0},{"z":7,"transform":{"scX":1,"x":9.6,"scY":1,"y":-35.9,"pX":-0.05,"pY":0,"skX":-37.8,"skY":-37.8},"duration":4,"tweenEasing":0},{"z":7,"transform":{"scX":1,"x":9.5,"scY":1,"y":-20.95,"pX":0,"pY":0,"skX":-30.72,"skY":-30.72},"duration":3,"tweenEasing":0},{"z":7,"transform":{"scX":1,"x":8,"scY":1,"y":-21.2,"pX":0,"pY":0.1,"skX":-36.9,"skY":-36.9},"duration":1,"tweenEasing":0},{"z":7,"transform":{"scX":1,"x":9.55,"scY":1,"y":-24.65,"pX":0,"pY":0.05,"skX":-16.2,"skY":-16.2},"duration":4,"tweenEasing":0},{"z":7,"transform":{"scX":1,"x":9.5,"scY":1,"y":-38.85,"pX":-0.05,"pY":0.05,"skX":-24.39,"skY":-24.39},"duration":2,"tweenEasing":0},{"z":7,"transform":{"scX":1,"x":9.6,"scY":1,"y":-35.9,"pX":-0.05,"pY":0,"skX":-37.8,"skY":-37.8},"duration":4,"tweenEasing":0},{"z":7,"transform":{"scX":1,"x":9.5,"scY":1,"y":-20.95,"pX":0,"pY":0,"skX":-30.72,"skY":-30.72},"duration":3,"tweenEasing":0},{"z":7,"transform":{"scX":1,"x":8,"scY":1,"y":-21.2,"pX":0,"pY":0.1,"skX":-36.9,"skY":-36.9},"duration":1,"tweenEasing":0},{"z":7,"transform":{"scX":1,"x":9.55,"scY":1,"y":-24.65,"pX":0,"pY":0.05,"skX":-16.2,"skY":-16.2},"duration":4,"tweenEasing":0},{"z":7,"transform":{"scX":1,"x":9.5,"scY":1,"y":-38.85,"pX":-0.05,"pY":0.05,"skX":-24.39,"skY":-24.39},"duration":2,"tweenEasing":0},{"z":7,"transform":{"scX":1,"x":9.6,"scY":1,"y":-35.9,"pX":-0.05,"pY":0,"skX":-37.8,"skY":-37.8},"duration":4,"tweenEasing":0},{"transform":{"scX":1,"x":9.5,"scY":1,"y":-20.95,"pX":0,"pY":0,"skX":-30.72,"skY":-30.72},"z":7,"duration":1}],"offset":0},{"name":"ppkknmd016","scale":1,"frame":[{"z":8,"transform":{"scX":1,"x":-3.5,"scY":1,"y":-26,"pX":0,"pY":0,"skX":0,"skY":0},"duration":3,"tweenEasing":0},{"z":8,"transform":{"scX":1,"x":-5.5,"scY":1,"y":-23.4,"pX":0.05,"pY":-0.05,"skX":-5.94,"skY":-5.94},"duration":1,"tweenEasing":0},{"z":8,"transform":{"scX":1,"x":-3.55,"scY":1,"y":-29.65,"pX":0,"pY":-0.05,"skX":-3.99,"skY":-3.99},"duration":4,"tweenEasing":0},{"z":8,"transform":{"scX":1,"x":-3.5,"scY":1,"y":-44,"pX":0,"pY":0,"skX":0,"skY":0},"duration":2,"tweenEasing":0},{"z":8,"transform":{"scX":1,"x":-3.5,"scY":1,"y":-41,"pX":0,"pY":0,"skX":0,"skY":0},"duration":4,"tweenEasing":0},{"z":8,"transform":{"scX":1,"x":-3.5,"scY":1,"y":-26,"pX":0,"pY":0,"skX":0,"skY":0},"duration":3,"tweenEasing":0},{"z":8,"transform":{"scX":1,"x":-5.5,"scY":1,"y":-23.4,"pX":0.05,"pY":-0.05,"skX":-5.94,"skY":-5.94},"duration":1,"tweenEasing":0},{"z":8,"transform":{"scX":1,"x":-3.55,"scY":1,"y":-29.65,"pX":0,"pY":-0.05,"skX":-3.99,"skY":-3.99},"duration":4,"tweenEasing":0},{"z":8,"transform":{"scX":1,"x":-3.5,"scY":1,"y":-44,"pX":0,"pY":0,"skX":0,"skY":0},"duration":2,"tweenEasing":0},{"z":8,"transform":{"scX":1,"x":-3.5,"scY":1,"y":-41,"pX":0,"pY":0,"skX":0,"skY":0},"duration":4,"tweenEasing":0},{"z":8,"transform":{"scX":1,"x":-3.5,"scY":1,"y":-26,"pX":0,"pY":0,"skX":0,"skY":0},"duration":3,"tweenEasing":0},{"z":8,"transform":{"scX":1,"x":-5.5,"scY":1,"y":-23.4,"pX":0.05,"pY":-0.05,"skX":-5.94,"skY":-5.94},"duration":1,"tweenEasing":0},{"z":8,"transform":{"scX":1,"x":-3.55,"scY":1,"y":-29.65,"pX":0,"pY":-0.05,"skX":-3.99,"skY":-3.99},"duration":3,"tweenEasing":0},{"z":8,"transform":{"scX":1,"x":-3.5,"scY":1,"y":-40.35,"pX":0,"pY":0,"skX":-0.81,"skY":-0.81},"duration":1,"tweenEasing":0},{"z":8,"transform":{"scX":1,"x":-3.5,"scY":1,"y":-44,"pX":0,"pY":0,"skX":0,"skY":0},"duration":2,"tweenEasing":0},{"z":8,"transform":{"scX":1,"x":-3.5,"scY":1,"y":-41,"pX":0,"pY":0,"skX":0,"skY":0},"duration":4,"tweenEasing":0},{"z":8,"transform":{"scX":1,"x":-3.5,"scY":1,"y":-26,"pX":0,"pY":0,"skX":0,"skY":0},"duration":3,"tweenEasing":0},{"z":8,"transform":{"scX":1,"x":-5.5,"scY":1,"y":-23.4,"pX":0.05,"pY":-0.05,"skX":-5.94,"skY":-5.94},"duration":1,"tweenEasing":0},{"z":8,"transform":{"scX":1,"x":-3.55,"scY":1,"y":-29.65,"pX":0,"pY":-0.05,"skX":-3.99,"skY":-3.99},"duration":4,"tweenEasing":0},{"z":8,"transform":{"scX":1,"x":-3.5,"scY":1,"y":-44,"pX":0,"pY":0,"skX":0,"skY":0},"duration":2,"tweenEasing":0},{"z":8,"transform":{"scX":1,"x":-3.5,"scY":1,"y":-41,"pX":0,"pY":0,"skX":0,"skY":0},"duration":4,"tweenEasing":0},{"transform":{"scX":1,"x":-3.5,"scY":1,"y":-26,"pX":0,"pY":0,"skX":0,"skY":0},"z":8,"duration":1}],"offset":0},{"name":"图层 3","scale":1,"frame":[{"duration":31,"displayIndex":-1},{"transform":{"scX":1,"x":-11.85,"scY":1,"y":-40.5,"pX":0,"pY":0,"skX":-5.72,"skY":-5.72},"z":9,"duration":1},{"z":9,"displayIndex":1,"transform":{"scX":1,"x":-9.6,"scY":1.04,"y":-44.6,"pX":0,"pY":0,"skX":-2.98,"skY":-2.98},"duration":1},{"z":9,"displayIndex":1,"transform":{"scX":1,"x":-9.6,"scY":1.04,"y":-48.6,"pX":-0.05,"pY":0,"skX":-2.98,"skY":-2.98},"duration":1},{"transform":{"scX":1,"x":-9.1,"scY":1,"y":-54.8,"pX":0,"pY":0,"skX":-1.98,"skY":-1.98},"z":9,"duration":1},{"duration":22,"displayIndex":-1}],"offset":0},{"name":"ppkknmd015","scale":1,"frame":[{"z":10,"transform":{"scX":1,"x":2.5,"scY":1,"y":-63,"pX":0,"pY":0,"skX":3.7,"skY":3.7},"duration":3,"tweenEasing":0},{"z":10,"transform":{"scX":1,"x":-3.3,"scY":1,"y":-60.8,"pX":0,"pY":0,"skX":-6.94,"skY":-6.94},"duration":1,"tweenEasing":0},{"z":10,"transform":{"scX":1,"x":-0.15,"scY":1,"y":-66.95,"pX":0,"pY":0.05,"skX":-3.99,"skY":-3.99},"duration":4,"tweenEasing":0},{"z":10,"transform":{"scX":1,"x":2.5,"scY":1,"y":-81,"pX":0,"pY":0.05,"skX":0,"skY":0},"duration":2,"tweenEasing":0},{"z":10,"transform":{"scX":1,"x":2.5,"scY":1,"y":-78,"pX":0,"pY":0,"skX":17.86,"skY":13.76},"duration":4,"tweenEasing":0},{"z":10,"transform":{"scX":1,"x":2.5,"scY":1,"y":-63,"pX":0,"pY":0,"skX":3.7,"skY":3.7},"duration":3,"tweenEasing":0},{"z":10,"transform":{"scX":1,"x":-3.3,"scY":1,"y":-60.8,"pX":0,"pY":0,"skX":-6.94,"skY":-6.94},"duration":1,"tweenEasing":0},{"z":10,"transform":{"scX":1,"x":-0.15,"scY":1,"y":-66.95,"pX":0,"pY":0.05,"skX":-3.99,"skY":-3.99},"duration":4,"tweenEasing":0},{"z":10,"transform":{"scX":1,"x":2.5,"scY":1,"y":-81,"pX":0,"pY":0.05,"skX":0,"skY":0},"duration":2,"tweenEasing":0},{"z":10,"transform":{"scX":1,"x":2.5,"scY":1,"y":-78,"pX":0,"pY":0,"skX":17.86,"skY":13.76},"duration":4,"tweenEasing":0},{"z":10,"transform":{"scX":1,"x":2.5,"scY":1,"y":-63,"pX":0,"pY":0,"skX":3.7,"skY":3.7},"duration":3,"tweenEasing":0},{"z":10,"transform":{"scX":1,"x":-3.3,"scY":1,"y":-60.8,"pX":0,"pY":0,"skX":-6.94,"skY":-6.94},"duration":1,"tweenEasing":0},{"z":10,"transform":{"scX":1,"x":-0.15,"scY":1,"y":-66.95,"pX":0,"pY":0.05,"skX":-3.99,"skY":-3.99},"duration":4,"tweenEasing":0},{"z":10,"transform":{"scX":1,"x":2.5,"scY":1,"y":-81,"pX":0,"pY":0.05,"skX":0,"skY":0},"duration":2,"tweenEasing":0},{"z":10,"transform":{"scX":1,"x":2.5,"scY":1,"y":-78,"pX":0,"pY":0,"skX":17.86,"skY":13.76},"duration":4,"tweenEasing":0},{"z":10,"transform":{"scX":1,"x":2.5,"scY":1,"y":-63,"pX":0,"pY":0,"skX":3.7,"skY":3.7},"duration":3,"tweenEasing":0},{"z":10,"transform":{"scX":1,"x":-3.3,"scY":1,"y":-60.8,"pX":0,"pY":0,"skX":-6.94,"skY":-6.94},"duration":1,"tweenEasing":0},{"z":10,"transform":{"scX":1,"x":-0.15,"scY":1,"y":-66.95,"pX":0,"pY":0.05,"skX":-3.99,"skY":-3.99},"duration":4,"tweenEasing":0},{"z":10,"transform":{"scX":1,"x":2.5,"scY":1,"y":-81,"pX":0,"pY":0.05,"skX":0,"skY":0},"duration":2,"tweenEasing":0},{"z":10,"transform":{"scX":1,"x":2.5,"scY":1,"y":-78,"pX":0,"pY":0,"skX":17.86,"skY":13.76},"duration":4,"tweenEasing":0},{"transform":{"scX":1,"x":2.5,"scY":1,"y":-63,"pX":0,"pY":0,"skX":3.7,"skY":3.7},"z":10,"duration":1}],"offset":0}],"scale":1,"loop":0,"autoTween":0,"name":"standA","duration":57,"tweenEasing":null},{"fadeInTime":0,"timeline":[{"name":"ppkknmd010","scale":1,"frame":[{"z":11,"transform":{"scX":1,"x":8,"scY":1,"y":-7,"pX":0,"pY":0,"skX":0,"skY":0},"duration":3,"tweenEasing":0},{"transform":{"scX":1,"x":8,"scY":1,"y":-7,"pX":0,"pY":0,"skX":0,"skY":0},"z":11,"duration":1},{"z":11,"transform":{"scX":1,"x":8,"scY":1,"y":-9.25,"pX":0,"pY":0,"skX":0,"skY":0},"duration":4,"tweenEasing":0},{"z":11,"transform":{"scX":1,"x":8,"scY":1,"y":-25.5,"pX":0,"pY":-0.1,"skX":-19.95,"skY":-19.95},"duration":2,"tweenEasing":0},{"z":11,"transform":{"scX":1,"x":8,"scY":1,"y":-18.3,"pX":-0.05,"pY":-0.1,"skX":-24.3,"skY":-24.3},"duration":4,"tweenEasing":0},{"transform":{"scX":1,"x":8,"scY":1,"y":-7,"pX":0,"pY":0,"skX":0,"skY":0},"z":11,"duration":2}],"offset":0},{"name":"ppkknmd009","scale":1,"frame":[{"z":12,"transform":{"scX":1,"x":1.5,"scY":1,"y":-6.75,"pX":0,"pY":0,"skX":0,"skY":0},"duration":3,"tweenEasing":0},{"transform":{"scX":1,"x":1.5,"scY":1,"y":-6.75,"pX":0,"pY":0,"skX":0,"skY":0},"z":12,"duration":1},{"z":12,"transform":{"scX":1,"x":1.5,"scY":1,"y":-9,"pX":0,"pY":0,"skX":0,"skY":0},"duration":4,"tweenEasing":0},{"z":12,"transform":{"scX":1,"x":1.5,"scY":1,"y":-25.75,"pX":0,"pY":0,"skX":0,"skY":0},"duration":2,"tweenEasing":0},{"z":12,"transform":{"scX":1,"x":1.5,"scY":1,"y":-18.15,"pX":0,"pY":0,"skX":0,"skY":0},"duration":4,"tweenEasing":0},{"transform":{"scX":1,"x":1.5,"scY":1,"y":-6.75,"pX":0,"pY":0,"skX":0,"skY":0},"z":12,"duration":2}],"offset":0},{"name":"ppkknmd008","scale":1,"frame":[{"z":13,"transform":{"scX":1,"x":-3.5,"scY":1,"y":-6.5,"pX":0,"pY":0,"skX":0,"skY":0},"duration":3,"tweenEasing":0},{"transform":{"scX":1,"x":-3.5,"scY":1,"y":-6.5,"pX":0,"pY":0,"skX":0,"skY":0},"z":13,"duration":1},{"z":13,"transform":{"scX":1,"x":-3.5,"scY":1,"y":-8.75,"pX":0,"pY":0,"skX":0,"skY":0},"duration":4,"tweenEasing":0},{"z":13,"transform":{"scX":1,"x":-3.45,"scY":1,"y":-25.5,"pX":-0.05,"pY":0.05,"skX":3.98,"skY":3.98},"duration":2,"tweenEasing":0},{"z":13,"transform":{"scX":1,"x":-3.55,"scY":1,"y":-17.9,"pX":0,"pY":0.05,"skX":18.75,"skY":18.75},"duration":4,"tweenEasing":0},{"transform":{"scX":1,"x":-3.5,"scY":1,"y":-6.5,"pX":0,"pY":0,"skX":0,"skY":0},"z":13,"duration":2}],"offset":0},{"name":"ppkknmd007","scale":1,"frame":[{"z":14,"transform":{"scX":1,"x":11.5,"scY":1,"y":-19,"pX":0,"pY":0,"skX":-14.49,"skY":-14.49},"duration":3,"tweenEasing":0},{"transform":{"scX":1,"x":9.3,"scY":1,"y":-16.5,"pX":0,"pY":0,"skX":-6.24,"skY":-6.24},"z":14,"duration":1},{"z":14,"transform":{"scX":1,"x":10.5,"scY":1,"y":-20,"pX":0,"pY":0,"skX":0,"skY":0},"duration":4,"tweenEasing":0},{"z":14,"transform":{"scX":1,"x":10.5,"scY":1,"y":-36.75,"pX":0,"pY":0,"skX":0,"skY":0},"duration":2,"tweenEasing":0},{"z":14,"transform":{"scX":1,"x":11.05,"scY":1,"y":-29.85,"pX":0,"pY":0,"skX":-8.26,"skY":-8.26},"duration":4,"tweenEasing":0},{"transform":{"scX":1,"x":11.5,"scY":1,"y":-19,"pX":0,"pY":0,"skX":-14.49,"skY":-14.49},"z":14,"duration":2}],"offset":0},{"name":"ppkknmd006","scale":1,"frame":[{"z":15,"transform":{"scX":1,"x":1,"scY":1,"y":-17.75,"pX":0,"pY":0,"skX":0,"skY":0},"duration":3,"tweenEasing":0},{"transform":{"scX":1,"x":-0.15,"scY":0.9,"y":-15.25,"pX":0,"pY":0,"skX":-6.24,"skY":-6.24},"z":15,"duration":1},{"z":15,"transform":{"scX":1,"x":1,"scY":1,"y":-20,"pX":0,"pY":0,"skX":0,"skY":0},"duration":4,"tweenEasing":0},{"z":15,"transform":{"scX":1,"x":1,"scY":1,"y":-36.75,"pX":0,"pY":0,"skX":0,"skY":0},"duration":2,"tweenEasing":0},{"z":15,"transform":{"scX":1,"x":1,"scY":1,"y":-29.15,"pX":0,"pY":0,"skX":0,"skY":0},"duration":4,"tweenEasing":0},{"transform":{"scX":1,"x":1,"scY":1,"y":-17.75,"pX":0,"pY":0,"skX":0,"skY":0},"z":15,"duration":2}],"offset":0},{"name":"ppkknmd005","scale":1,"frame":[{"z":16,"transform":{"scX":1,"x":-7.5,"scY":1,"y":-22.75,"pX":0,"pY":0,"skX":0,"skY":0},"duration":3,"tweenEasing":0},{"transform":{"scX":1,"x":-9.35,"scY":1,"y":-19.95,"pX":0.05,"pY":-0.05,"skX":-12.96,"skY":-12.96},"z":16,"duration":1},{"z":16,"transform":{"scX":1,"x":-7.5,"scY":1,"y":-25,"pX":0,"pY":0,"skX":0,"skY":0},"duration":4,"tweenEasing":0},{"z":16,"transform":{"scX":1,"x":-7.5,"scY":1,"y":-41.75,"pX":0,"pY":0,"skX":0,"skY":0},"duration":2,"tweenEasing":0},{"z":16,"transform":{"scX":1,"x":-7.5,"scY":1,"y":-34.9,"pX":0,"pY":-0.05,"skX":-12.49,"skY":-12.49},"duration":4,"tweenEasing":0},{"transform":{"scX":1,"x":-7.5,"scY":1,"y":-22.75,"pX":0,"pY":0,"skX":0,"skY":0},"z":16,"duration":2}],"offset":0},{"name":"ppkknmd004","scale":1,"frame":[{"z":17,"transform":{"scX":1,"x":-9.25,"scY":1,"y":-22,"pX":0,"pY":0,"skX":18.24,"skY":18.24},"duration":3,"tweenEasing":0},{"transform":{"scX":1,"x":-10.8,"scY":1,"y":-18.6,"pX":0.05,"pY":0,"skX":15.46,"skY":15.46},"z":17,"duration":1},{"z":17,"transform":{"scX":1,"x":-9.25,"scY":1,"y":-24.25,"pX":-0.05,"pY":-0.1,"skX":20.45,"skY":20.45},"duration":4,"tweenEasing":0},{"z":17,"transform":{"scX":1,"x":-8.25,"scY":1,"y":-41,"pX":-0.05,"pY":-0.1,"skX":23.48,"skY":23.48},"duration":2,"tweenEasing":0},{"z":17,"transform":{"scX":1,"x":-8.8,"scY":1,"y":-33.4,"pX":-0.05,"pY":-0.05,"skX":35.56,"skY":35.56},"duration":4,"tweenEasing":0},{"transform":{"scX":1,"x":-9.25,"scY":1,"y":-22,"pX":0,"pY":0,"skX":18.24,"skY":18.24},"z":17,"duration":2}],"offset":0},{"name":"ppkknmd003","scale":1,"frame":[{"z":18,"transform":{"scX":1,"x":1.25,"scY":1,"y":-25,"pX":0,"pY":0,"skX":0,"skY":0},"duration":3,"tweenEasing":0},{"transform":{"scX":1,"x":-0.6,"scY":1,"y":-21.75,"pX":0,"pY":-0.05,"skX":-6.73,"skY":-6.73},"z":18,"duration":1},{"z":18,"transform":{"scX":1,"x":1,"scY":1,"y":-27.15,"pX":0,"pY":0,"skX":-5.03,"skY":-5.03},"duration":4,"tweenEasing":0},{"z":18,"transform":{"scX":1,"x":1.25,"scY":1,"y":-44,"pX":0,"pY":0,"skX":0,"skY":0},"duration":2,"tweenEasing":0},{"z":18,"transform":{"scX":1,"x":1.25,"scY":1,"y":-36.4,"pX":0,"pY":0,"skX":0,"skY":0},"duration":4,"tweenEasing":0},{"transform":{"scX":1,"x":1.25,"scY":1,"y":-25,"pX":0,"pY":0,"skX":0,"skY":0},"z":18,"duration":2}],"offset":0},{"name":"ppkknmd002","scale":1,"frame":[{"z":19,"transform":{"scX":1,"x":9,"scY":1,"y":-64.75,"pX":0,"pY":0,"skX":0,"skY":0},"duration":3,"tweenEasing":0},{"transform":{"scX":1,"x":2.35,"scY":1,"y":-62.15,"pX":0.15,"pY":0,"skX":3.22,"skY":3.22},"z":19,"duration":1},{"z":19,"transform":{"scX":1,"x":5.3,"scY":1,"y":-67.4,"pX":0,"pY":-0.05,"skX":15.46,"skY":15.46},"duration":4,"tweenEasing":0},{"z":19,"transform":{"scX":1,"x":9,"scY":1,"y":-83.75,"pX":0,"pY":-0.1,"skX":36.41,"skY":36.41},"duration":2,"tweenEasing":0},{"z":19,"transform":{"scX":1,"x":9.05,"scY":1,"y":-76.1,"pX":-0.05,"pY":0,"skX":22.52,"skY":22.52},"duration":4,"tweenEasing":0},{"transform":{"scX":1,"x":9,"scY":1,"y":-64.75,"pX":0,"pY":0,"skX":0,"skY":0},"z":19,"duration":2}],"offset":0},{"name":"ppkknmd001","scale":1,"frame":[{"z":20,"transform":{"scX":1,"x":7.5,"scY":1,"y":-12.25,"pX":0,"pY":0,"skX":8.19,"skY":8.19},"duration":3,"tweenEasing":0},{"transform":{"scX":1,"x":6.85,"scY":1,"y":-11.2,"pX":0,"pY":0.2,"skX":-3.02,"skY":-3.02},"z":20,"duration":1},{"z":20,"transform":{"scX":1,"x":7.55,"scY":1,"y":-14.75,"pX":0.05,"pY":0.15,"skX":11.67,"skY":11.67},"duration":4,"tweenEasing":0},{"z":20,"transform":{"scX":1,"x":7.5,"scY":1,"y":-30.75,"pX":-0.05,"pY":0.05,"skX":28.43,"skY":28.43},"duration":2,"tweenEasing":0},{"z":20,"transform":{"scX":1,"x":7.5,"scY":1,"y":-23.5,"pX":-0.2,"pY":-0.05,"skX":23.22,"skY":23.22},"duration":4,"tweenEasing":0},{"transform":{"scX":1,"x":7.5,"scY":1,"y":-12.25,"pX":0,"pY":0,"skX":8.19,"skY":8.19},"z":20,"duration":2}],"offset":0}],"scale":1,"loop":0,"autoTween":0,"name":"standB","duration":16,"tweenEasing":null}]}],"name":"game.living.Living425","frameRate":24,"version":2.3}