{"armature":[{"skin":[{"name":"default","slot":[{"name":"大萝卜lobo","z":0,"display":[{"transform":{"scX":1,"x":-1.5,"scY":1,"y":-1.45,"pX":33,"pY":17.5,"skX":0,"skY":0},"name":"Living393/ee大萝卜lobo","type":"image"}],"parent":"大萝卜lobo"},{"name":"萝卜叶子bbdg001","z":1,"display":[{"transform":{"scX":1,"x":1.85,"scY":1,"y":2.05,"pX":12,"pY":9.5,"skX":0,"skY":0},"name":"Living393/ee萝卜叶子bbdg001","type":"image"}],"parent":"萝卜叶子bbdg001"},{"name":"兔子左手ppp0001","z":2,"display":[{"transform":{"scX":1,"x":3.45,"scY":1,"y":9.5,"pX":7.5,"pY":13,"skX":0,"skY":0},"name":"Living393/ee兔子左手ppp0001","type":"image"}],"parent":"兔子左手ppp0001"},{"name":"兔子左脚lead001","z":3,"display":[{"transform":{"scX":1,"x":1,"scY":1,"y":1.1,"pX":7,"pY":5,"skX":0,"skY":0},"name":"Living393/ee兔子左脚lead001","type":"image"}],"parent":"兔子左脚lead001"},{"name":"兔子右脚lenad001","z":4,"display":[{"transform":{"scX":1,"x":2.5,"scY":1,"y":1.55,"pX":7,"pY":4.5,"skX":0,"skY":0},"name":"Living393/ee兔子右脚lenad001","type":"image"}],"parent":"兔子右脚lenad001"},{"name":"裤儿 副本 3","z":5,"display":[{"transform":{"scX":1,"x":-7.25,"scY":1,"y":-12.2,"pX":2.7,"pY":-4.4,"skX":0,"skY":0},"name":"Living393/ee裤儿 副本 3","type":"image"}],"parent":"裤儿 副本 3"},{"name":"裤儿 副本 2","z":6,"display":[{"transform":{"scX":1,"x":-0.65,"scY":1,"y":-12.2,"pX":9.25,"pY":-4.9,"skX":0,"skY":0},"name":"Living393/ee裤儿 副本 2","type":"image"}],"parent":"裤儿 副本 2"},{"name":"裤儿 副本","z":7,"display":[{"transform":{"scX":1,"x":-2.25,"scY":1,"y":-13.6,"pX":17,"pY":-4.9,"skX":0,"skY":0},"name":"Living393/ee裤儿 副本","type":"image"}],"parent":"裤儿 副本"},{"name":"衣服","z":8,"display":[{"transform":{"scX":1,"x":-4.35,"scY":1,"y":-13.8,"pX":16,"pY":16,"skX":0,"skY":0},"name":"Living393/ee衣服","type":"image"}],"parent":"衣服"},{"name":"rabit耳朵620","z":9,"display":[{"transform":{"scX":1,"x":-0.95,"scY":1,"y":-15.5,"pX":10,"pY":22,"skX":0,"skY":0},"name":"Living393/reeabit耳朵620","type":"image"}],"parent":"rabit耳朵620"},{"name":"兔子脸ggghb01","z":10,"display":[{"transform":{"scX":1,"x":-4.3,"scY":1,"y":-24.1,"pX":30,"pY":27,"skX":0,"skY":0},"name":"Living393/ee兔子脸ggghb01","type":"image"}],"parent":"兔子脸ggghb01"},{"name":"ra红红眼睛02","z":11,"display":[{"transform":{"scX":1,"x":-21.5,"scY":1,"y":-5,"pX":0,"pY":0,"skX":0,"skY":0},"name":"Living393/rgghbhe","type":"image"},{"transform":{"scX":1,"x":-23,"scY":1,"y":-7.5,"pX":0,"pY":0,"skX":0,"skY":0},"name":"Living393/egfegregr","type":"image"}],"parent":"ra红红眼睛02"},{"name":"ra耳朵002","z":12,"display":[{"transform":{"scX":1,"x":-12.4,"scY":1,"y":-17.85,"pX":17.5,"pY":20.5,"skX":0,"skY":0},"name":"Living393/eera耳朵002","type":"image"}],"parent":"ra耳朵002"},{"name":"头发haieb01","z":13,"display":[{"transform":{"scX":1,"x":0.2,"scY":1,"y":-7.8,"pX":24.5,"pY":16.5,"skX":0,"skY":0},"name":"Living393/ee头发haieb01","type":"image"}],"parent":"头发haieb01"},{"name":"兔子ra呆毛63","z":14,"display":[{"transform":{"scX":1,"x":3.25,"scY":1,"y":-5.15,"pX":6.5,"pY":7,"skX":0,"skY":0},"name":"Living393/ee兔子ra呆毛63","type":"image"}],"parent":"兔子ra呆毛63"},{"name":"rabib左手","z":15,"display":[{"transform":{"scX":1,"x":-3.75,"scY":1,"y":10.35,"pX":8,"pY":14,"skX":0,"skY":0},"name":"Living393/eeabib左手","type":"image"}],"parent":"rabib左手"},{"name":"兔子右手9956","z":16,"display":[{"transform":{"scX":1,"x":0,"scY":1,"y":0,"pX":8,"pY":13,"skX":0,"skY":0},"name":"Living393/kk兔子右手9956","type":"image"}],"parent":"兔子右手9956"},{"name":"兔子身体tt01","z":17,"display":[{"transform":{"scX":1,"x":0,"scY":1,"y":0,"pX":17.5,"pY":16,"skX":0,"skY":0},"name":"Living393/kk兔子身体tt01","type":"image"}],"parent":"兔子身体tt01"},{"name":"兔子右脚gg002","z":18,"display":[{"transform":{"scX":1,"x":-3.9,"scY":1,"y":2.35,"pX":7.5,"pY":4.5,"skX":0,"skY":0},"name":"Living393/kk兔子右脚gg002","type":"image"}],"parent":"兔子右脚gg002"},{"name":"兔子左脚gg001","z":19,"display":[{"transform":{"scX":1,"x":-2.85,"scY":1,"y":0.5,"pX":7.5,"pY":5,"skX":0,"skY":0},"name":"Living393/kk兔子左脚gg001","type":"image"}],"parent":"兔子左脚gg001"},{"name":"兔子内裤001","z":20,"display":[{"transform":{"scX":1,"x":0,"scY":1,"y":0,"pX":16,"pY":8,"skX":0,"skY":0},"name":"Living393/kk兔子内裤001","type":"image"}],"parent":"兔子内裤001"},{"name":"兔子裤子0002","z":21,"display":[{"transform":{"scX":1,"x":-8,"scY":1,"y":3.7,"pX":16.5,"pY":8.5,"skX":0,"skY":0},"name":"Living393/kk兔子裤子0002","type":"image"}],"parent":"兔子裤子0002"},{"name":"兔子裤子0001","z":22,"display":[{"transform":{"scX":1,"x":1.5,"scY":1,"y":3.7,"pX":11,"pY":8.5,"skX":0,"skY":0},"name":"Living393/kk兔子裤子0001","type":"image"}],"parent":"兔子裤子0001"},{"name":"兔子尾巴bcd01","z":23,"display":[{"transform":{"scX":1,"x":0,"scY":1,"y":0,"pX":5,"pY":5,"skX":0,"skY":0},"name":"Living393/kk兔子尾巴bcd01","type":"image"}],"parent":"兔子尾巴bcd01"},{"name":"兔子耳朵bbds001","z":24,"display":[{"transform":{"scX":1,"x":11.3,"scY":1,"y":-13.1,"pX":17.5,"pY":20.5,"skX":0,"skY":0},"name":"Living393/kk兔子耳朵bbds001","type":"image"}],"parent":"兔子耳朵bbds001"},{"name":"头发ccf001","z":25,"display":[{"transform":{"scX":1,"x":-1.6,"scY":1,"y":-4.95,"pX":9,"pY":7,"skX":0,"skY":0},"name":"Living393/kk头发ccf001","type":"image"}],"parent":"头发ccf001"},{"name":"兔子大头bb001","z":26,"display":[{"transform":{"scX":1,"x":-2.25,"scY":1,"y":-21.55,"pX":30,"pY":29.5,"skX":0,"skY":0},"name":"Living393/kk兔子大头bb001","type":"image"}],"parent":"兔子大头bb001"},{"name":"兔子耳朵bb001","z":27,"display":[{"transform":{"scX":1,"x":-0.7,"scY":1,"y":-19.85,"pX":10,"pY":22.5,"skX":0,"skY":0},"name":"Living393/kk子耳朵bb001","type":"image"}],"parent":"兔子耳朵bb001"},{"name":"兔子头发ff","z":28,"display":[{"transform":{"scX":1,"x":0,"scY":1,"y":0,"pX":16,"pY":10.5,"skX":0,"skY":0},"name":"Living393/kk兔子头发ff","type":"image"}],"parent":"兔子头发ff"},{"name":"左手pp","z":29,"display":[{"transform":{"scX":1,"x":-3.5,"scY":1,"y":10.15,"pX":8,"pY":14,"skX":0,"skY":0},"name":"Living393/kk左手pp","type":"image"}],"parent":"左手pp"},{"name":"萝卜叶子","z":30,"display":[{"transform":{"scX":1,"x":5.2,"scY":1,"y":3.8,"pX":6,"pY":8.5,"skX":0,"skY":0},"name":"Living393/kk萝卜叶子","type":"image"}],"parent":"萝卜叶子"},{"name":"大萝卜9","z":31,"display":[{"transform":{"scX":1,"x":0,"scY":1,"y":0,"pX":32.5,"pY":17.5,"skX":0,"skY":0},"name":"Living393/kk大萝卜9","type":"image"}],"parent":"大萝卜9"}]}],"name":"game.living.Living393","bone":[{"transform":{"scX":-0.76,"x":7.1,"skX":0,"scY":0.76,"y":-28,"skY":0},"name":"大萝卜lobo"},{"transform":{"scX":-0.76,"x":30.85,"skX":0,"scY":0.76,"y":-27.7,"skY":0},"name":"萝卜叶子bbdg001"},{"transform":{"scX":-0.76,"x":-6.1,"skX":0,"scY":0.76,"y":-30.7,"skY":0},"name":"兔子左手ppp0001"},{"transform":{"scX":-0.76,"x":10.55,"skX":0,"scY":0.76,"y":-3.9,"skY":0},"name":"兔子左脚lead001"},{"transform":{"scX":-0.76,"x":-3.45,"skX":0,"scY":0.76,"y":-4.6,"skY":0},"name":"兔子右脚lenad001"},{"transform":{"scX":-0.76,"x":-5.6,"skX":0,"scY":0.76,"y":-11.95,"skY":0},"name":"裤儿 副本 3"},{"transform":{"scX":-0.76,"x":8.85,"skX":0,"scY":0.76,"y":-11.95,"skY":0},"name":"裤儿 副本 2"},{"transform":{"scX":-0.76,"x":1.3,"skX":0,"scY":0.76,"y":-11.7,"skY":0},"name":"裤儿 副本"},{"transform":{"scX":-0.76,"x":-0.3,"skX":0,"scY":0.76,"y":-13.8,"skY":0},"name":"衣服"},{"transform":{"scX":-0.76,"x":-7.55,"skX":0,"scY":0.76,"y":-66.95,"skY":0},"name":"rabit耳朵620"},{"transform":{"scX":-0.76,"x":0.5,"skX":0,"scY":0.76,"y":-32.85,"skY":0},"name":"兔子脸ggghb01"},{"transform":{"scX":-0.76,"x":-1.05,"skX":0,"scY":0.76,"y":-47.25,"skY":0},"name":"ra红红眼睛02"},{"transform":{"scX":-0.76,"x":15.2,"skX":0,"scY":0.76,"y":-63.3,"skY":0},"name":"ra耳朵002"},{"transform":{"scX":-0.76,"x":0.5,"skX":0,"scY":0.76,"y":-61.1,"skY":0},"name":"头发haieb01"},{"transform":{"scX":-0.76,"x":2.05,"skX":0,"scY":0.76,"y":-72.6,"skY":0},"name":"兔子ra呆毛63"},{"transform":{"scX":-0.76,"x":10.7,"skX":0,"scY":0.76,"y":-30.55,"skY":0},"name":"rabib左手"},{"transform":{"scX":0.76,"x":13.9,"skX":0,"scY":0.76,"y":-23.15,"skY":0},"name":"兔子右手9956"},{"transform":{"scX":0.76,"x":1.4,"skX":0,"scY":0.76,"y":-23.85,"skY":0},"name":"兔子身体tt01"},{"transform":{"scX":0.76,"x":9.6,"skX":0,"scY":0.76,"y":-4.75,"skY":0},"name":"兔子右脚gg002"},{"transform":{"scX":0.76,"x":-2.55,"skX":0,"scY":0.76,"y":-3.85,"skY":0},"name":"兔子左脚gg001"},{"transform":{"scX":0.76,"x":1.75,"skX":0,"scY":0.76,"y":-11,"skY":0},"name":"兔子内裤001"},{"transform":{"scX":0.76,"x":8.25,"skX":0,"scY":0.76,"y":-13.4,"skY":0},"name":"兔子裤子0002"},{"transform":{"scX":0.76,"x":-4.7,"skX":0,"scY":0.76,"y":-13.4,"skY":0},"name":"兔子裤子0001"},{"transform":{"scX":0.76,"x":5.55,"skX":0,"scY":0.76,"y":-13.3,"skY":0},"name":"兔子尾巴bcd01"},{"transform":{"scX":0.76,"x":16.3,"skX":0,"scY":0.76,"y":-66.55,"skY":0},"name":"兔子耳朵bbds001"},{"transform":{"scX":0.76,"x":2.95,"skX":0,"scY":0.76,"y":-72.3,"skY":0},"name":"头发ccf001"},{"transform":{"scX":0.76,"x":5.8,"skX":0,"scY":0.76,"y":-36.65,"skY":0},"name":"兔子大头bb001"},{"transform":{"scX":0.76,"x":-6,"skX":0,"scY":0.76,"y":-62.95,"skY":0},"name":"兔子耳朵bb001"},{"transform":{"scX":0.76,"x":6.3,"skX":0,"scY":0.76,"y":-65.9,"skY":0},"name":"兔子头发ff"},{"transform":{"scX":0.76,"x":-6.9,"skX":0,"scY":0.76,"y":-30.05,"skY":0},"name":"左手pp"},{"transform":{"scX":0.76,"x":30.35,"skX":0,"scY":0.76,"y":-27.95,"skY":0},"name":"萝卜叶子"},{"transform":{"scX":0.76,"x":8.2,"skX":0,"scY":0.76,"y":-27.95,"skY":0},"name":"大萝卜9"}],"animation":[{"fadeInTime":0,"timeline":[{"name":"大萝卜lobo","scale":1,"frame":[{"z":0,"transform":{"scX":-0.76,"x":7.1,"scY":0.76,"y":-28,"pX":0,"pY":0,"skX":0,"skY":0},"duration":3,"tweenEasing":0},{"transform":{"scX":-0.76,"x":5.75,"scY":0.76,"y":-26.3,"pX":-0.05,"pY":-0.15,"skX":-5.22,"skY":-5.22},"z":0,"duration":2},{"z":0,"transform":{"scX":-0.76,"x":7.1,"scY":0.76,"y":-36.75,"pX":0,"pY":-0.05,"skX":0,"skY":0},"duration":4,"tweenEasing":0},{"z":0,"transform":{"scX":-0.76,"x":7.2,"scY":0.76,"y":-54.85,"pX":0,"pY":0,"skX":0.45,"skY":0.45},"duration":3,"tweenEasing":0},{"z":0,"transform":{"scX":-0.76,"x":7.1,"scY":0.76,"y":-43.3,"pX":-0.05,"pY":-0.05,"skX":0.06,"skY":0.06},"duration":3,"tweenEasing":0},{"transform":{"scX":-0.76,"x":7.1,"scY":0.76,"y":-32.2,"pX":0,"pY":-0.05,"skX":0,"skY":0},"z":0,"duration":1},{"z":0,"transform":{"scX":-0.76,"x":6.55,"scY":0.76,"y":-26.3,"pX":-0.15,"pY":-0.15,"skX":-1.98,"skY":-1.98},"duration":2,"tweenEasing":0},{"z":0,"transform":{"scX":-0.76,"x":7.1,"scY":0.76,"y":-28,"pX":0,"pY":0,"skX":0,"skY":0},"duration":3,"tweenEasing":0},{"transform":{"scX":-0.76,"x":5.75,"scY":0.76,"y":-26.3,"pX":-0.05,"pY":-0.15,"skX":-5.22,"skY":-5.22},"z":0,"duration":2},{"z":0,"transform":{"scX":-0.76,"x":7.1,"scY":0.76,"y":-36.75,"pX":0,"pY":-0.05,"skX":0,"skY":0},"duration":4,"tweenEasing":0},{"z":0,"transform":{"scX":-0.76,"x":7.2,"scY":0.76,"y":-54.85,"pX":0,"pY":0,"skX":0.45,"skY":0.45},"duration":3,"tweenEasing":0},{"z":0,"transform":{"scX":-0.76,"x":7.1,"scY":0.76,"y":-43.3,"pX":-0.05,"pY":-0.05,"skX":0.06,"skY":0.06},"duration":3,"tweenEasing":0},{"transform":{"scX":-0.76,"x":7.1,"scY":0.76,"y":-32.2,"pX":0,"pY":-0.05,"skX":0,"skY":0},"z":0,"duration":1},{"z":0,"transform":{"scX":-0.76,"x":6.55,"scY":0.76,"y":-26.3,"pX":-0.15,"pY":-0.15,"skX":-1.98,"skY":-1.98},"duration":2,"tweenEasing":0},{"z":0,"transform":{"scX":-0.76,"x":7.1,"scY":0.76,"y":-28,"pX":0,"pY":0,"skX":0,"skY":0},"duration":3,"tweenEasing":0},{"transform":{"scX":-0.76,"x":5.75,"scY":0.76,"y":-26.3,"pX":-0.05,"pY":-0.15,"skX":-5.22,"skY":-5.22},"z":0,"duration":2},{"z":0,"transform":{"scX":-0.76,"x":7.1,"scY":0.76,"y":-36.75,"pX":0,"pY":-0.05,"skX":0,"skY":0},"duration":4,"tweenEasing":0},{"z":0,"transform":{"scX":-0.76,"x":7.2,"scY":0.76,"y":-54.85,"pX":0,"pY":0,"skX":0.45,"skY":0.45},"duration":3,"tweenEasing":0},{"z":0,"transform":{"scX":-0.76,"x":7.1,"scY":0.76,"y":-43.3,"pX":-0.05,"pY":-0.05,"skX":0.06,"skY":0.06},"duration":3,"tweenEasing":0},{"transform":{"scX":-0.76,"x":7.1,"scY":0.76,"y":-32.2,"pX":0,"pY":-0.05,"skX":0,"skY":0},"z":0,"duration":1},{"z":0,"transform":{"scX":-0.76,"x":6.55,"scY":0.76,"y":-26.3,"pX":-0.15,"pY":-0.15,"skX":-1.98,"skY":-1.98},"duration":2,"tweenEasing":0},{"transform":{"scX":-0.76,"x":7.1,"scY":0.76,"y":-28,"pX":0,"pY":0,"skX":0,"skY":0},"z":0,"duration":1}],"offset":0},{"name":"萝卜叶子bbdg001","scale":1,"frame":[{"z":1,"transform":{"scX":-0.76,"x":30.85,"scY":0.76,"y":-27.7,"pX":0,"pY":0,"skX":0,"skY":0},"duration":3,"tweenEasing":0},{"transform":{"scX":-0.76,"x":29.4,"scY":0.76,"y":-28.1,"pX":0,"pY":0,"skX":-16.71,"skY":-16.71},"z":1,"duration":2},{"z":1,"transform":{"scX":-0.76,"x":30.4,"scY":0.76,"y":-36.35,"pX":-0.1,"pY":-0.1,"skX":3.94,"skY":3.94},"duration":4,"tweenEasing":0},{"z":1,"transform":{"scX":-0.76,"x":30.95,"scY":0.76,"y":-54.35,"pX":-0.1,"pY":0.1,"skX":8.68,"skY":8.68},"duration":3,"tweenEasing":0},{"z":1,"transform":{"scX":-0.76,"x":30.95,"scY":0.76,"y":-42.9,"pX":0,"pY":0,"skX":-19.2,"skY":-19.2},"duration":3,"tweenEasing":0},{"transform":{"scX":-0.76,"x":30.85,"scY":0.76,"y":-31.8,"pX":-0.05,"pY":-0.1,"skX":-7.47,"skY":-7.47},"z":1,"duration":1},{"z":1,"transform":{"scX":-0.76,"x":30.3,"scY":0.76,"y":-26.75,"pX":-0.1,"pY":0.05,"skX":-11.44,"skY":-11.44},"duration":2,"tweenEasing":0},{"z":1,"transform":{"scX":-0.76,"x":30.85,"scY":0.76,"y":-27.7,"pX":0,"pY":0,"skX":0,"skY":0},"duration":3,"tweenEasing":0},{"transform":{"scX":-0.76,"x":29.4,"scY":0.76,"y":-28.1,"pX":0,"pY":0,"skX":-16.71,"skY":-16.71},"z":1,"duration":2},{"z":1,"transform":{"scX":-0.76,"x":30.4,"scY":0.76,"y":-36.35,"pX":-0.1,"pY":-0.1,"skX":3.94,"skY":3.94},"duration":4,"tweenEasing":0},{"z":1,"transform":{"scX":-0.76,"x":30.95,"scY":0.76,"y":-54.35,"pX":-0.1,"pY":0.1,"skX":8.68,"skY":8.68},"duration":3,"tweenEasing":0},{"z":1,"transform":{"scX":-0.76,"x":30.95,"scY":0.76,"y":-42.9,"pX":0,"pY":0,"skX":-19.2,"skY":-19.2},"duration":3,"tweenEasing":0},{"transform":{"scX":-0.76,"x":30.85,"scY":0.76,"y":-31.8,"pX":-0.05,"pY":-0.1,"skX":-7.47,"skY":-7.47},"z":1,"duration":1},{"z":1,"transform":{"scX":-0.76,"x":30.3,"scY":0.76,"y":-26.75,"pX":-0.1,"pY":0.05,"skX":-11.44,"skY":-11.44},"duration":2,"tweenEasing":0},{"z":1,"transform":{"scX":-0.76,"x":30.85,"scY":0.76,"y":-27.7,"pX":0,"pY":0,"skX":0,"skY":0},"duration":3,"tweenEasing":0},{"transform":{"scX":-0.76,"x":29.4,"scY":0.76,"y":-28.1,"pX":0,"pY":0,"skX":-16.71,"skY":-16.71},"z":1,"duration":2},{"z":1,"transform":{"scX":-0.76,"x":30.4,"scY":0.76,"y":-36.35,"pX":-0.1,"pY":-0.1,"skX":3.94,"skY":3.94},"duration":4,"tweenEasing":0},{"z":1,"transform":{"scX":-0.76,"x":30.95,"scY":0.76,"y":-54.35,"pX":-0.1,"pY":0.1,"skX":8.68,"skY":8.68},"duration":3,"tweenEasing":0},{"z":1,"transform":{"scX":-0.76,"x":30.95,"scY":0.76,"y":-42.9,"pX":0,"pY":0,"skX":-19.2,"skY":-19.2},"duration":3,"tweenEasing":0},{"transform":{"scX":-0.76,"x":30.85,"scY":0.76,"y":-31.8,"pX":-0.05,"pY":-0.1,"skX":-7.47,"skY":-7.47},"z":1,"duration":1},{"z":1,"transform":{"scX":-0.76,"x":30.3,"scY":0.76,"y":-26.75,"pX":-0.1,"pY":0.05,"skX":-11.44,"skY":-11.44},"duration":2,"tweenEasing":0},{"transform":{"scX":-0.76,"x":30.85,"scY":0.76,"y":-27.7,"pX":0,"pY":0,"skX":0,"skY":0},"z":1,"duration":1}],"offset":0},{"name":"兔子左手ppp0001","scale":1,"frame":[{"z":2,"transform":{"scX":-0.76,"x":-6.1,"scY":0.76,"y":-30.7,"pX":0,"pY":0,"skX":0,"skY":0},"duration":3,"tweenEasing":0},{"transform":{"scX":-0.76,"x":-8,"scY":0.76,"y":-26.65,"pX":0.05,"pY":-0.1,"skX":22.49,"skY":22.49},"z":2,"duration":2},{"z":2,"transform":{"scX":-0.76,"x":-6.1,"scY":0.76,"y":-39.45,"pX":0.1,"pY":0.1,"skX":16.98,"skY":16.98},"duration":4,"tweenEasing":0},{"z":2,"transform":{"scX":-0.76,"x":-5.95,"scY":0.76,"y":-58.85,"pX":-0.05,"pY":0.05,"skX":21.85,"skY":21.85},"duration":3,"tweenEasing":0},{"z":2,"transform":{"scX":-0.76,"x":-6.05,"scY":0.76,"y":-45.45,"pX":0.15,"pY":0,"skX":39.98,"skY":39.98},"duration":3,"tweenEasing":0},{"transform":{"scX":-0.76,"x":-6.1,"scY":0.76,"y":-32.25,"pX":0.05,"pY":0.1,"skX":26.69,"skY":26.69},"z":2,"duration":1},{"z":2,"transform":{"scX":-0.76,"x":-6.65,"scY":0.76,"y":-28.15,"pX":0.15,"pY":0.05,"skX":20.17,"skY":20.17},"duration":2,"tweenEasing":0},{"z":2,"transform":{"scX":-0.76,"x":-6.1,"scY":0.76,"y":-30.7,"pX":0,"pY":0,"skX":0,"skY":0},"duration":3,"tweenEasing":0},{"transform":{"scX":-0.76,"x":-8,"scY":0.76,"y":-26.65,"pX":0.05,"pY":-0.1,"skX":22.49,"skY":22.49},"z":2,"duration":2},{"z":2,"transform":{"scX":-0.76,"x":-6.1,"scY":0.76,"y":-39.45,"pX":0.1,"pY":0.1,"skX":16.98,"skY":16.98},"duration":4,"tweenEasing":0},{"z":2,"transform":{"scX":-0.76,"x":-5.95,"scY":0.76,"y":-58.85,"pX":-0.05,"pY":0.05,"skX":21.85,"skY":21.85},"duration":3,"tweenEasing":0},{"z":2,"transform":{"scX":-0.76,"x":-6.05,"scY":0.76,"y":-45.45,"pX":0.15,"pY":0,"skX":39.98,"skY":39.98},"duration":3,"tweenEasing":0},{"transform":{"scX":-0.76,"x":-6.1,"scY":0.76,"y":-32.25,"pX":0.05,"pY":0.1,"skX":26.69,"skY":26.69},"z":2,"duration":1},{"z":2,"transform":{"scX":-0.76,"x":-6.65,"scY":0.76,"y":-28.15,"pX":0.15,"pY":0.05,"skX":20.17,"skY":20.17},"duration":2,"tweenEasing":0},{"z":2,"transform":{"scX":-0.76,"x":-6.1,"scY":0.76,"y":-30.7,"pX":0,"pY":0,"skX":0,"skY":0},"duration":3,"tweenEasing":0},{"transform":{"scX":-0.76,"x":-8,"scY":0.76,"y":-26.65,"pX":0.05,"pY":-0.1,"skX":22.49,"skY":22.49},"z":2,"duration":2},{"z":2,"transform":{"scX":-0.76,"x":-6.1,"scY":0.76,"y":-39.45,"pX":0.1,"pY":0.1,"skX":16.98,"skY":16.98},"duration":4,"tweenEasing":0},{"z":2,"transform":{"scX":-0.76,"x":-5.95,"scY":0.76,"y":-58.85,"pX":-0.05,"pY":0.05,"skX":21.85,"skY":21.85},"duration":3,"tweenEasing":0},{"z":2,"transform":{"scX":-0.76,"x":-6.05,"scY":0.76,"y":-45.45,"pX":0.15,"pY":0,"skX":39.98,"skY":39.98},"duration":3,"tweenEasing":0},{"transform":{"scX":-0.76,"x":-6.1,"scY":0.76,"y":-32.25,"pX":0.05,"pY":0.1,"skX":26.69,"skY":26.69},"z":2,"duration":1},{"z":2,"transform":{"scX":-0.76,"x":-6.65,"scY":0.76,"y":-28.15,"pX":0.15,"pY":0.05,"skX":20.17,"skY":20.17},"duration":2,"tweenEasing":0},{"transform":{"scX":-0.76,"x":-6.1,"scY":0.76,"y":-30.7,"pX":0,"pY":0,"skX":0,"skY":0},"z":2,"duration":1}],"offset":0},{"name":"兔子左脚lead001","scale":1,"frame":[{"z":3,"transform":{"scX":-0.76,"x":10.55,"scY":0.76,"y":-3.9,"pX":0,"pY":0,"skX":0,"skY":0},"duration":3,"tweenEasing":0},{"transform":{"scX":-0.76,"x":10.55,"scY":0.76,"y":-3.9,"pX":0,"pY":0,"skX":0,"skY":0},"z":3,"duration":2},{"z":3,"transform":{"scX":-0.76,"x":10.6,"scY":0.76,"y":-10.65,"pX":0.05,"pY":0.05,"skX":-45.16,"skY":-45.16},"duration":4,"tweenEasing":0},{"z":3,"transform":{"scX":-0.76,"x":10.5,"scY":0.76,"y":-29.55,"pX":-0.1,"pY":0.15,"skX":-49.22,"skY":-49.22},"duration":6,"tweenEasing":0},{"transform":{"scX":-0.76,"x":10.55,"scY":0.76,"y":-5.5,"pX":0,"pY":0.15,"skX":-19.95,"skY":-19.95},"z":3,"duration":1},{"z":3,"transform":{"scX":-0.76,"x":10.55,"scY":0.76,"y":-3.9,"pX":0,"pY":0,"skX":0,"skY":0},"duration":2,"tweenEasing":0},{"z":3,"transform":{"scX":-0.76,"x":10.55,"scY":0.76,"y":-3.9,"pX":0,"pY":0,"skX":0,"skY":0},"duration":3,"tweenEasing":0},{"transform":{"scX":-0.76,"x":10.55,"scY":0.76,"y":-3.9,"pX":0,"pY":0,"skX":0,"skY":0},"z":3,"duration":2},{"z":3,"transform":{"scX":-0.76,"x":10.6,"scY":0.76,"y":-10.65,"pX":0.05,"pY":0.05,"skX":-45.16,"skY":-45.16},"duration":4,"tweenEasing":0},{"z":3,"transform":{"scX":-0.76,"x":10.5,"scY":0.76,"y":-29.55,"pX":-0.1,"pY":0.15,"skX":-49.22,"skY":-49.22},"duration":6,"tweenEasing":0},{"transform":{"scX":-0.76,"x":10.55,"scY":0.76,"y":-5.5,"pX":0,"pY":0.15,"skX":-19.95,"skY":-19.95},"z":3,"duration":1},{"z":3,"transform":{"scX":-0.76,"x":10.55,"scY":0.76,"y":-3.9,"pX":0,"pY":0,"skX":0,"skY":0},"duration":2,"tweenEasing":0},{"z":3,"transform":{"scX":-0.76,"x":10.55,"scY":0.76,"y":-3.9,"pX":0,"pY":0,"skX":0,"skY":0},"duration":3,"tweenEasing":0},{"transform":{"scX":-0.76,"x":10.55,"scY":0.76,"y":-3.9,"pX":0,"pY":0,"skX":0,"skY":0},"z":3,"duration":2},{"z":3,"transform":{"scX":-0.76,"x":10.6,"scY":0.76,"y":-10.65,"pX":0.05,"pY":0.05,"skX":-45.16,"skY":-45.16},"duration":4,"tweenEasing":0},{"z":3,"transform":{"scX":-0.76,"x":10.5,"scY":0.76,"y":-29.55,"pX":-0.1,"pY":0.15,"skX":-49.22,"skY":-49.22},"duration":6,"tweenEasing":0},{"transform":{"scX":-0.76,"x":10.55,"scY":0.76,"y":-5.5,"pX":0,"pY":0.15,"skX":-19.95,"skY":-19.95},"z":3,"duration":1},{"z":3,"transform":{"scX":-0.76,"x":10.55,"scY":0.76,"y":-3.9,"pX":0,"pY":0,"skX":0,"skY":0},"duration":2,"tweenEasing":0},{"transform":{"scX":-0.76,"x":10.55,"scY":0.76,"y":-3.9,"pX":0,"pY":0,"skX":0,"skY":0},"z":3,"duration":1}],"offset":0},{"name":"兔子右脚lenad001","scale":1,"frame":[{"z":4,"transform":{"scX":-0.76,"x":-3.45,"scY":0.76,"y":-4.6,"pX":0,"pY":0,"skX":0,"skY":0},"duration":3,"tweenEasing":0},{"transform":{"scX":-0.76,"x":-3.45,"scY":0.76,"y":-4.6,"pX":0,"pY":0,"skX":0,"skY":0},"z":4,"duration":2},{"z":4,"transform":{"scX":-0.76,"x":-3.4,"scY":0.76,"y":-11.6,"pX":0.1,"pY":-0.1,"skX":-44.43,"skY":-44.43},"duration":4,"tweenEasing":0},{"z":4,"transform":{"scX":-0.76,"x":-3.45,"scY":0.76,"y":-30.5,"pX":-0.05,"pY":-0.2,"skX":-48.46,"skY":-48.46},"duration":6,"tweenEasing":0},{"transform":{"scX":-0.76,"x":-3.45,"scY":0.76,"y":-5.7,"pX":0,"pY":0,"skX":-35.73,"skY":-35.73},"z":4,"duration":1},{"z":4,"transform":{"scX":-0.76,"x":-3.45,"scY":0.76,"y":-4.6,"pX":0,"pY":0,"skX":0,"skY":0},"duration":2,"tweenEasing":0},{"z":4,"transform":{"scX":-0.76,"x":-3.45,"scY":0.76,"y":-4.6,"pX":0,"pY":0,"skX":0,"skY":0},"duration":3,"tweenEasing":0},{"transform":{"scX":-0.76,"x":-3.45,"scY":0.76,"y":-4.6,"pX":0,"pY":0,"skX":0,"skY":0},"z":4,"duration":2},{"z":4,"transform":{"scX":-0.76,"x":-3.4,"scY":0.76,"y":-11.6,"pX":0.1,"pY":-0.1,"skX":-44.43,"skY":-44.43},"duration":4,"tweenEasing":0},{"z":4,"transform":{"scX":-0.76,"x":-3.45,"scY":0.76,"y":-30.5,"pX":-0.05,"pY":-0.2,"skX":-48.46,"skY":-48.46},"duration":6,"tweenEasing":0},{"transform":{"scX":-0.76,"x":-3.45,"scY":0.76,"y":-5.7,"pX":0,"pY":0,"skX":-35.73,"skY":-35.73},"z":4,"duration":1},{"z":4,"transform":{"scX":-0.76,"x":-3.45,"scY":0.76,"y":-4.6,"pX":0,"pY":0,"skX":0,"skY":0},"duration":2,"tweenEasing":0},{"z":4,"transform":{"scX":-0.76,"x":-3.45,"scY":0.76,"y":-4.6,"pX":0,"pY":0,"skX":0,"skY":0},"duration":3,"tweenEasing":0},{"transform":{"scX":-0.76,"x":-3.45,"scY":0.76,"y":-4.6,"pX":0,"pY":0,"skX":0,"skY":0},"z":4,"duration":2},{"z":4,"transform":{"scX":-0.76,"x":-3.4,"scY":0.76,"y":-11.6,"pX":0.1,"pY":-0.1,"skX":-44.43,"skY":-44.43},"duration":4,"tweenEasing":0},{"z":4,"transform":{"scX":-0.76,"x":-3.45,"scY":0.76,"y":-30.5,"pX":-0.05,"pY":-0.2,"skX":-48.46,"skY":-48.46},"duration":6,"tweenEasing":0},{"transform":{"scX":-0.76,"x":-3.45,"scY":0.76,"y":-5.7,"pX":0,"pY":0,"skX":-35.73,"skY":-35.73},"z":4,"duration":1},{"z":4,"transform":{"scX":-0.76,"x":-3.45,"scY":0.76,"y":-4.6,"pX":0,"pY":0,"skX":0,"skY":0},"duration":2,"tweenEasing":0},{"transform":{"scX":-0.76,"x":-3.45,"scY":0.76,"y":-4.6,"pX":0,"pY":0,"skX":0,"skY":0},"z":4,"duration":1}],"offset":0},{"name":"裤儿 副本 3","scale":1,"frame":[{"z":5,"transform":{"scX":-0.76,"x":-5.6,"scY":0.76,"y":-11.95,"pX":0,"pY":0,"skX":0,"skY":0},"duration":3,"tweenEasing":0},{"transform":{"scX":-0.76,"x":-5.6,"scY":0.67,"y":-10.8,"pX":0,"pY":-0.1,"skX":0,"skY":0},"z":5,"duration":2},{"z":5,"transform":{"scX":-0.76,"x":-5.6,"scY":0.84,"y":-20.55,"pX":0,"pY":-0.1,"skX":0,"skY":0},"duration":4,"tweenEasing":0},{"z":5,"transform":{"scX":-0.76,"x":-5.6,"scY":0.86,"y":-39.9,"pX":0,"pY":-0.2,"skX":0,"skY":0},"duration":6,"tweenEasing":0},{"transform":{"scX":-0.76,"x":-5.6,"scY":0.76,"y":-13.45,"pX":0,"pY":-0.05,"skX":0,"skY":0},"z":5,"duration":1},{"z":5,"transform":{"scX":-0.76,"x":-5.6,"scY":0.72,"y":-11.3,"pX":0,"pY":-0.15,"skX":0,"skY":0},"duration":2,"tweenEasing":0},{"z":5,"transform":{"scX":-0.76,"x":-5.6,"scY":0.76,"y":-11.95,"pX":0,"pY":0,"skX":0,"skY":0},"duration":3,"tweenEasing":0},{"transform":{"scX":-0.76,"x":-5.6,"scY":0.67,"y":-10.8,"pX":0,"pY":-0.1,"skX":0,"skY":0},"z":5,"duration":2},{"z":5,"transform":{"scX":-0.76,"x":-5.6,"scY":0.84,"y":-20.55,"pX":0,"pY":-0.1,"skX":0,"skY":0},"duration":4,"tweenEasing":0},{"z":5,"transform":{"scX":-0.76,"x":-5.6,"scY":0.86,"y":-39.9,"pX":0,"pY":-0.2,"skX":0,"skY":0},"duration":6,"tweenEasing":0},{"transform":{"scX":-0.76,"x":-5.6,"scY":0.76,"y":-13.45,"pX":0,"pY":-0.05,"skX":0,"skY":0},"z":5,"duration":1},{"z":5,"transform":{"scX":-0.76,"x":-5.6,"scY":0.72,"y":-11.3,"pX":0,"pY":-0.15,"skX":0,"skY":0},"duration":2,"tweenEasing":0},{"z":5,"transform":{"scX":-0.76,"x":-5.6,"scY":0.76,"y":-11.95,"pX":0,"pY":0,"skX":0,"skY":0},"duration":3,"tweenEasing":0},{"transform":{"scX":-0.76,"x":-5.6,"scY":0.67,"y":-10.8,"pX":0,"pY":-0.1,"skX":0,"skY":0},"z":5,"duration":2},{"z":5,"transform":{"scX":-0.76,"x":-5.6,"scY":0.84,"y":-20.55,"pX":0,"pY":-0.1,"skX":0,"skY":0},"duration":4,"tweenEasing":0},{"z":5,"transform":{"scX":-0.76,"x":-5.6,"scY":0.86,"y":-39.9,"pX":0,"pY":-0.2,"skX":0,"skY":0},"duration":6,"tweenEasing":0},{"transform":{"scX":-0.76,"x":-5.6,"scY":0.76,"y":-13.45,"pX":0,"pY":-0.05,"skX":0,"skY":0},"z":5,"duration":1},{"z":5,"transform":{"scX":-0.76,"x":-5.6,"scY":0.72,"y":-11.3,"pX":0,"pY":-0.15,"skX":0,"skY":0},"duration":2,"tweenEasing":0},{"transform":{"scX":-0.76,"x":-5.6,"scY":0.76,"y":-11.95,"pX":0,"pY":0,"skX":0,"skY":0},"z":5,"duration":1}],"offset":0},{"name":"裤儿 副本 2","scale":1,"frame":[{"z":6,"transform":{"scX":-0.76,"x":8.85,"scY":0.76,"y":-11.95,"pX":0,"pY":0,"skX":0,"skY":0},"duration":3,"tweenEasing":0},{"transform":{"scX":-0.76,"x":8.85,"scY":0.67,"y":-10.8,"pX":0,"pY":-0.1,"skX":0,"skY":0},"z":6,"duration":2},{"z":6,"transform":{"scX":-0.76,"x":8.85,"scY":0.81,"y":-20.55,"pX":0,"pY":-0.15,"skX":0,"skY":0},"duration":4,"tweenEasing":0},{"z":6,"transform":{"scX":-0.76,"x":8.85,"scY":0.82,"y":-39.9,"pX":0,"pY":-0.05,"skX":0,"skY":0},"duration":6,"tweenEasing":0},{"transform":{"scX":-0.76,"x":8.85,"scY":0.76,"y":-13.45,"pX":0,"pY":-0.05,"skX":0,"skY":0},"z":6,"duration":1},{"z":6,"transform":{"scX":-0.76,"x":8.85,"scY":0.74,"y":-11.55,"pX":0,"pY":0,"skX":0,"skY":0},"duration":2,"tweenEasing":0},{"z":6,"transform":{"scX":-0.76,"x":8.85,"scY":0.76,"y":-11.95,"pX":0,"pY":0,"skX":0,"skY":0},"duration":3,"tweenEasing":0},{"transform":{"scX":-0.76,"x":8.85,"scY":0.67,"y":-10.8,"pX":0,"pY":-0.1,"skX":0,"skY":0},"z":6,"duration":2},{"z":6,"transform":{"scX":-0.76,"x":8.85,"scY":0.81,"y":-20.55,"pX":0,"pY":-0.15,"skX":0,"skY":0},"duration":4,"tweenEasing":0},{"z":6,"transform":{"scX":-0.76,"x":8.85,"scY":0.82,"y":-39.9,"pX":0,"pY":-0.05,"skX":0,"skY":0},"duration":6,"tweenEasing":0},{"transform":{"scX":-0.76,"x":8.85,"scY":0.76,"y":-13.45,"pX":0,"pY":-0.05,"skX":0,"skY":0},"z":6,"duration":1},{"z":6,"transform":{"scX":-0.76,"x":8.85,"scY":0.74,"y":-11.55,"pX":0,"pY":0,"skX":0,"skY":0},"duration":2,"tweenEasing":0},{"z":6,"transform":{"scX":-0.76,"x":8.85,"scY":0.76,"y":-11.95,"pX":0,"pY":0,"skX":0,"skY":0},"duration":3,"tweenEasing":0},{"transform":{"scX":-0.76,"x":8.85,"scY":0.67,"y":-10.8,"pX":0,"pY":-0.1,"skX":0,"skY":0},"z":6,"duration":2},{"z":6,"transform":{"scX":-0.76,"x":8.85,"scY":0.81,"y":-20.55,"pX":0,"pY":-0.15,"skX":0,"skY":0},"duration":4,"tweenEasing":0},{"z":6,"transform":{"scX":-0.76,"x":8.85,"scY":0.82,"y":-39.9,"pX":0,"pY":-0.05,"skX":0,"skY":0},"duration":6,"tweenEasing":0},{"transform":{"scX":-0.76,"x":8.85,"scY":0.76,"y":-13.45,"pX":0,"pY":-0.05,"skX":0,"skY":0},"z":6,"duration":1},{"z":6,"transform":{"scX":-0.76,"x":8.85,"scY":0.74,"y":-11.55,"pX":0,"pY":0,"skX":0,"skY":0},"duration":2,"tweenEasing":0},{"transform":{"scX":-0.76,"x":8.85,"scY":0.76,"y":-11.95,"pX":0,"pY":0,"skX":0,"skY":0},"z":6,"duration":1}],"offset":0},{"name":"裤儿 副本","scale":1,"frame":[{"z":7,"transform":{"scX":-0.76,"x":1.3,"scY":0.76,"y":-11.7,"pX":0,"pY":0,"skX":0,"skY":0},"duration":3,"tweenEasing":0},{"transform":{"scX":-0.76,"x":1.3,"scY":0.76,"y":-10.55,"pX":0,"pY":0,"skX":0,"skY":0},"z":7,"duration":2},{"z":7,"transform":{"scX":-0.76,"x":1.3,"scY":0.76,"y":-20.4,"pX":0,"pY":0.05,"skX":0,"skY":0},"duration":4,"tweenEasing":0},{"z":7,"transform":{"scX":-0.76,"x":1.3,"scY":0.76,"y":-39.75,"pX":0,"pY":0.1,"skX":0,"skY":0},"duration":6,"tweenEasing":0},{"transform":{"scX":-0.76,"x":1.3,"scY":0.76,"y":-13.2,"pX":0,"pY":0,"skX":0,"skY":0},"z":7,"duration":1},{"z":7,"transform":{"scX":-0.76,"x":1.3,"scY":0.76,"y":-11.3,"pX":0,"pY":0,"skX":0,"skY":0},"duration":2,"tweenEasing":0},{"z":7,"transform":{"scX":-0.76,"x":1.3,"scY":0.76,"y":-11.7,"pX":0,"pY":0,"skX":0,"skY":0},"duration":3,"tweenEasing":0},{"transform":{"scX":-0.76,"x":1.3,"scY":0.76,"y":-10.55,"pX":0,"pY":0,"skX":0,"skY":0},"z":7,"duration":2},{"z":7,"transform":{"scX":-0.76,"x":1.3,"scY":0.76,"y":-20.4,"pX":0,"pY":0.05,"skX":0,"skY":0},"duration":4,"tweenEasing":0},{"z":7,"transform":{"scX":-0.76,"x":1.3,"scY":0.76,"y":-39.75,"pX":0,"pY":0.1,"skX":0,"skY":0},"duration":6,"tweenEasing":0},{"transform":{"scX":-0.76,"x":1.3,"scY":0.76,"y":-13.2,"pX":0,"pY":0,"skX":0,"skY":0},"z":7,"duration":1},{"z":7,"transform":{"scX":-0.76,"x":1.3,"scY":0.76,"y":-11.3,"pX":0,"pY":0,"skX":0,"skY":0},"duration":2,"tweenEasing":0},{"z":7,"transform":{"scX":-0.76,"x":1.3,"scY":0.76,"y":-11.7,"pX":0,"pY":0,"skX":0,"skY":0},"duration":3,"tweenEasing":0},{"transform":{"scX":-0.76,"x":1.3,"scY":0.76,"y":-10.55,"pX":0,"pY":0,"skX":0,"skY":0},"z":7,"duration":2},{"z":7,"transform":{"scX":-0.76,"x":1.3,"scY":0.76,"y":-20.4,"pX":0,"pY":0.05,"skX":0,"skY":0},"duration":4,"tweenEasing":0},{"z":7,"transform":{"scX":-0.76,"x":1.3,"scY":0.76,"y":-39.75,"pX":0,"pY":0.1,"skX":0,"skY":0},"duration":6,"tweenEasing":0},{"transform":{"scX":-0.76,"x":1.3,"scY":0.76,"y":-13.2,"pX":0,"pY":0,"skX":0,"skY":0},"z":7,"duration":1},{"z":7,"transform":{"scX":-0.76,"x":1.3,"scY":0.76,"y":-11.3,"pX":0,"pY":0,"skX":0,"skY":0},"duration":2,"tweenEasing":0},{"transform":{"scX":-0.76,"x":1.3,"scY":0.76,"y":-11.7,"pX":0,"pY":0,"skX":0,"skY":0},"z":7,"duration":1}],"offset":0},{"name":"衣服","scale":1,"frame":[{"z":8,"transform":{"scX":-0.76,"x":-0.3,"scY":0.76,"y":-13.8,"pX":0,"pY":0,"skX":0,"skY":0},"duration":3,"tweenEasing":0},{"transform":{"scX":-0.76,"x":-0.35,"scY":0.76,"y":-11.4,"pX":0.1,"pY":-0.1,"skX":-5.22,"skY":-5.22},"z":8,"duration":2},{"z":8,"transform":{"scX":-0.76,"x":-0.3,"scY":0.76,"y":-22.4,"pX":0,"pY":-0.05,"skX":0,"skY":0},"duration":4,"tweenEasing":0},{"z":8,"transform":{"scX":-0.76,"x":-0.3,"scY":0.76,"y":-41.75,"pX":0,"pY":-0.05,"skX":0.45,"skY":0.45},"duration":6,"tweenEasing":0},{"transform":{"scX":-0.76,"x":-0.3,"scY":0.76,"y":-15.3,"pX":0,"pY":-0.1,"skX":0,"skY":0},"z":8,"duration":1},{"z":8,"transform":{"scX":-0.79,"x":-0.3,"scY":0.73,"y":-11.85,"pX":0.1,"pY":0.05,"skX":-1.98,"skY":-1.98},"duration":2,"tweenEasing":0},{"z":8,"transform":{"scX":-0.76,"x":-0.3,"scY":0.76,"y":-13.8,"pX":0,"pY":0,"skX":0,"skY":0},"duration":3,"tweenEasing":0},{"transform":{"scX":-0.76,"x":-0.35,"scY":0.76,"y":-11.4,"pX":0.1,"pY":-0.1,"skX":-5.22,"skY":-5.22},"z":8,"duration":2},{"z":8,"transform":{"scX":-0.76,"x":-0.3,"scY":0.76,"y":-22.4,"pX":0,"pY":-0.05,"skX":0,"skY":0},"duration":4,"tweenEasing":0},{"z":8,"transform":{"scX":-0.76,"x":-0.3,"scY":0.76,"y":-41.75,"pX":0,"pY":-0.05,"skX":0.45,"skY":0.45},"duration":6,"tweenEasing":0},{"transform":{"scX":-0.76,"x":-0.3,"scY":0.76,"y":-15.3,"pX":0,"pY":-0.1,"skX":0,"skY":0},"z":8,"duration":1},{"z":8,"transform":{"scX":-0.79,"x":-0.3,"scY":0.73,"y":-11.85,"pX":0.1,"pY":0.05,"skX":-1.98,"skY":-1.98},"duration":2,"tweenEasing":0},{"z":8,"transform":{"scX":-0.76,"x":-0.3,"scY":0.76,"y":-13.8,"pX":0,"pY":0,"skX":0,"skY":0},"duration":3,"tweenEasing":0},{"transform":{"scX":-0.76,"x":-0.35,"scY":0.76,"y":-11.4,"pX":0.1,"pY":-0.1,"skX":-5.22,"skY":-5.22},"z":8,"duration":2},{"z":8,"transform":{"scX":-0.76,"x":-0.3,"scY":0.76,"y":-22.4,"pX":0,"pY":-0.05,"skX":0,"skY":0},"duration":4,"tweenEasing":0},{"z":8,"transform":{"scX":-0.76,"x":-0.3,"scY":0.76,"y":-41.75,"pX":0,"pY":-0.05,"skX":0.45,"skY":0.45},"duration":6,"tweenEasing":0},{"transform":{"scX":-0.76,"x":-0.3,"scY":0.76,"y":-15.3,"pX":0,"pY":-0.1,"skX":0,"skY":0},"z":8,"duration":1},{"z":8,"transform":{"scX":-0.79,"x":-0.3,"scY":0.73,"y":-11.85,"pX":0.1,"pY":0.05,"skX":-1.98,"skY":-1.98},"duration":2,"tweenEasing":0},{"transform":{"scX":-0.76,"x":-0.3,"scY":0.76,"y":-13.8,"pX":0,"pY":0,"skX":0,"skY":0},"z":8,"duration":1}],"offset":0},{"name":"rabit耳朵620","scale":1,"frame":[{"z":9,"transform":{"scX":-0.76,"x":-7.55,"scY":0.76,"y":-66.95,"pX":0,"pY":0,"skX":0,"skY":0},"duration":3,"tweenEasing":0},{"transform":{"scX":-0.76,"x":-12.85,"scY":0.76,"y":-62.7,"pX":0.25,"pY":0.1,"skX":2.75,"skY":2.75},"z":9,"duration":2},{"z":9,"transform":{"scX":-0.76,"x":-7.55,"scY":0.76,"y":-75.7,"pX":0.2,"pY":-0.1,"skX":15.02,"skY":15.02},"duration":4,"tweenEasing":0},{"z":9,"transform":{"scX":-0.76,"x":-6.5,"scY":0.74,"y":-95.15,"pX":0,"pY":-0.1,"skX":28.06,"skY":28.06},"duration":3,"tweenEasing":0},{"z":9,"transform":{"scX":-0.76,"x":-6.95,"scY":0.77,"y":-81.85,"pX":0.05,"pY":-0.05,"skX":8.5,"skY":8.49},"duration":3,"tweenEasing":0},{"transform":{"scX":-0.76,"x":-7.55,"scY":0.76,"y":-68.45,"pX":0,"pY":-0.15,"skX":0,"skY":0},"z":9,"duration":1},{"z":9,"transform":{"scX":-0.76,"x":-7.55,"scY":0.76,"y":-64.5,"pX":0.1,"pY":0.05,"skX":-0.8,"skY":-0.8},"duration":2,"tweenEasing":0},{"z":9,"transform":{"scX":-0.76,"x":-7.55,"scY":0.76,"y":-66.95,"pX":0,"pY":0,"skX":0,"skY":0},"duration":3,"tweenEasing":0},{"transform":{"scX":-0.76,"x":-12.85,"scY":0.76,"y":-62.7,"pX":0.25,"pY":0.1,"skX":2.75,"skY":2.75},"z":9,"duration":2},{"z":9,"transform":{"scX":-0.76,"x":-7.55,"scY":0.76,"y":-75.7,"pX":0.2,"pY":-0.1,"skX":15.02,"skY":15.02},"duration":4,"tweenEasing":0},{"z":9,"transform":{"scX":-0.76,"x":-6.5,"scY":0.74,"y":-95.15,"pX":0,"pY":-0.1,"skX":28.06,"skY":28.06},"duration":3,"tweenEasing":0},{"z":9,"transform":{"scX":-0.76,"x":-6.95,"scY":0.77,"y":-81.85,"pX":0.05,"pY":-0.05,"skX":8.5,"skY":8.49},"duration":3,"tweenEasing":0},{"transform":{"scX":-0.76,"x":-7.55,"scY":0.76,"y":-68.45,"pX":0,"pY":-0.15,"skX":0,"skY":0},"z":9,"duration":1},{"z":9,"transform":{"scX":-0.76,"x":-7.55,"scY":0.76,"y":-64.5,"pX":0.1,"pY":0.05,"skX":-0.8,"skY":-0.8},"duration":2,"tweenEasing":0},{"z":9,"transform":{"scX":-0.76,"x":-7.55,"scY":0.76,"y":-66.95,"pX":0,"pY":0,"skX":0,"skY":0},"duration":3,"tweenEasing":0},{"transform":{"scX":-0.76,"x":-12.85,"scY":0.76,"y":-62.7,"pX":0.25,"pY":0.1,"skX":2.75,"skY":2.75},"z":9,"duration":2},{"z":9,"transform":{"scX":-0.76,"x":-7.55,"scY":0.76,"y":-75.7,"pX":0.2,"pY":-0.1,"skX":15.02,"skY":15.02},"duration":4,"tweenEasing":0},{"z":9,"transform":{"scX":-0.76,"x":-6.5,"scY":0.74,"y":-95.15,"pX":0,"pY":-0.1,"skX":28.06,"skY":28.06},"duration":3,"tweenEasing":0},{"z":9,"transform":{"scX":-0.76,"x":-6.95,"scY":0.77,"y":-81.85,"pX":0.05,"pY":-0.05,"skX":8.5,"skY":8.49},"duration":3,"tweenEasing":0},{"transform":{"scX":-0.76,"x":-7.55,"scY":0.76,"y":-68.45,"pX":0,"pY":-0.15,"skX":0,"skY":0},"z":9,"duration":1},{"z":9,"transform":{"scX":-0.76,"x":-7.55,"scY":0.76,"y":-64.5,"pX":0.1,"pY":0.05,"skX":-0.8,"skY":-0.8},"duration":2,"tweenEasing":0},{"transform":{"scX":-0.76,"x":-7.55,"scY":0.76,"y":-66.95,"pX":0,"pY":0,"skX":0,"skY":0},"z":9,"duration":1}],"offset":0},{"name":"兔子脸ggghb01","scale":1,"frame":[{"z":10,"transform":{"scX":-0.76,"x":0.5,"scY":0.76,"y":-32.85,"pX":0,"pY":0,"skX":0,"skY":0},"duration":3,"tweenEasing":0},{"transform":{"scX":-0.76,"x":-1.95,"scY":0.76,"y":-29.45,"pX":-0.05,"pY":0.05,"skX":-5.22,"skY":-5.22},"z":10,"duration":2},{"z":10,"transform":{"scX":-0.76,"x":0.5,"scY":0.76,"y":-41.6,"pX":0,"pY":0,"skX":0,"skY":0},"duration":1,"tweenEasing":0},{"z":10,"transform":{"scX":-0.76,"x":0.5,"scY":0.76,"y":-46.35,"pX":0.05,"pY":-0.05,"skX":0.27,"skY":0.27},"duration":3,"tweenEasing":0},{"z":10,"transform":{"scX":-0.76,"x":0.65,"scY":0.76,"y":-60.9,"pX":0,"pY":0.15,"skX":1.4,"skY":1.4},"duration":6,"tweenEasing":0},{"transform":{"scX":-0.76,"x":0.5,"scY":0.76,"y":-34.4,"pX":0,"pY":0,"skX":0,"skY":0},"z":10,"duration":1},{"z":10,"transform":{"scX":-0.76,"x":-0.2,"scY":0.76,"y":-30.3,"pX":0,"pY":0.15,"skX":1.01,"skY":1.01},"duration":2,"tweenEasing":0},{"z":10,"transform":{"scX":-0.76,"x":0.5,"scY":0.76,"y":-32.85,"pX":0,"pY":0,"skX":0,"skY":0},"duration":3,"tweenEasing":0},{"transform":{"scX":-0.76,"x":-1.95,"scY":0.76,"y":-29.45,"pX":-0.05,"pY":0.05,"skX":-5.22,"skY":-5.22},"z":10,"duration":2},{"z":10,"transform":{"scX":-0.76,"x":0.5,"scY":0.76,"y":-41.6,"pX":0,"pY":0,"skX":0,"skY":0},"duration":4,"tweenEasing":0},{"z":10,"transform":{"scX":-0.76,"x":0.65,"scY":0.76,"y":-60.9,"pX":0,"pY":0.15,"skX":1.4,"skY":1.4},"duration":6,"tweenEasing":0},{"transform":{"scX":-0.76,"x":0.5,"scY":0.76,"y":-34.4,"pX":0,"pY":0,"skX":0,"skY":0},"z":10,"duration":1},{"z":10,"transform":{"scX":-0.76,"x":-0.2,"scY":0.76,"y":-30.3,"pX":0,"pY":0.15,"skX":1.01,"skY":1.01},"duration":2,"tweenEasing":0},{"z":10,"transform":{"scX":-0.76,"x":0.5,"scY":0.76,"y":-32.85,"pX":0,"pY":0,"skX":0,"skY":0},"duration":3,"tweenEasing":0},{"transform":{"scX":-0.76,"x":-1.95,"scY":0.76,"y":-29.45,"pX":-0.05,"pY":0.05,"skX":-5.22,"skY":-5.22},"z":10,"duration":2},{"z":10,"transform":{"scX":-0.76,"x":0.5,"scY":0.76,"y":-41.6,"pX":0,"pY":0,"skX":0,"skY":0},"duration":4,"tweenEasing":0},{"z":10,"transform":{"scX":-0.76,"x":0.65,"scY":0.76,"y":-60.9,"pX":0,"pY":0.15,"skX":1.4,"skY":1.4},"duration":6,"tweenEasing":0},{"transform":{"scX":-0.76,"x":0.5,"scY":0.76,"y":-34.4,"pX":0,"pY":0,"skX":0,"skY":0},"z":10,"duration":1},{"z":10,"transform":{"scX":-0.76,"x":-0.2,"scY":0.76,"y":-30.3,"pX":0,"pY":0.15,"skX":1.01,"skY":1.01},"duration":2,"tweenEasing":0},{"transform":{"scX":-0.76,"x":0.5,"scY":0.76,"y":-32.85,"pX":0,"pY":0,"skX":0,"skY":0},"z":10,"duration":1}],"offset":0},{"name":"ra红红眼睛02","scale":1,"frame":[{"duration":17,"displayIndex":-1},{"transform":{"scX":-0.76,"x":-1.05,"scY":0.76,"y":-47.25,"pX":0,"pY":0,"skX":0,"skY":0},"z":11,"duration":1},{"z":11,"displayIndex":1,"transform":{"scX":-0.76,"x":-0.7,"scY":0.76,"y":-46.75,"pX":0,"pY":0,"skX":0,"skY":0},"duration":1},{"z":11,"displayIndex":1,"transform":{"scX":-0.76,"x":-2.35,"scY":0.76,"y":-45.85,"pX":0,"pY":0,"skX":0,"skY":0},"duration":1},{"transform":{"scX":-0.76,"x":-3.45,"scY":0.76,"y":-46.65,"pX":0,"pY":0,"skX":-4.46,"skY":-4.46},"z":11,"duration":1},{"duration":34,"displayIndex":-1}],"offset":0},{"name":"ra耳朵002","scale":1,"frame":[{"z":12,"transform":{"scX":-0.76,"x":15.2,"scY":0.76,"y":-63.3,"pX":0,"pY":0,"skX":0,"skY":0},"duration":3,"tweenEasing":0},{"transform":{"scX":-0.76,"x":10.1,"scY":0.76,"y":-61.1,"pX":0.15,"pY":0,"skX":-1,"skY":-1},"z":12,"duration":2},{"z":12,"transform":{"scX":-0.76,"x":15.2,"scY":0.76,"y":-72.05,"pX":0.05,"pY":0,"skX":3.96,"skY":3.96},"duration":4,"tweenEasing":0},{"z":12,"transform":{"scX":-0.76,"x":16.15,"scY":0.74,"y":-91,"pX":0.15,"pY":-0.05,"skX":17.29,"skY":17.29},"duration":3,"tweenEasing":0},{"z":12,"transform":{"scX":-0.76,"x":15.55,"scY":0.79,"y":-77.9,"pX":-0.1,"pY":0,"skX":2.77,"skY":2.77},"duration":3,"tweenEasing":0},{"transform":{"scX":-0.76,"x":15.2,"scY":0.76,"y":-64.85,"pX":0,"pY":-0.05,"skX":0,"skY":0},"z":12,"duration":1},{"z":12,"transform":{"scX":-0.76,"x":15.15,"scY":0.76,"y":-60.45,"pX":0.15,"pY":-0.05,"skX":-2.26,"skY":-2.26},"duration":2,"tweenEasing":0},{"z":12,"transform":{"scX":-0.76,"x":15.2,"scY":0.76,"y":-63.3,"pX":0,"pY":0,"skX":0,"skY":0},"duration":3,"tweenEasing":0},{"transform":{"scX":-0.76,"x":10.1,"scY":0.76,"y":-61.1,"pX":0.15,"pY":0,"skX":-1,"skY":-1},"z":12,"duration":2},{"z":12,"transform":{"scX":-0.76,"x":15.2,"scY":0.76,"y":-72.05,"pX":0.05,"pY":0,"skX":3.96,"skY":3.96},"duration":4,"tweenEasing":0},{"z":12,"transform":{"scX":-0.76,"x":16.15,"scY":0.74,"y":-91,"pX":0.15,"pY":-0.05,"skX":17.29,"skY":17.29},"duration":3,"tweenEasing":0},{"z":12,"transform":{"scX":-0.76,"x":15.55,"scY":0.79,"y":-77.9,"pX":-0.1,"pY":0,"skX":2.77,"skY":2.77},"duration":3,"tweenEasing":0},{"transform":{"scX":-0.76,"x":15.2,"scY":0.76,"y":-64.85,"pX":0,"pY":-0.05,"skX":0,"skY":0},"z":12,"duration":1},{"z":12,"transform":{"scX":-0.76,"x":15.15,"scY":0.76,"y":-60.45,"pX":0.15,"pY":-0.05,"skX":-2.26,"skY":-2.26},"duration":2,"tweenEasing":0},{"z":12,"transform":{"scX":-0.76,"x":15.2,"scY":0.76,"y":-63.3,"pX":0,"pY":0,"skX":0,"skY":0},"duration":3,"tweenEasing":0},{"transform":{"scX":-0.76,"x":10.1,"scY":0.76,"y":-61.1,"pX":0.15,"pY":0,"skX":-1,"skY":-1},"z":12,"duration":2},{"z":12,"transform":{"scX":-0.76,"x":15.2,"scY":0.76,"y":-72.05,"pX":0.05,"pY":0,"skX":3.96,"skY":3.96},"duration":4,"tweenEasing":0},{"z":12,"transform":{"scX":-0.76,"x":16.15,"scY":0.74,"y":-91,"pX":0.15,"pY":-0.05,"skX":17.29,"skY":17.29},"duration":3,"tweenEasing":0},{"z":12,"transform":{"scX":-0.76,"x":15.55,"scY":0.79,"y":-77.9,"pX":-0.1,"pY":0,"skX":2.77,"skY":2.77},"duration":3,"tweenEasing":0},{"transform":{"scX":-0.76,"x":15.2,"scY":0.76,"y":-64.85,"pX":0,"pY":-0.05,"skX":0,"skY":0},"z":12,"duration":1},{"z":12,"transform":{"scX":-0.76,"x":15.15,"scY":0.76,"y":-60.45,"pX":0.15,"pY":-0.05,"skX":-2.26,"skY":-2.26},"duration":2,"tweenEasing":0},{"transform":{"scX":-0.76,"x":15.2,"scY":0.76,"y":-63.3,"pX":0,"pY":0,"skX":0,"skY":0},"z":12,"duration":1}],"offset":0},{"name":"头发haieb01","scale":1,"frame":[{"z":13,"transform":{"scX":-0.76,"x":0.5,"scY":0.76,"y":-61.1,"pX":0,"pY":0,"skX":0,"skY":0},"duration":3,"tweenEasing":0},{"transform":{"scX":-0.76,"x":-4.4,"scY":0.71,"y":-57.9,"pX":0.05,"pY":0.05,"skX":-5.22,"skY":-5.22},"z":13,"duration":2},{"z":13,"transform":{"scX":-0.76,"x":0.5,"scY":0.76,"y":-69.8,"pX":0,"pY":-0.05,"skX":0,"skY":0},"duration":4,"tweenEasing":0},{"z":13,"transform":{"scX":-0.76,"x":1.4,"scY":0.76,"y":-89.1,"pX":0.05,"pY":-0.1,"skX":1.4,"skY":1.4},"duration":3,"tweenEasing":0},{"z":13,"transform":{"scX":-0.76,"x":0.95,"scY":0.67,"y":-76.6,"pX":0.15,"pY":0.05,"skX":0.55,"skY":0.55},"duration":3,"tweenEasing":0},{"transform":{"scX":-0.76,"x":0.5,"scY":0.76,"y":-62.65,"pX":0,"pY":0.05,"skX":0,"skY":0},"z":13,"duration":1},{"z":13,"transform":{"scX":-0.76,"x":0.4,"scY":0.76,"y":-58.45,"pX":0.1,"pY":-0.05,"skX":1.01,"skY":1.01},"duration":2,"tweenEasing":0},{"z":13,"transform":{"scX":-0.76,"x":0.5,"scY":0.76,"y":-61.1,"pX":0,"pY":0,"skX":0,"skY":0},"duration":3,"tweenEasing":0},{"transform":{"scX":-0.76,"x":-4.4,"scY":0.71,"y":-57.9,"pX":0.05,"pY":0.05,"skX":-5.22,"skY":-5.22},"z":13,"duration":2},{"z":13,"transform":{"scX":-0.76,"x":0.5,"scY":0.76,"y":-69.8,"pX":0,"pY":-0.05,"skX":0,"skY":0},"duration":4,"tweenEasing":0},{"z":13,"transform":{"scX":-0.76,"x":1.4,"scY":0.76,"y":-89.1,"pX":0.05,"pY":-0.1,"skX":1.4,"skY":1.4},"duration":3,"tweenEasing":0},{"z":13,"transform":{"scX":-0.76,"x":0.95,"scY":0.67,"y":-76.6,"pX":0.15,"pY":0.05,"skX":0.55,"skY":0.55},"duration":3,"tweenEasing":0},{"transform":{"scX":-0.76,"x":0.5,"scY":0.76,"y":-62.65,"pX":0,"pY":0.05,"skX":0,"skY":0},"z":13,"duration":1},{"z":13,"transform":{"scX":-0.76,"x":0.4,"scY":0.76,"y":-58.45,"pX":0.1,"pY":-0.05,"skX":1.01,"skY":1.01},"duration":2,"tweenEasing":0},{"z":13,"transform":{"scX":-0.76,"x":0.5,"scY":0.76,"y":-61.1,"pX":0,"pY":0,"skX":0,"skY":0},"duration":3,"tweenEasing":0},{"transform":{"scX":-0.76,"x":-4.4,"scY":0.71,"y":-57.9,"pX":0.05,"pY":0.05,"skX":-5.22,"skY":-5.22},"z":13,"duration":2},{"z":13,"transform":{"scX":-0.76,"x":0.5,"scY":0.76,"y":-69.8,"pX":0,"pY":-0.05,"skX":0,"skY":0},"duration":4,"tweenEasing":0},{"z":13,"transform":{"scX":-0.76,"x":1.4,"scY":0.76,"y":-89.1,"pX":0.05,"pY":-0.1,"skX":1.4,"skY":1.4},"duration":3,"tweenEasing":0},{"z":13,"transform":{"scX":-0.76,"x":0.95,"scY":0.67,"y":-76.6,"pX":0.15,"pY":0.05,"skX":0.55,"skY":0.55},"duration":3,"tweenEasing":0},{"transform":{"scX":-0.76,"x":0.5,"scY":0.76,"y":-62.65,"pX":0,"pY":0.05,"skX":0,"skY":0},"z":13,"duration":1},{"z":13,"transform":{"scX":-0.76,"x":0.4,"scY":0.76,"y":-58.45,"pX":0.1,"pY":-0.05,"skX":1.01,"skY":1.01},"duration":2,"tweenEasing":0},{"transform":{"scX":-0.76,"x":0.5,"scY":0.76,"y":-61.1,"pX":0,"pY":0,"skX":0,"skY":0},"z":13,"duration":1}],"offset":0},{"name":"兔子ra呆毛63","scale":1,"frame":[{"z":14,"transform":{"scX":-0.76,"x":2.05,"scY":0.76,"y":-72.6,"pX":0,"pY":0,"skX":0,"skY":0},"duration":3,"tweenEasing":0},{"transform":{"scX":-0.78,"x":-3.95,"scY":0.76,"y":-69.2,"pX":-0.05,"pY":0.05,"skX":17.49,"skY":30.15},"z":14,"duration":2},{"z":14,"transform":{"scX":-0.76,"x":2.05,"scY":0.76,"y":-81.4,"pX":0,"pY":0.2,"skX":0,"skY":0},"duration":4,"tweenEasing":0},{"z":14,"transform":{"scX":-0.76,"x":3.2,"scY":0.76,"y":-100.65,"pX":0.15,"pY":0.2,"skX":-12.58,"skY":-12.58},"duration":3,"tweenEasing":0},{"z":14,"transform":{"scX":-0.76,"x":2.7,"scY":0.76,"y":-87.4,"pX":0.05,"pY":0.15,"skX":1.68,"skY":1.68},"duration":3,"tweenEasing":0},{"transform":{"scX":-0.76,"x":2.05,"scY":0.76,"y":-74.15,"pX":0,"pY":0.05,"skX":0,"skY":0},"z":14,"duration":1},{"z":14,"transform":{"scX":-0.76,"x":2.1,"scY":0.76,"y":-69.95,"pX":0,"pY":0.05,"skX":1.01,"skY":1.01},"duration":2,"tweenEasing":0},{"z":14,"transform":{"scX":-0.76,"x":2.05,"scY":0.76,"y":-72.6,"pX":0,"pY":0,"skX":0,"skY":0},"duration":3,"tweenEasing":0},{"transform":{"scX":-0.78,"x":-3.95,"scY":0.76,"y":-69.2,"pX":-0.05,"pY":0.05,"skX":17.49,"skY":30.15},"z":14,"duration":2},{"z":14,"transform":{"scX":-0.76,"x":2.05,"scY":0.76,"y":-81.4,"pX":0,"pY":0.2,"skX":0,"skY":0},"duration":4,"tweenEasing":0},{"z":14,"transform":{"scX":-0.76,"x":3.2,"scY":0.76,"y":-100.65,"pX":0.15,"pY":0.2,"skX":-12.58,"skY":-12.58},"duration":3,"tweenEasing":0},{"z":14,"transform":{"scX":-0.76,"x":2.7,"scY":0.76,"y":-87.4,"pX":0.05,"pY":0.15,"skX":1.68,"skY":1.68},"duration":3,"tweenEasing":0},{"transform":{"scX":-0.76,"x":2.05,"scY":0.76,"y":-74.15,"pX":0,"pY":0.05,"skX":0,"skY":0},"z":14,"duration":1},{"z":14,"transform":{"scX":-0.76,"x":2.1,"scY":0.76,"y":-69.95,"pX":0,"pY":0.05,"skX":1.01,"skY":1.01},"duration":2,"tweenEasing":0},{"z":14,"transform":{"scX":-0.76,"x":2.05,"scY":0.76,"y":-72.6,"pX":0,"pY":0,"skX":0,"skY":0},"duration":3,"tweenEasing":0},{"transform":{"scX":-0.78,"x":-3.95,"scY":0.76,"y":-69.2,"pX":-0.05,"pY":0.05,"skX":17.49,"skY":30.15},"z":14,"duration":2},{"z":14,"transform":{"scX":-0.76,"x":2.05,"scY":0.76,"y":-81.4,"pX":0,"pY":0.2,"skX":0,"skY":0},"duration":4,"tweenEasing":0},{"z":14,"transform":{"scX":-0.76,"x":3.2,"scY":0.76,"y":-100.65,"pX":0.15,"pY":0.2,"skX":-12.58,"skY":-12.58},"duration":3,"tweenEasing":0},{"z":14,"transform":{"scX":-0.76,"x":2.7,"scY":0.76,"y":-87.4,"pX":0.05,"pY":0.15,"skX":1.68,"skY":1.68},"duration":3,"tweenEasing":0},{"transform":{"scX":-0.76,"x":2.05,"scY":0.76,"y":-74.15,"pX":0,"pY":0.05,"skX":0,"skY":0},"z":14,"duration":1},{"z":14,"transform":{"scX":-0.76,"x":2.1,"scY":0.76,"y":-69.95,"pX":0,"pY":0.05,"skX":1.01,"skY":1.01},"duration":2,"tweenEasing":0},{"transform":{"scX":-0.76,"x":2.05,"scY":0.76,"y":-72.6,"pX":0,"pY":0,"skX":0,"skY":0},"z":14,"duration":1}],"offset":0},{"name":"rabib左手","scale":1,"frame":[{"z":15,"transform":{"scX":-0.76,"x":10.7,"scY":0.76,"y":-30.55,"pX":0,"pY":0,"skX":0,"skY":0},"duration":3,"tweenEasing":0},{"transform":{"scX":-0.76,"x":9.45,"scY":0.76,"y":-28.3,"pX":0.05,"pY":0,"skX":-30.22,"skY":-30.22},"z":15,"duration":2},{"z":15,"transform":{"scX":-0.76,"x":10.7,"scY":0.76,"y":-39.2,"pX":-0.05,"pY":-0.1,"skX":-16.97,"skY":-16.97},"duration":4,"tweenEasing":0},{"z":15,"transform":{"scX":-0.76,"x":10.9,"scY":0.76,"y":-58.5,"pX":0.05,"pY":0.05,"skX":-27.53,"skY":-27.53},"duration":3,"tweenEasing":0},{"z":15,"transform":{"scX":-0.76,"x":10.7,"scY":0.76,"y":-45.35,"pX":0.05,"pY":0.15,"skX":-46.31,"skY":-46.31},"duration":3,"tweenEasing":0},{"transform":{"scX":-0.76,"x":10.7,"scY":0.76,"y":-32.1,"pX":-0.1,"pY":0,"skX":-36.23,"skY":-36.23},"z":15,"duration":1},{"z":15,"transform":{"scX":-0.76,"x":10.1,"scY":0.76,"y":-28.25,"pX":0,"pY":0.05,"skX":-29.89,"skY":-29.89},"duration":2,"tweenEasing":0},{"z":15,"transform":{"scX":-0.76,"x":10.7,"scY":0.76,"y":-30.55,"pX":0,"pY":0,"skX":0,"skY":0},"duration":3,"tweenEasing":0},{"transform":{"scX":-0.76,"x":9.45,"scY":0.76,"y":-28.3,"pX":0.05,"pY":0,"skX":-30.22,"skY":-30.22},"z":15,"duration":2},{"z":15,"transform":{"scX":-0.76,"x":10.7,"scY":0.76,"y":-39.2,"pX":-0.05,"pY":-0.1,"skX":-16.97,"skY":-16.97},"duration":4,"tweenEasing":0},{"z":15,"transform":{"scX":-0.76,"x":10.9,"scY":0.76,"y":-58.5,"pX":0.05,"pY":0.05,"skX":-27.53,"skY":-27.53},"duration":3,"tweenEasing":0},{"z":15,"transform":{"scX":-0.76,"x":10.7,"scY":0.76,"y":-45.35,"pX":0.05,"pY":0.15,"skX":-46.31,"skY":-46.31},"duration":3,"tweenEasing":0},{"transform":{"scX":-0.76,"x":10.7,"scY":0.76,"y":-32.1,"pX":-0.1,"pY":0,"skX":-36.23,"skY":-36.23},"z":15,"duration":1},{"z":15,"transform":{"scX":-0.76,"x":10.1,"scY":0.76,"y":-28.25,"pX":0,"pY":0.05,"skX":-29.89,"skY":-29.89},"duration":2,"tweenEasing":0},{"z":15,"transform":{"scX":-0.76,"x":10.7,"scY":0.76,"y":-30.55,"pX":0,"pY":0,"skX":0,"skY":0},"duration":3,"tweenEasing":0},{"transform":{"scX":-0.76,"x":9.45,"scY":0.76,"y":-28.3,"pX":0.05,"pY":0,"skX":-30.22,"skY":-30.22},"z":15,"duration":2},{"z":15,"transform":{"scX":-0.76,"x":10.7,"scY":0.76,"y":-39.2,"pX":-0.05,"pY":-0.1,"skX":-16.97,"skY":-16.97},"duration":4,"tweenEasing":0},{"z":15,"transform":{"scX":-0.76,"x":10.9,"scY":0.76,"y":-58.5,"pX":0.05,"pY":0.05,"skX":-27.53,"skY":-27.53},"duration":3,"tweenEasing":0},{"z":15,"transform":{"scX":-0.76,"x":10.7,"scY":0.76,"y":-45.35,"pX":0.05,"pY":0.15,"skX":-46.31,"skY":-46.31},"duration":3,"tweenEasing":0},{"transform":{"scX":-0.76,"x":10.7,"scY":0.76,"y":-32.1,"pX":-0.1,"pY":0,"skX":-36.23,"skY":-36.23},"z":15,"duration":1},{"z":15,"transform":{"scX":-0.76,"x":10.1,"scY":0.76,"y":-28.25,"pX":0,"pY":0.05,"skX":-29.89,"skY":-29.89},"duration":2,"tweenEasing":0},{"transform":{"scX":-0.76,"x":10.7,"scY":0.76,"y":-30.55,"pX":0,"pY":0,"skX":0,"skY":0},"z":15,"duration":1}],"offset":0}],"scale":1,"loop":0,"autoTween":0,"name":"standA","duration":55,"tweenEasing":null},{"fadeInTime":0,"timeline":[{"name":"兔子右手9956","scale":1,"frame":[{"z":16,"transform":{"scX":0.76,"x":13.9,"scY":0.76,"y":-23.15,"pX":0,"pY":0,"skX":0,"skY":0},"duration":3,"tweenEasing":0},{"transform":{"scX":0.76,"x":13.25,"scY":0.76,"y":-23.7,"pX":0,"pY":0,"skX":-22.4,"skY":-22.4},"z":16,"duration":2},{"z":16,"transform":{"scX":0.76,"x":13.9,"scY":0.76,"y":-34.1,"pX":0,"pY":0,"skX":0,"skY":0},"duration":4,"tweenEasing":0},{"z":16,"transform":{"scX":0.76,"x":14.3,"scY":0.76,"y":-48.8,"pX":0,"pY":0,"skX":2.72,"skY":2.72},"duration":6,"tweenEasing":0},{"transform":{"scX":0.76,"x":13.9,"scY":0.76,"y":-26.6,"pX":0,"pY":0,"skX":0,"skY":0},"z":16,"duration":1},{"z":16,"transform":{"scX":0.76,"x":13.55,"scY":0.76,"y":-22.6,"pX":0,"pY":0,"skX":-3.47,"skY":-3.47},"duration":2,"tweenEasing":0},{"transform":{"scX":0.76,"x":13.9,"scY":0.76,"y":-23.15,"pX":0,"pY":0,"skX":0,"skY":0},"z":16,"duration":1}],"offset":0},{"name":"兔子身体tt01","scale":1,"frame":[{"z":17,"transform":{"scX":0.76,"x":1.4,"scY":0.76,"y":-23.85,"pX":0,"pY":0,"skX":0,"skY":0},"duration":3,"tweenEasing":0},{"transform":{"scX":0.76,"x":-0.3,"scY":0.76,"y":-22.5,"pX":0,"pY":0,"skX":-5.7,"skY":-5.7},"z":17,"duration":2},{"z":17,"transform":{"scX":0.76,"x":1.4,"scY":0.76,"y":-34.85,"pX":0,"pY":0,"skX":0,"skY":0},"duration":4,"tweenEasing":0},{"z":17,"transform":{"scX":0.76,"x":1.8,"scY":0.76,"y":-50.15,"pX":0,"pY":0,"skX":2.72,"skY":2.72},"duration":6,"tweenEasing":0},{"transform":{"scX":0.76,"x":1.4,"scY":0.76,"y":-27.25,"pX":0,"pY":0,"skX":0,"skY":0},"z":17,"duration":1},{"z":17,"transform":{"scX":0.76,"x":0.95,"scY":0.76,"y":-22.6,"pX":0,"pY":0,"skX":-3.47,"skY":-3.47},"duration":2,"tweenEasing":0},{"transform":{"scX":0.76,"x":1.4,"scY":0.76,"y":-23.85,"pX":0,"pY":0,"skX":0,"skY":0},"z":17,"duration":1}],"offset":0},{"name":"兔子右脚gg002","scale":1,"frame":[{"z":18,"transform":{"scX":0.76,"x":9.6,"scY":0.76,"y":-4.75,"pX":0,"pY":0,"skX":0,"skY":0},"duration":3,"tweenEasing":0},{"transform":{"scX":0.76,"x":9.6,"scY":0.76,"y":-4.75,"pX":0,"pY":0,"skX":0,"skY":0},"z":18,"duration":2},{"z":18,"transform":{"scX":0.76,"x":9.6,"scY":0.76,"y":-15.35,"pX":0.05,"pY":-0.25,"skX":-44.49,"skY":-44.49},"duration":4,"tweenEasing":0},{"z":18,"transform":{"scX":0.76,"x":9.6,"scY":0.76,"y":-30.55,"pX":-0.05,"pY":-0.15,"skX":-44.49,"skY":-44.49},"duration":6,"tweenEasing":0},{"transform":{"scX":0.76,"x":9.6,"scY":0.76,"y":-7.45,"pX":0.05,"pY":-0.1,"skX":-39.95,"skY":-39.95},"z":18,"duration":1},{"z":18,"transform":{"scX":0.76,"x":9.6,"scY":0.76,"y":-4.75,"pX":0,"pY":0,"skX":0,"skY":0},"duration":2,"tweenEasing":0},{"transform":{"scX":0.76,"x":9.6,"scY":0.76,"y":-4.75,"pX":0,"pY":0,"skX":0,"skY":0},"z":18,"duration":1}],"offset":0},{"name":"兔子左脚gg001","scale":1,"frame":[{"z":19,"transform":{"scX":0.76,"x":-2.55,"scY":0.76,"y":-3.85,"pX":0,"pY":0,"skX":0,"skY":0},"duration":3,"tweenEasing":0},{"transform":{"scX":0.76,"x":-2.55,"scY":0.76,"y":-3.85,"pX":0,"pY":0,"skX":0,"skY":0},"z":19,"duration":2},{"z":19,"transform":{"scX":0.76,"x":-2.55,"scY":0.76,"y":-14.4,"pX":0,"pY":-0.05,"skX":-39.23,"skY":-39.23},"duration":4,"tweenEasing":0},{"z":19,"transform":{"scX":0.76,"x":-2.55,"scY":0.76,"y":-29.55,"pX":-0.05,"pY":0,"skX":-39.23,"skY":-39.23},"duration":6,"tweenEasing":0},{"transform":{"scX":0.76,"x":-2.55,"scY":0.76,"y":-6.45,"pX":0.15,"pY":0.05,"skX":-34.23,"skY":-34.23},"z":19,"duration":1},{"z":19,"transform":{"scX":0.76,"x":-2.55,"scY":0.76,"y":-3.85,"pX":0,"pY":0,"skX":0,"skY":0},"duration":2,"tweenEasing":0},{"transform":{"scX":0.76,"x":-2.55,"scY":0.76,"y":-3.85,"pX":0,"pY":0,"skX":0,"skY":0},"z":19,"duration":1}],"offset":0},{"name":"兔子内裤001","scale":1,"frame":[{"z":20,"transform":{"scX":0.76,"x":1.75,"scY":0.76,"y":-11,"pX":0,"pY":0,"skX":0,"skY":0},"duration":3,"tweenEasing":0},{"transform":{"scX":0.76,"x":1.05,"scY":0.76,"y":-11,"pX":0,"pY":0,"skX":0,"skY":0},"z":20,"duration":2},{"z":20,"transform":{"scX":0.76,"x":1.75,"scY":0.76,"y":-21.95,"pX":0,"pY":0,"skX":0,"skY":0},"duration":4,"tweenEasing":0},{"z":20,"transform":{"scX":0.76,"x":1.75,"scY":0.76,"y":-37.15,"pX":0,"pY":0,"skX":0,"skY":0},"duration":6,"tweenEasing":0},{"transform":{"scX":0.76,"x":1.75,"scY":0.76,"y":-13.7,"pX":0,"pY":0,"skX":0,"skY":0},"z":20,"duration":1},{"z":20,"transform":{"scX":0.76,"x":1.75,"scY":0.76,"y":-9.9,"pX":0,"pY":0,"skX":0,"skY":0},"duration":2,"tweenEasing":0},{"transform":{"scX":0.76,"x":1.75,"scY":0.76,"y":-11,"pX":0,"pY":0,"skX":0,"skY":0},"z":20,"duration":1}],"offset":0},{"name":"兔子裤子0002","scale":1,"frame":[{"z":21,"transform":{"scX":0.76,"x":8.25,"scY":0.76,"y":-13.4,"pX":0,"pY":0,"skX":0,"skY":0},"duration":3,"tweenEasing":0},{"transform":{"scX":0.76,"x":7.5,"scY":0.7,"y":-12.3,"pX":-0.05,"pY":0.05,"skX":0,"skY":0},"z":21,"duration":2},{"z":21,"transform":{"scX":0.76,"x":8.25,"scY":0.76,"y":-24,"pX":0,"pY":-0.05,"skX":0,"skY":0},"duration":4,"tweenEasing":0},{"z":21,"transform":{"scX":0.76,"x":8.25,"scY":0.76,"y":-39.2,"pX":0,"pY":0.1,"skX":0,"skY":0},"duration":6,"tweenEasing":0},{"transform":{"scX":0.76,"x":8.25,"scY":0.76,"y":-16.1,"pX":0,"pY":0,"skX":0,"skY":0},"z":21,"duration":1},{"z":21,"transform":{"scX":0.76,"x":8.25,"scY":0.7,"y":-12.3,"pX":0,"pY":0.05,"skX":0,"skY":0},"duration":2,"tweenEasing":0},{"transform":{"scX":0.76,"x":8.25,"scY":0.76,"y":-13.4,"pX":0,"pY":0,"skX":0,"skY":0},"z":21,"duration":1}],"offset":0},{"name":"兔子裤子0001","scale":1,"frame":[{"z":22,"transform":{"scX":0.76,"x":-4.7,"scY":0.76,"y":-13.4,"pX":0,"pY":0,"skX":0,"skY":0},"duration":3,"tweenEasing":0},{"transform":{"scX":0.76,"x":-5.8,"scY":0.7,"y":-12.7,"pX":-0.05,"pY":0,"skX":0,"skY":0},"z":22,"duration":2},{"z":22,"transform":{"scX":0.76,"x":-4.7,"scY":0.76,"y":-24,"pX":0,"pY":-0.05,"skX":0,"skY":0},"duration":4,"tweenEasing":0},{"z":22,"transform":{"scX":0.76,"x":-4.7,"scY":0.76,"y":-39.2,"pX":0,"pY":0.1,"skX":0,"skY":0},"duration":6,"tweenEasing":0},{"transform":{"scX":0.76,"x":-4.7,"scY":0.76,"y":-16.1,"pX":0,"pY":0,"skX":0,"skY":0},"z":22,"duration":1},{"z":22,"transform":{"scX":0.76,"x":-4.7,"scY":0.7,"y":-12.3,"pX":0,"pY":0.05,"skX":0,"skY":0},"duration":2,"tweenEasing":0},{"transform":{"scX":0.76,"x":-4.7,"scY":0.76,"y":-13.4,"pX":0,"pY":0,"skX":0,"skY":0},"z":22,"duration":1}],"offset":0},{"name":"兔子尾巴bcd01","scale":1,"frame":[{"z":23,"transform":{"scX":0.76,"x":5.55,"scY":0.76,"y":-13.3,"pX":0,"pY":0,"skX":0,"skY":0},"duration":3,"tweenEasing":0},{"transform":{"scX":0.76,"x":4.8,"scY":0.76,"y":-13.7,"pX":0,"pY":0,"skX":0,"skY":0},"z":23,"duration":2},{"z":23,"transform":{"scX":0.76,"x":5.55,"scY":0.76,"y":-24.25,"pX":0,"pY":0,"skX":0,"skY":0},"duration":4,"tweenEasing":0},{"z":23,"transform":{"scX":0.76,"x":5.55,"scY":0.76,"y":-39.35,"pX":0,"pY":0,"skX":0,"skY":0},"duration":6,"tweenEasing":0},{"transform":{"scX":0.76,"x":5.55,"scY":0.76,"y":-17.05,"pX":0,"pY":0,"skX":0,"skY":0},"z":23,"duration":1},{"z":23,"transform":{"scX":0.76,"x":5.55,"scY":0.76,"y":-12.15,"pX":0,"pY":0,"skX":0,"skY":0},"duration":2,"tweenEasing":0},{"transform":{"scX":0.76,"x":5.55,"scY":0.76,"y":-13.3,"pX":0,"pY":0,"skX":0,"skY":0},"z":23,"duration":1}],"offset":0},{"name":"兔子耳朵bbds001","scale":1,"frame":[{"z":24,"transform":{"scX":0.76,"x":16.3,"scY":0.76,"y":-66.55,"pX":0,"pY":0,"skX":0,"skY":0},"duration":3,"tweenEasing":0},{"transform":{"scX":0.76,"x":9.25,"scY":0.76,"y":-65.5,"pX":0.15,"pY":-0.1,"skX":0.32,"skY":0.32},"z":24,"duration":2},{"z":24,"transform":{"scX":0.76,"x":16.3,"scY":0.76,"y":-77.55,"pX":-0.05,"pY":-0.1,"skX":7.97,"skY":7.97},"duration":4,"tweenEasing":0},{"z":24,"transform":{"scX":0.76,"x":18.8,"scY":0.76,"y":-92.05,"pX":-0.05,"pY":-0.15,"skX":21.16,"skY":21.16},"duration":6,"tweenEasing":0},{"transform":{"scX":0.76,"x":16.3,"scY":0.76,"y":-69.9,"pX":0.05,"pY":-0.1,"skX":-8.24,"skY":-8.24},"z":24,"duration":1},{"z":24,"transform":{"scX":0.76,"x":14.95,"scY":0.76,"y":-64.1,"pX":0.05,"pY":0.05,"skX":-7.73,"skY":-7.73},"duration":2,"tweenEasing":0},{"transform":{"scX":0.76,"x":16.3,"scY":0.76,"y":-66.55,"pX":0,"pY":0,"skX":0,"skY":0},"z":24,"duration":1}],"offset":0},{"name":"头发ccf001","scale":1,"frame":[{"z":25,"transform":{"scX":0.76,"x":2.95,"scY":0.76,"y":-72.3,"pX":0,"pY":0,"skX":0,"skY":0},"duration":3,"tweenEasing":0},{"transform":{"scX":0.76,"x":-4.75,"scY":0.76,"y":-69.55,"pX":0.1,"pY":0.05,"skX":4.3,"skY":4.3},"z":25,"duration":2},{"z":25,"transform":{"scX":0.76,"x":2.95,"scY":0.76,"y":-83.3,"pX":0,"pY":-0.05,"skX":0,"skY":0},"duration":4,"tweenEasing":0},{"z":25,"transform":{"scX":0.76,"x":5.75,"scY":0.76,"y":-98.4,"pX":-0.05,"pY":-0.05,"skX":2.72,"skY":2.72},"duration":6,"tweenEasing":0},{"transform":{"scX":0.76,"x":2.95,"scY":0.76,"y":-75.7,"pX":-0.1,"pY":-0.05,"skX":10.47,"skY":10.47},"z":25,"duration":1},{"z":25,"transform":{"scX":0.76,"x":1.55,"scY":0.76,"y":-69.65,"pX":0.05,"pY":-0.1,"skX":-0.5,"skY":-0.5},"duration":2,"tweenEasing":0},{"transform":{"scX":0.76,"x":2.95,"scY":0.76,"y":-72.3,"pX":0,"pY":0,"skX":0,"skY":0},"z":25,"duration":1}],"offset":0},{"name":"兔子大头bb001","scale":1,"frame":[{"z":26,"transform":{"scX":0.76,"x":5.8,"scY":0.76,"y":-36.65,"pX":0,"pY":0,"skX":0,"skY":0},"duration":3,"tweenEasing":0},{"transform":{"scX":0.76,"x":2.6,"scY":0.76,"y":-34.55,"pX":0.1,"pY":0,"skX":-7.4,"skY":-7.4},"z":26,"duration":2},{"z":26,"transform":{"scX":0.76,"x":5.8,"scY":0.76,"y":-47.6,"pX":0,"pY":-0.1,"skX":0,"skY":0},"duration":4,"tweenEasing":0},{"z":26,"transform":{"scX":0.76,"x":6.75,"scY":0.76,"y":-62.6,"pX":0.15,"pY":-0.2,"skX":2.72,"skY":2.72},"duration":6,"tweenEasing":0},{"transform":{"scX":0.76,"x":5.8,"scY":0.76,"y":-40.05,"pX":0,"pY":-0.1,"skX":0,"skY":0},"z":26,"duration":1},{"z":26,"transform":{"scX":0.76,"x":4.6,"scY":0.76,"y":-34.05,"pX":0,"pY":-0.05,"skX":-0.5,"skY":-0.5},"duration":2,"tweenEasing":0},{"transform":{"scX":0.76,"x":5.8,"scY":0.76,"y":-36.65,"pX":0,"pY":0,"skX":0,"skY":0},"z":26,"duration":1}],"offset":0},{"name":"兔子耳朵bb001","scale":1,"frame":[{"z":27,"transform":{"scX":0.76,"x":-6,"scY":0.76,"y":-62.95,"pX":0,"pY":0,"skX":0,"skY":0},"duration":3,"tweenEasing":0},{"transform":{"scX":0.76,"x":-12.35,"scY":0.76,"y":-59.1,"pX":-0.1,"pY":0,"skX":-0.19,"skY":-0.19},"z":27,"duration":2},{"z":27,"transform":{"scX":0.76,"x":-6,"scY":0.76,"y":-73.9,"pX":-0.1,"pY":-0.15,"skX":20.21,"skY":20.21},"duration":4,"tweenEasing":0},{"z":27,"transform":{"scX":0.76,"x":-3.7,"scY":0.76,"y":-89.45,"pX":-0.15,"pY":-0.1,"skX":31.65,"skY":31.65},"duration":6,"tweenEasing":0},{"transform":{"scX":0.76,"x":-6,"scY":0.76,"y":-66.35,"pX":0,"pY":-0.1,"skX":-1.45,"skY":-1.45},"z":27,"duration":1},{"z":27,"transform":{"scX":0.76,"x":-7.45,"scY":0.76,"y":-60.3,"pX":0.15,"pY":0,"skX":-2.97,"skY":-2.97},"duration":2,"tweenEasing":0},{"transform":{"scX":0.76,"x":-6,"scY":0.76,"y":-62.95,"pX":0,"pY":0,"skX":0,"skY":0},"z":27,"duration":1}],"offset":0},{"name":"兔子头发ff","scale":1,"frame":[{"z":28,"transform":{"scX":0.76,"x":6.3,"scY":0.76,"y":-65.9,"pX":0,"pY":0,"skX":0,"skY":0},"duration":3,"tweenEasing":0},{"transform":{"scX":0.76,"x":-0.55,"scY":0.76,"y":-63.5,"pX":0,"pY":0,"skX":-7.4,"skY":-7.4},"z":28,"duration":2},{"z":28,"transform":{"scX":0.76,"x":6.3,"scY":0.76,"y":-76.9,"pX":0,"pY":0,"skX":0,"skY":0},"duration":4,"tweenEasing":0},{"z":28,"transform":{"scX":0.76,"x":8.75,"scY":0.76,"y":-91.8,"pX":0,"pY":0,"skX":2.72,"skY":2.72},"duration":6,"tweenEasing":0},{"transform":{"scX":0.76,"x":6.3,"scY":0.76,"y":-69.35,"pX":0,"pY":0,"skX":0,"skY":0},"z":28,"duration":1},{"z":28,"transform":{"scX":0.76,"x":5,"scY":0.76,"y":-63.35,"pX":0,"pY":0,"skX":-0.5,"skY":-0.5},"duration":2,"tweenEasing":0},{"transform":{"scX":0.76,"x":6.3,"scY":0.76,"y":-65.9,"pX":0,"pY":0,"skX":0,"skY":0},"z":28,"duration":1}],"offset":0},{"name":"左手pp","scale":1,"frame":[{"z":29,"transform":{"scX":0.76,"x":-6.9,"scY":0.76,"y":-30.05,"pX":0,"pY":0,"skX":0,"skY":0},"duration":3,"tweenEasing":0},{"transform":{"scX":0.76,"x":-9.1,"scY":0.76,"y":-27.9,"pX":-0.15,"pY":0,"skX":23.24,"skY":23.24},"z":29,"duration":2},{"z":29,"transform":{"scX":0.76,"x":-6.9,"scY":0.76,"y":-41.1,"pX":0,"pY":0.1,"skX":28.73,"skY":28.73},"duration":4,"tweenEasing":0},{"z":29,"transform":{"scX":0.76,"x":-6.15,"scY":0.76,"y":-56.75,"pX":-0.05,"pY":0.1,"skX":39.41,"skY":39.41},"duration":3,"tweenEasing":0},{"z":29,"transform":{"scX":0.76,"x":-6.9,"scY":0.76,"y":-46.25,"pX":0,"pY":0.1,"skX":50.05,"skY":50.05},"duration":3,"tweenEasing":0},{"transform":{"scX":0.76,"x":-6.9,"scY":0.76,"y":-33.55,"pX":-0.1,"pY":0.1,"skX":35.49,"skY":35.49},"z":29,"duration":1},{"z":29,"transform":{"scX":0.76,"x":-7.7,"scY":0.76,"y":-28.35,"pX":0,"pY":0.15,"skX":20.02,"skY":20.02},"duration":2,"tweenEasing":0},{"transform":{"scX":0.76,"x":-6.9,"scY":0.76,"y":-30.05,"pX":0,"pY":0,"skX":0,"skY":0},"z":29,"duration":1}],"offset":0},{"name":"萝卜叶子","scale":1,"frame":[{"z":30,"transform":{"scX":0.76,"x":30.35,"scY":0.76,"y":-27.95,"pX":0,"pY":0,"skX":0,"skY":0},"duration":3,"tweenEasing":0},{"transform":{"scX":0.76,"x":28.1,"scY":0.76,"y":-29.5,"pX":0,"pY":0.2,"skX":-30.44,"skY":-30.44},"z":30,"duration":2},{"z":30,"transform":{"scX":0.76,"x":30.35,"scY":0.76,"y":-37.5,"pX":0.05,"pY":0.2,"skX":5.5,"skY":5.5},"duration":4,"tweenEasing":0},{"z":30,"transform":{"scX":0.76,"x":30.95,"scY":0.76,"y":-51.3,"pX":0,"pY":0.1,"skX":25.18,"skY":25.18},"duration":3,"tweenEasing":0},{"z":30,"transform":{"scX":0.76,"x":30.3,"scY":0.76,"y":-44.5,"pX":0.15,"pY":0.25,"skX":-36.54,"skY":-36.54},"duration":3,"tweenEasing":0},{"transform":{"scX":0.76,"x":30.35,"scY":0.76,"y":-32.95,"pX":0.05,"pY":0.25,"skX":-29.95,"skY":-29.95},"z":30,"duration":1},{"z":30,"transform":{"scX":0.76,"x":29.6,"scY":0.76,"y":-27.8,"pX":0.1,"pY":0.25,"skX":-23.95,"skY":-23.95},"duration":2,"tweenEasing":0},{"transform":{"scX":0.76,"x":30.35,"scY":0.76,"y":-27.95,"pX":0,"pY":0,"skX":0,"skY":0},"z":30,"duration":1}],"offset":0},{"name":"大萝卜9","scale":1,"frame":[{"z":31,"transform":{"scX":0.76,"x":8.2,"scY":0.76,"y":-27.95,"pX":0,"pY":0,"skX":0,"skY":0},"duration":3,"tweenEasing":0},{"transform":{"scX":0.76,"x":6.1,"scY":0.76,"y":-27.3,"pX":0,"pY":0,"skX":-5.7,"skY":-5.7},"z":31,"duration":2},{"z":31,"transform":{"scX":0.76,"x":8.2,"scY":0.76,"y":-37.5,"pX":0,"pY":0,"skX":0,"skY":0},"duration":4,"tweenEasing":0},{"z":31,"transform":{"scX":0.76,"x":8.75,"scY":0.76,"y":-52.4,"pX":0,"pY":0,"skX":2.72,"skY":2.72},"duration":3,"tweenEasing":0},{"z":31,"transform":{"scX":0.76,"x":8.2,"scY":0.76,"y":-44.8,"pX":0,"pY":0,"skX":0,"skY":0},"duration":3,"tweenEasing":0},{"transform":{"scX":0.76,"x":8.2,"scY":0.76,"y":-33.7,"pX":0,"pY":0,"skX":0,"skY":0},"z":31,"duration":1},{"z":31,"transform":{"scX":0.76,"x":7.55,"scY":0.76,"y":-26.4,"pX":0,"pY":0,"skX":-3.47,"skY":-3.47},"duration":2,"tweenEasing":0},{"transform":{"scX":0.76,"x":8.2,"scY":0.76,"y":-27.95,"pX":0,"pY":0,"skX":0,"skY":0},"z":31,"duration":1}],"offset":0}],"scale":1,"loop":0,"autoTween":0,"name":"standB","duration":19,"tweenEasing":null}]}],"name":"game.living.Living393","frameRate":24,"version":2.3}