{"armature":[{"skin":[{"name":"default","slot":[{"name":"翅膀0025","z":0,"display":[{"transform":{"scX":1,"x":16.2,"scY":1,"y":-1.25,"pX":21.7,"pY":5.1,"skX":0,"skY":0},"name":"Living401/pp翅膀0025","type":"image"}],"parent":"翅膀0025"},{"name":"翅膀001","z":1,"display":[{"transform":{"scX":1,"x":-12.2,"scY":1,"y":-1.5,"pX":8.55,"pY":6.8,"skX":0,"skY":0},"name":"Living401/pp翅膀001","type":"image"}],"parent":"翅膀001"},{"name":"图层 13","z":2,"display":[{"transform":{"scX":1,"x":-6.75,"scY":1,"y":-6,"pX":14.5,"pY":18,"skX":0,"skY":0},"name":"Living401/bbyeue002","type":"image"}],"parent":"图层 13"},{"name":"图层 12","z":3,"display":[{"transform":{"scX":1,"x":8.95,"scY":1,"y":-6.5,"pX":19.5,"pY":18,"skX":0,"skY":0},"name":"Living401/bbyeue001","type":"image"}],"parent":"图层 12"},{"name":"脚beeg001","z":4,"display":[{"transform":{"scX":1,"x":0.25,"scY":1,"y":5,"pX":4.5,"pY":8.5,"skX":0,"skY":0},"name":"Living401/pp脚beeg001","type":"image"}],"parent":"脚beeg001"},{"name":"大手002","z":5,"display":[{"transform":{"scX":1,"x":-3.25,"scY":1,"y":4.25,"pX":4.5,"pY":7.5,"skX":0,"skY":0},"name":"Living401/pp大手002","type":"image"}],"parent":"大手002"},{"name":"上衣0035","z":6,"display":[{"transform":{"scX":1,"x":2.5,"scY":1,"y":-7,"pX":12.5,"pY":12,"skX":0,"skY":0},"name":"Living401/pp上衣0035","type":"image"}],"parent":"上衣0035"},{"name":"群字0023","z":7,"display":[{"transform":{"scX":1,"x":2,"scY":1,"y":4.75,"pX":11.5,"pY":5.5,"skX":0,"skY":0},"name":"Living401/pp群字0023","type":"image"}],"parent":"群字0023"},{"name":"大手001","z":8,"display":[{"transform":{"scX":1,"x":4.5,"scY":1,"y":6.5,"pX":6,"pY":8.5,"skX":0,"skY":0},"name":"Living401/pp大手001","type":"image"}],"parent":"大手001"},{"name":"脸001","z":9,"display":[{"transform":{"scX":1,"x":5,"scY":1,"y":-19,"pX":22,"pY":22,"skX":0,"skY":0},"name":"Living401/pp脸001","type":"image"}],"parent":"脸001"},{"name":"图层 26","z":10,"display":[{"transform":{"scX":1,"x":-12,"scY":1,"y":-3,"pX":0,"pY":0,"skX":0,"skY":0},"name":"Living401/位图 1","type":"image"},{"transform":{"scX":1,"x":-12,"scY":1,"y":-5,"pX":0,"pY":0,"skX":0,"skY":0},"name":"Living401/位图 2","type":"image"}],"parent":"图层 26"},{"name":"头发002","z":11,"display":[{"transform":{"scX":1,"x":-4,"scY":1,"y":3.75,"pX":10.5,"pY":11,"skX":0,"skY":0},"name":"Living401/pp头发002","type":"image"}],"parent":"头发002"},{"name":"头发001","z":12,"display":[{"transform":{"scX":1,"x":4.75,"scY":1,"y":4,"pX":12,"pY":12.5,"skX":0,"skY":0},"name":"Living401/pp头发001","type":"image"}],"parent":"头发001"},{"name":"legfe01","z":13,"display":[{"transform":{"scX":1,"x":0,"scY":1,"y":5.25,"pX":4.5,"pY":8.5,"skX":0,"skY":0},"name":"Living401/pplegfe01","type":"image"}],"parent":"legfe01"},{"name":"dress002","z":14,"display":[{"transform":{"scX":1,"x":-0.15,"scY":1,"y":-5.15,"pX":11.5,"pY":10.5,"skX":0,"skY":0},"name":"Living401/ppdress002","type":"image"}],"parent":"dress002"},{"name":"dress0001","z":15,"display":[{"transform":{"scX":1,"x":0.35,"scY":1,"y":5.4,"pX":11,"pY":6.5,"skX":0,"skY":0},"name":"Living401/ppdress0001","type":"image"}],"parent":"dress0001"},{"name":"armbb002","z":16,"display":[{"transform":{"scX":1,"x":-4.5,"scY":1,"y":5.5,"pX":5.5,"pY":8,"skX":0,"skY":0},"name":"Living401/pparmbb002","type":"image"}],"parent":"armbb002"},{"name":"armbb001","z":17,"display":[{"transform":{"scX":1,"x":3.4,"scY":1,"y":6.5,"pX":5.5,"pY":8,"skX":0,"skY":0},"name":"Living401/pparmbb001","type":"image"}],"parent":"armbb001"},{"name":"head001","z":18,"display":[{"transform":{"scX":1,"x":-0.5,"scY":1,"y":-18.5,"pX":22,"pY":22,"skX":0,"skY":0},"name":"Living401/pphead001","type":"image"}],"parent":"head001"},{"name":"hair0012","z":19,"display":[{"transform":{"scX":1,"x":4.25,"scY":1,"y":5,"pX":12,"pY":12.5,"skX":0,"skY":0},"name":"Living401/pphair0012","type":"image"}],"parent":"hair0012"},{"name":"hair001","z":20,"display":[{"transform":{"scX":1,"x":-4.25,"scY":1,"y":2.25,"pX":10.5,"pY":11,"skX":0,"skY":0},"name":"Living401/pphair001","type":"image"}],"parent":"hair001"},{"name":"wind002","z":21,"display":[{"transform":{"scX":1,"x":-16.75,"scY":1,"y":-1.75,"pX":21.5,"pY":30.5,"skX":0,"skY":0},"name":"Living401/ppwind002","type":"image"}],"parent":"wind002"},{"name":"wind001","z":22,"display":[{"transform":{"scX":1,"x":12.25,"scY":1,"y":-1.75,"pX":15.5,"pY":30.5,"skX":0,"skY":0},"name":"Living401/ppwind001","type":"image"}],"parent":"wind001"}]}],"name":"game.living.Living401","bone":[{"transform":{"scX":1.03,"x":9.25,"skX":3.69,"scY":1,"y":-32.25,"skY":3.69},"name":"翅膀0025"},{"transform":{"scX":1.13,"x":-9.3,"skX":-1.73,"scY":1,"y":-32,"skY":-1.73},"name":"翅膀001"},{"transform":{"scX":1.05,"x":-17.25,"skX":0,"scY":1,"y":-39.25,"skY":0},"name":"图层 13"},{"transform":{"scX":1.02,"x":18.75,"skX":0,"scY":1,"y":-37.75,"skY":0},"name":"图层 12"},{"transform":{"scX":1,"x":-0.75,"skX":0,"scY":1,"y":-12.5,"skY":0},"name":"脚beeg001"},{"transform":{"scX":1,"x":-7.25,"skX":0,"scY":1,"y":-30.75,"skY":0},"name":"大手002"},{"transform":{"scX":1,"x":-3,"skX":0,"scY":1,"y":-17,"skY":0},"name":"上衣0035"},{"transform":{"scX":1,"x":-2.5,"skX":0,"scY":1,"y":-15.25,"skY":0},"name":"群字0023"},{"transform":{"scX":1,"x":2.5,"skX":0,"scY":1,"y":-32,"skY":0},"name":"大手001"},{"transform":{"scX":1,"x":-3,"skX":0,"scY":1,"y":-36,"skY":0},"name":"脸001"},{"transform":{"scX":1,"x":-2.45,"skX":0,"scY":1,"y":-42.4,"skY":0},"name":"图层 26"},{"transform":{"scX":1,"x":-11.5,"skX":0,"scY":1,"y":-74.75,"skY":0},"name":"头发002"},{"transform":{"scX":1,"x":12.25,"skX":0,"scY":1,"y":-74.5,"skY":0},"name":"头发001"},{"transform":{"scX":-1,"x":-1.65,"skX":0,"scY":1,"y":-11.75,"skY":0},"name":"legfe01"},{"transform":{"scX":-1,"x":-1.8,"skX":0,"scY":1,"y":-19.35,"skY":0},"name":"dress002"},{"transform":{"scX":-1,"x":-1.8,"skX":0,"scY":1,"y":-17.7,"skY":0},"name":"dress0001"},{"transform":{"scX":-1,"x":1.85,"skX":0,"scY":1,"y":-31.5,"skY":0},"name":"armbb002"},{"transform":{"scX":-1,"x":-7.25,"skX":0,"scY":1,"y":-31.5,"skY":0},"name":"armbb001"},{"transform":{"scX":-1,"x":-0.65,"skX":0,"scY":1,"y":-36.5,"skY":0},"name":"head001"},{"transform":{"scX":-1,"x":-9.9,"skX":0,"scY":1,"y":-74.5,"skY":0},"name":"hair0012"},{"transform":{"scX":-1,"x":14.1,"skX":0,"scY":1,"y":-72.25,"skY":0},"name":"hair001"},{"transform":{"scX":-1,"x":7.6,"skX":0,"scY":1,"y":-30.75,"skY":0},"name":"wind002"},{"transform":{"scX":-1.08,"x":-10.4,"skX":0,"scY":1,"y":-30.75,"skY":0},"name":"wind001"}],"animation":[{"fadeInTime":0,"timeline":[{"name":"翅膀0025","scale":1,"frame":[{"z":0,"transform":{"scX":1.03,"x":9.25,"scY":1,"y":-32.25,"pX":0,"pY":0,"skX":3.69,"skY":3.69},"duration":8,"tweenEasing":0},{"z":0,"transform":{"scX":0.41,"x":7.25,"scY":0.95,"y":-28.8,"pX":0.35,"pY":0.25,"skX":0.05,"skY":-14.84},"duration":7,"tweenEasing":0},{"z":0,"transform":{"scX":1.03,"x":9.25,"scY":1,"y":-27.25,"pX":0,"pY":0,"skX":3.69,"skY":3.69},"duration":8,"tweenEasing":0},{"z":0,"transform":{"scX":0.41,"x":7.25,"scY":0.95,"y":-28.8,"pX":0.35,"pY":0.25,"skX":0.05,"skY":-14.84},"duration":7,"tweenEasing":0},{"z":0,"transform":{"scX":1.03,"x":9.25,"scY":1,"y":-32.25,"pX":0,"pY":0,"skX":3.69,"skY":3.69},"duration":8,"tweenEasing":0},{"z":0,"transform":{"scX":0.41,"x":7.25,"scY":0.95,"y":-28.8,"pX":0.35,"pY":0.25,"skX":0.05,"skY":-14.84},"duration":7,"tweenEasing":0},{"z":0,"transform":{"scX":1.03,"x":9.25,"scY":1,"y":-27.25,"pX":0,"pY":0,"skX":3.69,"skY":3.69},"duration":8,"tweenEasing":0},{"z":0,"transform":{"scX":0.41,"x":7.25,"scY":0.95,"y":-28.8,"pX":0.35,"pY":0.25,"skX":0.05,"skY":-14.84},"duration":7,"tweenEasing":0},{"transform":{"scX":1.03,"x":9.25,"scY":1,"y":-32.25,"pX":0,"pY":0,"skX":3.69,"skY":3.69},"z":0,"duration":1}],"offset":0},{"name":"翅膀001","scale":1,"frame":[{"z":1,"transform":{"scX":1.13,"x":-9.3,"scY":1,"y":-32,"pX":0,"pY":0,"skX":-1.73,"skY":-1.73},"duration":8,"tweenEasing":0},{"z":1,"transform":{"scX":0.49,"x":-7.2,"scY":0.95,"y":-28.5,"pX":-0.3,"pY":0.1,"skX":-2.31,"skY":18.15},"duration":7,"tweenEasing":0},{"z":1,"transform":{"scX":1.13,"x":-9.3,"scY":1,"y":-27,"pX":0,"pY":0,"skX":-1.73,"skY":-1.73},"duration":8,"tweenEasing":0},{"z":1,"transform":{"scX":0.49,"x":-7.2,"scY":0.95,"y":-28.5,"pX":-0.3,"pY":0.1,"skX":-2.31,"skY":18.15},"duration":7,"tweenEasing":0},{"z":1,"transform":{"scX":1.13,"x":-9.3,"scY":1,"y":-32,"pX":0,"pY":0,"skX":-1.73,"skY":-1.73},"duration":8,"tweenEasing":0},{"z":1,"transform":{"scX":0.49,"x":-7.2,"scY":0.95,"y":-28.5,"pX":-0.3,"pY":0.1,"skX":-2.31,"skY":18.15},"duration":7,"tweenEasing":0},{"z":1,"transform":{"scX":1.13,"x":-9.3,"scY":1,"y":-27,"pX":0,"pY":0,"skX":-1.73,"skY":-1.73},"duration":8,"tweenEasing":0},{"z":1,"transform":{"scX":0.49,"x":-7.2,"scY":0.95,"y":-28.5,"pX":-0.3,"pY":0.1,"skX":-2.31,"skY":18.15},"duration":7,"tweenEasing":0},{"transform":{"scX":1.13,"x":-9.3,"scY":1,"y":-32,"pX":0,"pY":0,"skX":-1.73,"skY":-1.73},"z":1,"duration":1}],"offset":0},{"name":"图层 13","scale":1,"frame":[{"z":2,"transform":{"scX":1.05,"x":-17.25,"scY":1,"y":-39.25,"pX":0,"pY":0,"skX":0,"skY":0},"duration":8,"tweenEasing":0},{"z":2,"transform":{"scX":0.42,"x":-9.45,"scY":1,"y":-34.45,"pX":0,"pY":0.05,"skX":7.5,"skY":27.41},"duration":7,"tweenEasing":0},{"z":2,"transform":{"scX":1.05,"x":-17.25,"scY":1,"y":-34.25,"pX":0,"pY":0,"skX":0,"skY":0},"duration":8,"tweenEasing":0},{"z":2,"transform":{"scX":0.42,"x":-9.45,"scY":1,"y":-34.45,"pX":0,"pY":0.05,"skX":7.5,"skY":27.41},"duration":7,"tweenEasing":0},{"z":2,"transform":{"scX":1.05,"x":-17.25,"scY":1,"y":-39.25,"pX":0,"pY":0,"skX":0,"skY":0},"duration":8,"tweenEasing":0},{"z":2,"transform":{"scX":0.42,"x":-9.45,"scY":1,"y":-34.45,"pX":0,"pY":0.05,"skX":7.5,"skY":27.41},"duration":7,"tweenEasing":0},{"z":2,"transform":{"scX":1.05,"x":-17.25,"scY":1,"y":-34.25,"pX":0,"pY":0,"skX":0,"skY":0},"duration":8,"tweenEasing":0},{"z":2,"transform":{"scX":0.42,"x":-9.45,"scY":1,"y":-34.45,"pX":0,"pY":0.05,"skX":7.5,"skY":27.41},"duration":7,"tweenEasing":0},{"transform":{"scX":1.05,"x":-17.25,"scY":1,"y":-39.25,"pX":0,"pY":0,"skX":0,"skY":0},"z":2,"duration":1}],"offset":0},{"name":"图层 12","scale":1,"frame":[{"z":3,"transform":{"scX":1.02,"x":18.75,"scY":1,"y":-37.75,"pX":0,"pY":0,"skX":0,"skY":0},"duration":8,"tweenEasing":0},{"z":3,"transform":{"scX":0.51,"x":9.05,"scY":1,"y":-35,"pX":0,"pY":-0.05,"skX":2.33,"skY":-18.29},"duration":7,"tweenEasing":0},{"z":3,"transform":{"scX":1.02,"x":18.75,"scY":1,"y":-32.75,"pX":0,"pY":0,"skX":0,"skY":0},"duration":8,"tweenEasing":0},{"z":3,"transform":{"scX":0.51,"x":9.05,"scY":1,"y":-35,"pX":0,"pY":-0.05,"skX":2.33,"skY":-18.29},"duration":7,"tweenEasing":0},{"z":3,"transform":{"scX":1.02,"x":18.75,"scY":1,"y":-37.75,"pX":0,"pY":0,"skX":0,"skY":0},"duration":8,"tweenEasing":0},{"z":3,"transform":{"scX":0.51,"x":9.05,"scY":1,"y":-35,"pX":0,"pY":-0.05,"skX":2.33,"skY":-18.29},"duration":7,"tweenEasing":0},{"z":3,"transform":{"scX":1.02,"x":18.75,"scY":1,"y":-32.75,"pX":0,"pY":0,"skX":0,"skY":0},"duration":8,"tweenEasing":0},{"z":3,"transform":{"scX":0.51,"x":9.05,"scY":1,"y":-35,"pX":0,"pY":-0.05,"skX":2.33,"skY":-18.29},"duration":7,"tweenEasing":0},{"transform":{"scX":1.02,"x":18.75,"scY":1,"y":-37.75,"pX":0,"pY":0,"skX":0,"skY":0},"z":3,"duration":1}],"offset":0},{"name":"脚beeg001","scale":1,"frame":[{"z":4,"transform":{"scX":1,"x":-0.75,"scY":1,"y":-12.5,"pX":0,"pY":0,"skX":0,"skY":0},"duration":15,"tweenEasing":0},{"z":4,"transform":{"scX":1,"x":-0.75,"scY":1,"y":-6.75,"pX":-0.05,"pY":0,"skX":-12.68,"skY":-12.68},"duration":15,"tweenEasing":0},{"z":4,"transform":{"scX":1,"x":-0.75,"scY":1,"y":-12.5,"pX":0,"pY":0,"skX":0,"skY":0},"duration":15,"tweenEasing":0},{"z":4,"transform":{"scX":1,"x":-0.75,"scY":1,"y":-6.75,"pX":-0.05,"pY":0,"skX":-12.68,"skY":-12.68},"duration":15,"tweenEasing":0},{"transform":{"scX":1,"x":-0.75,"scY":1,"y":-12.5,"pX":0,"pY":0,"skX":0,"skY":0},"z":4,"duration":1}],"offset":0},{"name":"大手002","scale":1,"frame":[{"z":5,"transform":{"scX":1,"x":-7.25,"scY":1,"y":-30.75,"pX":0,"pY":0,"skX":0,"skY":0},"duration":15,"tweenEasing":0},{"z":5,"transform":{"scX":1,"x":-7.25,"scY":1,"y":-26,"pX":0.1,"pY":0,"skX":10.17,"skY":10.17},"duration":15,"tweenEasing":0},{"z":5,"transform":{"scX":1,"x":-7.25,"scY":1,"y":-30.75,"pX":0,"pY":0,"skX":0,"skY":0},"duration":15,"tweenEasing":0},{"z":5,"transform":{"scX":1,"x":-7.25,"scY":1,"y":-26,"pX":0.1,"pY":0,"skX":10.17,"skY":10.17},"duration":15,"tweenEasing":0},{"transform":{"scX":1,"x":-7.25,"scY":1,"y":-30.75,"pX":0,"pY":0,"skX":0,"skY":0},"z":5,"duration":1}],"offset":0},{"name":"上衣0035","scale":1,"frame":[{"z":6,"transform":{"scX":1,"x":-3,"scY":1,"y":-17,"pX":0,"pY":0,"skX":0,"skY":0},"duration":15,"tweenEasing":0},{"z":6,"transform":{"scX":1,"x":-3,"scY":0.92,"y":-12.9,"pX":0,"pY":-0.05,"skX":0,"skY":0},"duration":15,"tweenEasing":0},{"z":6,"transform":{"scX":1,"x":-3,"scY":1,"y":-17,"pX":0,"pY":0,"skX":0,"skY":0},"duration":15,"tweenEasing":0},{"z":6,"transform":{"scX":1,"x":-3,"scY":0.92,"y":-12.9,"pX":0,"pY":-0.05,"skX":0,"skY":0},"duration":15,"tweenEasing":0},{"transform":{"scX":1,"x":-3,"scY":1,"y":-17,"pX":0,"pY":0,"skX":0,"skY":0},"z":6,"duration":1}],"offset":0},{"name":"群字0023","scale":1,"frame":[{"z":7,"transform":{"scX":1,"x":-2.5,"scY":1,"y":-15.25,"pX":0,"pY":0,"skX":0,"skY":0},"duration":8,"tweenEasing":0},{"z":7,"transform":{"scX":1.06,"x":-2.45,"scY":0.81,"y":-12.75,"pX":-0.05,"pY":0,"skX":-8.73,"skY":0},"duration":7,"tweenEasing":0},{"z":7,"transform":{"scX":1,"x":-2.5,"scY":1,"y":-10.25,"pX":0,"pY":0,"skX":0,"skY":0},"duration":8,"tweenEasing":0},{"z":7,"transform":{"scX":1.06,"x":-2.45,"scY":0.81,"y":-12.75,"pX":-0.05,"pY":0,"skX":-8.73,"skY":0},"duration":7,"tweenEasing":0},{"z":7,"transform":{"scX":1,"x":-2.5,"scY":1,"y":-15.25,"pX":0,"pY":0,"skX":0,"skY":0},"duration":8,"tweenEasing":0},{"z":7,"transform":{"scX":1.06,"x":-2.45,"scY":0.81,"y":-12.75,"pX":-0.05,"pY":0,"skX":-8.73,"skY":0},"duration":7,"tweenEasing":0},{"z":7,"transform":{"scX":1,"x":-2.5,"scY":1,"y":-10.25,"pX":0,"pY":0,"skX":0,"skY":0},"duration":8,"tweenEasing":0},{"z":7,"transform":{"scX":1.06,"x":-2.45,"scY":0.81,"y":-12.75,"pX":-0.05,"pY":0,"skX":-8.73,"skY":0},"duration":7,"tweenEasing":0},{"transform":{"scX":1,"x":-2.5,"scY":1,"y":-15.25,"pX":0,"pY":0,"skX":0,"skY":0},"z":7,"duration":1}],"offset":0},{"name":"大手001","scale":1,"frame":[{"z":8,"transform":{"scX":1,"x":2.5,"scY":1,"y":-32,"pX":0,"pY":0,"skX":0,"skY":0},"duration":15,"tweenEasing":0},{"z":8,"transform":{"scX":1,"x":2.55,"scY":1,"y":-27.25,"pX":-0.05,"pY":0.05,"skX":-10.39,"skY":-10.39},"duration":15,"tweenEasing":0},{"z":8,"transform":{"scX":1,"x":2.5,"scY":1,"y":-32,"pX":0,"pY":0,"skX":0,"skY":0},"duration":15,"tweenEasing":0},{"z":8,"transform":{"scX":1,"x":2.55,"scY":1,"y":-27.25,"pX":-0.05,"pY":0.05,"skX":-10.39,"skY":-10.39},"duration":15,"tweenEasing":0},{"transform":{"scX":1,"x":2.5,"scY":1,"y":-32,"pX":0,"pY":0,"skX":0,"skY":0},"z":8,"duration":1}],"offset":0},{"name":"脸001","scale":1,"frame":[{"z":9,"transform":{"scX":1,"x":-3,"scY":1,"y":-36,"pX":0,"pY":0,"skX":0,"skY":0},"duration":15,"tweenEasing":0},{"z":9,"transform":{"scX":1,"x":-3,"scY":1,"y":-30.75,"pX":0,"pY":0,"skX":0,"skY":0},"duration":15,"tweenEasing":0},{"z":9,"transform":{"scX":1,"x":-3,"scY":1,"y":-36,"pX":0,"pY":0,"skX":0,"skY":0},"duration":15,"tweenEasing":0},{"z":9,"transform":{"scX":1,"x":-3,"scY":1,"y":-30.75,"pX":0,"pY":0,"skX":0,"skY":0},"duration":15,"tweenEasing":0},{"transform":{"scX":1,"x":-3,"scY":1,"y":-36,"pX":0,"pY":0,"skX":0,"skY":0},"z":9,"duration":1}],"offset":0},{"name":"图层 26","scale":1,"frame":[{"duration":15,"displayIndex":-1},{"transform":{"scX":1,"x":-2.45,"scY":1,"y":-42.4,"pX":0,"pY":0,"skX":0,"skY":0},"z":10,"duration":1},{"z":10,"displayIndex":1,"transform":{"scX":1,"x":-2.35,"scY":1,"y":-41.9,"pX":0,"pY":0,"skX":0,"skY":0},"duration":1},{"z":10,"displayIndex":1,"transform":{"scX":1,"x":-2.1,"scY":1,"y":-41.65,"pX":0,"pY":0,"skX":0,"skY":0},"duration":1},{"transform":{"scX":1,"x":-2.45,"scY":1,"y":-43.9,"pX":0,"pY":0,"skX":0,"skY":0},"z":10,"duration":1},{"duration":42,"displayIndex":-1}],"offset":0},{"name":"头发002","scale":1,"frame":[{"z":11,"transform":{"scX":1,"x":-11.5,"scY":1,"y":-74.75,"pX":0,"pY":0,"skX":0,"skY":0},"duration":15,"tweenEasing":0},{"z":11,"transform":{"scX":1.02,"x":-11.5,"scY":1,"y":-69.5,"pX":0.1,"pY":0.05,"skX":6.75,"skY":10.85},"duration":15,"tweenEasing":0},{"z":11,"transform":{"scX":1,"x":-11.5,"scY":1,"y":-74.75,"pX":0,"pY":0,"skX":0,"skY":0},"duration":15,"tweenEasing":0},{"z":11,"transform":{"scX":1.02,"x":-11.5,"scY":1,"y":-69.5,"pX":0.1,"pY":0.05,"skX":6.75,"skY":10.85},"duration":15,"tweenEasing":0},{"transform":{"scX":1,"x":-11.5,"scY":1,"y":-74.75,"pX":0,"pY":0,"skX":0,"skY":0},"z":11,"duration":1}],"offset":0},{"name":"头发001","scale":1,"frame":[{"z":12,"transform":{"scX":1,"x":12.25,"scY":1,"y":-74.5,"pX":0,"pY":0,"skX":0,"skY":0},"duration":15,"tweenEasing":0},{"z":12,"transform":{"scX":1.05,"x":12.2,"scY":1,"y":-69.3,"pX":0,"pY":0.1,"skX":-13.47,"skY":-15.45},"duration":15,"tweenEasing":0},{"z":12,"transform":{"scX":1,"x":12.25,"scY":1,"y":-74.5,"pX":0,"pY":0,"skX":0,"skY":0},"duration":15,"tweenEasing":0},{"z":12,"transform":{"scX":1.05,"x":12.2,"scY":1,"y":-69.3,"pX":0,"pY":0.1,"skX":-13.47,"skY":-15.45},"duration":15,"tweenEasing":0},{"transform":{"scX":1,"x":12.25,"scY":1,"y":-74.5,"pX":0,"pY":0,"skX":0,"skY":0},"z":12,"duration":1}],"offset":0}],"scale":1,"loop":0,"autoTween":0,"name":"standA","duration":61,"tweenEasing":null},{"fadeInTime":0,"timeline":[{"name":"legfe01","scale":1,"frame":[{"z":13,"transform":{"scX":-1,"x":-1.65,"scY":1,"y":-11.75,"pX":0,"pY":0,"skX":0,"skY":0},"duration":15,"tweenEasing":0},{"z":13,"transform":{"scX":-1,"x":-3.9,"scY":1,"y":-7.25,"pX":-0.05,"pY":-0.05,"skX":-14.42,"skY":-14.42},"duration":15,"tweenEasing":0},{"transform":{"scX":-1,"x":-1.65,"scY":1,"y":-11.75,"pX":0,"pY":0,"skX":0,"skY":0},"z":13,"duration":1}],"offset":0},{"name":"dress002","scale":1,"frame":[{"z":14,"transform":{"scX":-1,"x":-1.8,"scY":1,"y":-19.35,"pX":0,"pY":0,"skX":0,"skY":0},"duration":8,"tweenEasing":0},{"z":14,"transform":{"scX":-1,"x":-1.8,"scY":0.9,"y":-17.85,"pX":0,"pY":-0.05,"skX":0,"skY":0},"duration":7,"tweenEasing":0},{"z":14,"transform":{"scX":-1,"x":-1.8,"scY":0.95,"y":-15.6,"pX":0,"pY":-0.05,"skX":0,"skY":0},"duration":8,"tweenEasing":0},{"z":14,"transform":{"scX":-1,"x":-1.8,"scY":0.9,"y":-17.85,"pX":0,"pY":-0.05,"skX":0,"skY":0},"duration":7,"tweenEasing":0},{"transform":{"scX":-1,"x":-1.8,"scY":1,"y":-19.35,"pX":0,"pY":0,"skX":0,"skY":0},"z":14,"duration":1}],"offset":0},{"name":"dress0001","scale":1,"frame":[{"z":15,"transform":{"scX":-1,"x":-1.8,"scY":1,"y":-17.7,"pX":0,"pY":0,"skX":0,"skY":0},"duration":8,"tweenEasing":0},{"z":15,"transform":{"scX":-1,"x":-1.8,"scY":1.01,"y":-16.55,"pX":0.05,"pY":0,"skX":-8.54,"skY":0},"duration":7,"tweenEasing":0},{"z":15,"transform":{"scX":-1,"x":-1.8,"scY":1,"y":-13.9,"pX":0,"pY":0,"skX":0,"skY":0},"duration":8,"tweenEasing":0},{"z":15,"transform":{"scX":-1,"x":-1.8,"scY":1.01,"y":-16.55,"pX":0.05,"pY":0,"skX":-8.54,"skY":0},"duration":7,"tweenEasing":0},{"z":15,"transform":{"scX":-1,"x":-1.8,"scY":1,"y":-17.7,"pX":0,"pY":0,"skX":0,"skY":0},"duration":1,"tweenEasing":0}],"offset":0},{"name":"armbb002","scale":1,"frame":[{"z":16,"transform":{"scX":-1,"x":1.85,"scY":1,"y":-31.5,"pX":0,"pY":0,"skX":0,"skY":0},"duration":15,"tweenEasing":0},{"z":16,"transform":{"scX":-1,"x":1.85,"scY":1,"y":-27.5,"pX":0.05,"pY":0,"skX":-9.19,"skY":-9.19},"duration":15,"tweenEasing":0},{"transform":{"scX":-1,"x":1.85,"scY":1,"y":-31.5,"pX":0,"pY":0,"skX":0,"skY":0},"z":16,"duration":1}],"offset":0},{"name":"armbb001","scale":1,"frame":[{"z":17,"transform":{"scX":-1,"x":-7.25,"scY":1,"y":-31.5,"pX":0,"pY":0,"skX":0,"skY":0},"duration":15,"tweenEasing":0},{"z":17,"transform":{"scX":-1,"x":-7.25,"scY":1,"y":-27.5,"pX":0.05,"pY":0,"skX":10.98,"skY":10.98},"duration":15,"tweenEasing":0},{"transform":{"scX":-1,"x":-7.25,"scY":1,"y":-31.5,"pX":0,"pY":0,"skX":0,"skY":0},"z":17,"duration":1}],"offset":0},{"name":"head001","scale":1,"frame":[{"z":18,"transform":{"scX":-1,"x":-0.65,"scY":1,"y":-36.5,"pX":0,"pY":0,"skX":0,"skY":0},"duration":15,"tweenEasing":0},{"z":18,"transform":{"scX":-1,"x":-0.65,"scY":1,"y":-32.5,"pX":0,"pY":0,"skX":0,"skY":0},"duration":15,"tweenEasing":0},{"transform":{"scX":-1,"x":-0.65,"scY":1,"y":-36.5,"pX":0,"pY":0,"skX":0,"skY":0},"z":18,"duration":1}],"offset":0},{"name":"hair0012","scale":1,"frame":[{"z":19,"transform":{"scX":-1,"x":-9.9,"scY":1,"y":-74.5,"pX":0,"pY":0,"skX":0,"skY":0},"duration":15,"tweenEasing":0},{"z":19,"transform":{"scX":-1,"x":-9.85,"scY":1.01,"y":-70.55,"pX":0,"pY":0.1,"skX":15.59,"skY":8.95},"duration":15,"tweenEasing":0},{"transform":{"scX":-1,"x":-9.9,"scY":1,"y":-74.5,"pX":0,"pY":0,"skX":0,"skY":0},"z":19,"duration":1}],"offset":0},{"name":"hair001","scale":1,"frame":[{"z":20,"transform":{"scX":-1,"x":14.1,"scY":1,"y":-72.25,"pX":0,"pY":0,"skX":0,"skY":0},"duration":15,"tweenEasing":0},{"z":20,"transform":{"scX":-1.05,"x":14.05,"scY":1,"y":-68.2,"pX":-0.1,"pY":-0.1,"skX":-9.52,"skY":-7.49},"duration":15,"tweenEasing":0},{"transform":{"scX":-1,"x":14.1,"scY":1,"y":-72.25,"pX":0,"pY":0,"skX":0,"skY":0},"z":20,"duration":1}],"offset":0},{"name":"wind002","scale":1,"frame":[{"z":21,"transform":{"scX":-1,"x":7.6,"scY":1,"y":-30.75,"pX":0,"pY":0,"skX":0,"skY":0},"duration":8,"tweenEasing":0},{"z":21,"transform":{"scX":-0.37,"x":6.1,"scY":1,"y":-28.6,"pX":0.05,"pY":0,"skX":0,"skY":-6.15},"duration":7,"tweenEasing":0},{"z":21,"transform":{"scX":-1,"x":7.6,"scY":1,"y":-28.05,"pX":0,"pY":0,"skX":0,"skY":0},"duration":8,"tweenEasing":0},{"z":21,"transform":{"scX":-0.37,"x":6.1,"scY":1,"y":-28.6,"pX":0.05,"pY":0,"skX":0,"skY":-6.15},"duration":7,"tweenEasing":0},{"z":21,"transform":{"scX":-1,"x":7.6,"scY":1,"y":-30.75,"pX":0,"pY":0,"skX":0,"skY":0},"duration":1,"tweenEasing":0}],"offset":0},{"name":"wind001","scale":1,"frame":[{"z":22,"transform":{"scX":-1.08,"x":-10.4,"scY":1,"y":-30.75,"pX":0,"pY":0,"skX":0,"skY":0},"duration":8,"tweenEasing":0},{"z":22,"transform":{"scX":-0.37,"x":-8.9,"scY":1,"y":-28.6,"pX":-0.05,"pY":-0.05,"skX":0,"skY":9.46},"duration":7,"tweenEasing":0},{"z":22,"transform":{"scX":-1.08,"x":-10.4,"scY":1,"y":-28.05,"pX":0,"pY":0,"skX":0,"skY":0},"duration":8,"tweenEasing":0},{"z":22,"transform":{"scX":-0.37,"x":-8.9,"scY":1,"y":-28.6,"pX":-0.05,"pY":-0.05,"skX":0,"skY":9.46},"duration":7,"tweenEasing":0},{"transform":{"scX":-1.08,"x":-10.4,"scY":1,"y":-30.75,"pX":0,"pY":0,"skX":0,"skY":0},"z":22,"duration":1}],"offset":0}],"scale":1,"loop":0,"autoTween":0,"name":"standB","duration":31,"tweenEasing":null}]}],"name":"game.living.Living401","frameRate":24,"version":2.3}