{"armature":[{"skin":[{"name":"default","slot":[{"name":"图层 125 副本","z":0,"display":[{"transform":{"scX":1,"x":-10.4,"scY":1,"y":-17.45,"pX":0,"pY":0,"skX":0,"skY":0},"name":"Living441/图层 125 副本1","type":"image"}],"parent":"图层 125 副本"},{"name":"图层 140","z":1,"display":[{"transform":{"scX":1,"x":-9.95,"scY":1,"y":-16,"pX":0,"pY":0,"skX":0,"skY":0},"name":"Living441/图层 1401","type":"image"}],"parent":"图层 140"},{"name":"图层 130","z":2,"display":[{"transform":{"scX":1,"x":-11.5,"scY":1,"y":-7.55,"pX":0,"pY":0,"skX":0,"skY":0},"name":"Living441/图层 1301","type":"image"}],"parent":"图层 130"},{"name":"图层 142","z":3,"display":[{"transform":{"scX":1,"x":-13.05,"scY":1,"y":-6.45,"pX":0,"pY":0,"skX":0,"skY":0},"name":"Living441/图层 1421","type":"image"}],"parent":"图层 142"},{"name":"图层 129","z":4,"display":[{"transform":{"scX":1,"x":-12,"scY":1,"y":-7.55,"pX":0,"pY":0,"skX":0,"skY":0},"name":"Living441/图层 1291","type":"image"}],"parent":"图层 129"},{"name":"图层 143","z":5,"display":[{"transform":{"scX":1,"x":-14,"scY":1,"y":-5.05,"pX":0,"pY":0,"skX":0,"skY":0},"name":"Living441/图层 1431","type":"image"}],"parent":"图层 143"},{"name":"图层 121 副本 3","z":6,"display":[{"transform":{"scX":1,"x":-34.45,"scY":1,"y":-21,"pX":0,"pY":0,"skX":0,"skY":0},"name":"Living441/图层 121 副本 31","type":"image"}],"parent":"图层 121 副本 3"},{"name":"图层 141","z":7,"display":[{"transform":{"scX":1,"x":-34.45,"scY":1,"y":-27.5,"pX":0,"pY":0,"skX":0,"skY":0},"name":"Living441/图层 1411","type":"image"}],"parent":"图层 141"},{"name":"图层 122","z":8,"display":[{"transform":{"scX":1,"x":-34,"scY":1,"y":-16,"pX":0,"pY":0,"skX":0,"skY":0},"name":"Living441/图层 1221","type":"image"}],"parent":"图层 122"},{"name":"图层 128","z":9,"display":[{"transform":{"scX":1,"x":-17,"scY":1,"y":-20.05,"pX":0,"pY":0,"skX":0,"skY":0},"name":"Living441/图层 1281","type":"image"}],"parent":"图层 128"},{"name":"图层 139","z":10,"display":[{"transform":{"scX":1,"x":-12.5,"scY":1,"y":-21.95,"pX":0,"pY":0,"skX":0,"skY":0},"name":"Living441/图层 1391","type":"image"}],"parent":"图层 139"},{"name":"元件 3","z":11,"display":[{"transform":{"scX":1,"x":-19,"scY":1,"y":-17.05,"pX":0,"pY":0,"skX":0,"skY":0},"name":"Living441/元件 3","type":"image"}],"parent":"元件 3"},{"name":"图层 133","z":12,"display":[{"transform":{"scX":1,"x":-10.5,"scY":1,"y":-17,"pX":0,"pY":0,"skX":0,"skY":0},"name":"Living441/图层 1331","type":"image"}],"parent":"图层 133"},{"name":"图层 148","z":13,"display":[{"transform":{"scX":1,"x":-12,"scY":1,"y":-17,"pX":0,"pY":0,"skX":0,"skY":0},"name":"Living441/图层 1481","type":"image"}],"parent":"图层 148"},{"name":"图层 137","z":14,"display":[{"transform":{"scX":1,"x":-15.45,"scY":1,"y":-10,"pX":0,"pY":0,"skX":0,"skY":0},"name":"Living441/图层 1371","type":"image"}],"parent":"图层 137"},{"name":"图层 136","z":15,"display":[{"transform":{"scX":1,"x":-14.5,"scY":1,"y":-10.95,"pX":0,"pY":0,"skX":0,"skY":0},"name":"Living441/图层 1361","type":"image"}],"parent":"图层 136"},{"name":"图层 144","z":16,"display":[{"transform":{"scX":1,"x":-28.95,"scY":1,"y":-24.95,"pX":0,"pY":0,"skX":0,"skY":0},"name":"Living441/图层 1441","type":"image"}],"parent":"图层 144"},{"name":"图层 145","z":17,"display":[{"transform":{"scX":1,"x":-35,"scY":1,"y":-19.95,"pX":0,"pY":0,"skX":0,"skY":0},"name":"Living441/图层 1451","type":"image"}],"parent":"图层 145"},{"name":"图层 146","z":18,"display":[{"transform":{"scX":1,"x":-35,"scY":1,"y":-24.5,"pX":0,"pY":0,"skX":0,"skY":0},"name":"Living441/图层 1461","type":"image"}],"parent":"图层 146"},{"name":"图层 127 副本","z":19,"display":[{"transform":{"scX":1,"x":-35.5,"scY":1,"y":-15.05,"pX":0,"pY":0,"skX":0,"skY":0},"name":"Living441/图层 127 副本1","type":"image"}],"parent":"图层 127 副本"},{"name":"图层 132","z":20,"display":[{"transform":{"scX":1,"x":-32.45,"scY":1,"y":-30.45,"pX":-42.1,"pY":-20.95,"skX":0,"skY":0},"name":"Living441/图层 1321","type":"image"}],"parent":"图层 132"},{"name":"图层 147","z":21,"display":[{"transform":{"scX":1,"x":-12.5,"scY":1,"y":-17.5,"pX":0,"pY":0,"skX":0,"skY":0},"name":"Living441/图层 1471","type":"image"}],"parent":"图层 147"}]}],"name":"game.living.Living441","bone":[{"transform":{"scX":0.66,"x":-17.25,"skX":0,"scY":0.66,"y":-29.5,"skY":0},"name":"图层 125 副本"},{"transform":{"scX":0.66,"x":-14.95,"skX":0,"scY":0.66,"y":-44.9,"skY":0},"name":"图层 140"},{"transform":{"scX":0.66,"x":-4.05,"skX":0,"scY":0.66,"y":-5.85,"skY":0},"name":"图层 130"},{"transform":{"scX":0.66,"x":-4.4,"skX":0,"scY":0.66,"y":-9.8,"skY":0},"name":"图层 142"},{"transform":{"scX":0.66,"x":10.05,"skX":0,"scY":0.66,"y":-5.2,"skY":0},"name":"图层 129"},{"transform":{"scX":0.66,"x":10.05,"skX":0,"scY":0.66,"y":-8.15,"skY":0},"name":"图层 143"},{"transform":{"scX":0.57,"x":1.85,"skX":0,"scY":0.66,"y":-23.25,"skY":0},"name":"图层 121 副本 3"},{"transform":{"scX":0.57,"x":1.85,"skX":0,"scY":0.66,"y":-43.95,"skY":0},"name":"图层 141"},{"transform":{"scX":0.62,"x":3.4,"skX":0,"scY":0.66,"y":-18,"skY":0},"name":"图层 122"},{"transform":{"scX":0.66,"x":21.2,"skX":-3.75,"scY":0.66,"y":-29.15,"skY":-3.75},"name":"图层 128"},{"transform":{"scX":0.66,"x":21.05,"skX":-3.75,"scY":0.66,"y":-46.9,"skY":-3.75},"name":"图层 139"},{"transform":{"scX":1,"x":1.45,"skX":0,"scY":1,"y":-63.95,"skY":0},"name":"元件 3"},{"transform":{"scX":-0.66,"x":24.6,"skX":0,"scY":0.66,"y":-27.95,"skY":0},"name":"图层 133"},{"transform":{"scX":-0.66,"x":22.95,"skX":0,"scY":0.66,"y":-45,"skY":0},"name":"图层 148"},{"transform":{"scX":-0.66,"x":8.85,"skX":0,"scY":0.66,"y":-6.3,"skY":0},"name":"图层 137"},{"transform":{"scX":-0.66,"x":-4.95,"skX":0,"scY":0.66,"y":-6.3,"skY":0},"name":"图层 136"},{"transform":{"scX":-0.66,"x":0.65,"skX":0,"scY":0.66,"y":-64.7,"skY":0},"name":"图层 144"},{"transform":{"scX":-0.66,"x":1.95,"skX":0,"scY":0.66,"y":-28.6,"skY":0},"name":"图层 145"},{"transform":{"scX":-0.66,"x":1.95,"skX":0,"scY":0.66,"y":-44,"skY":0},"name":"图层 146"},{"transform":{"scX":-0.66,"x":1.6,"skX":0,"scY":0.66,"y":-18.75,"skY":0},"name":"图层 127 副本"},{"transform":{"scX":-0.66,"x":-6.9,"skX":0,"scY":0.66,"y":-35.5,"skY":0},"name":"图层 132"},{"transform":{"scX":-0.66,"x":-19.4,"skX":0,"scY":0.66,"y":-44.65,"skY":0},"name":"图层 147"}],"animation":[{"fadeInTime":0,"timeline":[{"name":"图层 125 副本","scale":1,"frame":[{"z":0,"transform":{"scX":0.66,"x":-17.25,"scY":0.66,"y":-29.5,"pX":0,"pY":0,"skX":0,"skY":0},"duration":3,"tweenEasing":0},{"z":0,"transform":{"scX":0.66,"x":-21.1,"scY":0.66,"y":-24,"pX":0.05,"pY":0,"skX":8.78,"skY":8.78},"duration":2,"tweenEasing":0},{"z":0,"transform":{"scX":0.59,"x":-14.35,"scY":0.71,"y":-42.7,"pX":0,"pY":-0.25,"skX":-11.65,"skY":-16.66},"duration":3,"tweenEasing":0},{"z":0,"transform":{"scX":0.66,"x":-14.75,"scY":0.66,"y":-56.65,"pX":0.1,"pY":-0.1,"skX":-10.65,"skY":-10.65},"duration":2,"tweenEasing":0},{"z":0,"transform":{"scX":0.69,"x":-18.05,"scY":0.61,"y":-58.5,"pX":0,"pY":-0.1,"skX":-1.48,"skY":-1.16},"duration":3,"tweenEasing":0},{"z":0,"transform":{"scX":0.69,"x":-26.55,"scY":0.65,"y":-25,"pX":-0.15,"pY":0.1,"skX":20.77,"skY":18.81},"duration":2,"tweenEasing":0},{"transform":{"scX":0.66,"x":-17.25,"scY":0.66,"y":-29.5,"pX":0,"pY":0,"skX":0,"skY":0},"z":0,"duration":1},{"z":0,"transform":{"scX":0.66,"x":-17.25,"scY":0.66,"y":-29.5,"pX":0,"pY":0,"skX":0,"skY":0},"duration":3,"tweenEasing":0},{"z":0,"transform":{"scX":0.66,"x":-21.1,"scY":0.66,"y":-24,"pX":0.05,"pY":0,"skX":8.78,"skY":8.78},"duration":2,"tweenEasing":0},{"z":0,"transform":{"scX":0.59,"x":-14.35,"scY":0.71,"y":-42.7,"pX":0,"pY":-0.25,"skX":-11.65,"skY":-16.66},"duration":3,"tweenEasing":0},{"z":0,"transform":{"scX":0.66,"x":-14.75,"scY":0.66,"y":-56.65,"pX":0.1,"pY":-0.1,"skX":-10.65,"skY":-10.65},"duration":2,"tweenEasing":0},{"z":0,"transform":{"scX":0.69,"x":-18.05,"scY":0.61,"y":-58.5,"pX":0,"pY":-0.1,"skX":-1.48,"skY":-1.16},"duration":3,"tweenEasing":0},{"z":0,"transform":{"scX":0.69,"x":-26.55,"scY":0.65,"y":-25,"pX":-0.15,"pY":0.1,"skX":20.77,"skY":18.81},"duration":2,"tweenEasing":0},{"transform":{"scX":0.66,"x":-17.25,"scY":0.66,"y":-29.5,"pX":0,"pY":0,"skX":0,"skY":0},"z":0,"duration":1},{"z":0,"transform":{"scX":0.66,"x":-17.25,"scY":0.66,"y":-29.5,"pX":0,"pY":0,"skX":0,"skY":0},"duration":3,"tweenEasing":0},{"z":0,"transform":{"scX":0.66,"x":-21.1,"scY":0.66,"y":-24,"pX":0.05,"pY":0,"skX":8.78,"skY":8.78},"duration":2,"tweenEasing":0},{"z":0,"transform":{"scX":0.59,"x":-14.35,"scY":0.71,"y":-42.7,"pX":0,"pY":-0.25,"skX":-11.65,"skY":-16.66},"duration":3,"tweenEasing":0},{"z":0,"transform":{"scX":0.66,"x":-26.55,"scY":0.66,"y":-61,"pX":0.15,"pY":-0.2,"skX":17.46,"skY":17.46},"duration":2,"tweenEasing":0},{"z":0,"transform":{"scX":0.69,"x":-25.55,"scY":0.61,"y":-65.25,"pX":-0.1,"pY":-0.15,"skX":25.06,"skY":25.38},"duration":3,"tweenEasing":0},{"z":0,"transform":{"scX":0.69,"x":-32.15,"scY":0.65,"y":-29.2,"pX":-0.1,"pY":0.2,"skX":42.97,"skY":41.02},"duration":2,"tweenEasing":0},{"transform":{"scX":0.66,"x":-17.25,"scY":0.66,"y":-29.5,"pX":0,"pY":0,"skX":0,"skY":0},"z":0,"duration":1}],"offset":0},{"name":"图层 140","scale":1,"frame":[{"z":1,"transform":{"scX":0.66,"x":-14.95,"scY":0.66,"y":-44.9,"pX":0,"pY":0,"skX":0,"skY":0},"duration":3,"tweenEasing":0},{"z":1,"transform":{"scX":0.66,"x":-18.6,"scY":0.66,"y":-38.3,"pX":0.05,"pY":0,"skX":0.05,"skY":0.05},"duration":2,"tweenEasing":0},{"z":1,"transform":{"scX":0.59,"x":-15.7,"scY":0.71,"y":-59.6,"pX":0,"pY":0.05,"skX":-11.65,"skY":-16.66},"duration":3,"tweenEasing":0},{"z":1,"transform":{"scX":0.66,"x":-15.35,"scY":0.66,"y":-72.3,"pX":0.1,"pY":0.1,"skX":-10.65,"skY":-10.65},"duration":2,"tweenEasing":0},{"z":1,"transform":{"scX":0.69,"x":-16.7,"scY":0.61,"y":-72.65,"pX":-0.05,"pY":0,"skX":-4.54,"skY":-3.56},"duration":3,"tweenEasing":0},{"z":1,"transform":{"scX":0.69,"x":-22.2,"scY":0.64,"y":-38.05,"pX":-0.25,"pY":0.1,"skX":6.8,"skY":6.76},"duration":2,"tweenEasing":0},{"transform":{"scX":0.66,"x":-14.95,"scY":0.66,"y":-44.9,"pX":0,"pY":0,"skX":0,"skY":0},"z":1,"duration":1},{"z":1,"transform":{"scX":0.66,"x":-14.95,"scY":0.66,"y":-44.9,"pX":0,"pY":0,"skX":0,"skY":0},"duration":3,"tweenEasing":0},{"z":1,"transform":{"scX":0.66,"x":-18.6,"scY":0.66,"y":-38.3,"pX":0.05,"pY":0,"skX":0.05,"skY":0.05},"duration":2,"tweenEasing":0},{"z":1,"transform":{"scX":0.59,"x":-15.7,"scY":0.71,"y":-59.6,"pX":0,"pY":0.05,"skX":-11.65,"skY":-16.66},"duration":3,"tweenEasing":0},{"z":1,"transform":{"scX":0.66,"x":-15.35,"scY":0.66,"y":-72.3,"pX":0.1,"pY":0.1,"skX":-10.65,"skY":-10.65},"duration":2,"tweenEasing":0},{"z":1,"transform":{"scX":0.69,"x":-16.7,"scY":0.61,"y":-72.65,"pX":-0.05,"pY":0,"skX":-4.54,"skY":-3.56},"duration":3,"tweenEasing":0},{"z":1,"transform":{"scX":0.69,"x":-22.2,"scY":0.64,"y":-38.05,"pX":-0.25,"pY":0.1,"skX":6.8,"skY":6.76},"duration":2,"tweenEasing":0},{"transform":{"scX":0.66,"x":-14.95,"scY":0.66,"y":-44.9,"pX":0,"pY":0,"skX":0,"skY":0},"z":1,"duration":1},{"z":1,"transform":{"scX":0.66,"x":-14.95,"scY":0.66,"y":-44.9,"pX":0,"pY":0,"skX":0,"skY":0},"duration":3,"tweenEasing":0},{"z":1,"transform":{"scX":0.66,"x":-18.6,"scY":0.66,"y":-38.3,"pX":0.05,"pY":0,"skX":0.05,"skY":0.05},"duration":2,"tweenEasing":0},{"z":1,"transform":{"scX":0.59,"x":-15.7,"scY":0.71,"y":-59.6,"pX":0,"pY":0.05,"skX":-11.65,"skY":-16.66},"duration":3,"tweenEasing":0},{"z":1,"transform":{"scX":0.66,"x":-19.7,"scY":0.66,"y":-75.15,"pX":0,"pY":0.15,"skX":17.46,"skY":17.46},"duration":2,"tweenEasing":0},{"z":1,"transform":{"scX":0.69,"x":-18.1,"scY":0.61,"y":-79.2,"pX":-0.05,"pY":0.1,"skX":10.81,"skY":11.79},"duration":3,"tweenEasing":0},{"z":1,"transform":{"scX":0.69,"x":-23.25,"scY":0.64,"y":-39.65,"pX":-0.1,"pY":0.1,"skX":29.01,"skY":28.96},"duration":2,"tweenEasing":0},{"transform":{"scX":0.66,"x":-14.95,"scY":0.66,"y":-44.9,"pX":0,"pY":0,"skX":0,"skY":0},"z":1,"duration":1}],"offset":0},{"name":"图层 130","scale":1,"frame":[{"z":2,"transform":{"scX":0.66,"x":-4.05,"scY":0.66,"y":-5.85,"pX":0,"pY":0,"skX":0,"skY":0},"duration":3,"tweenEasing":0},{"z":2,"transform":{"scX":0.66,"x":-4.95,"scY":0.61,"y":-5.4,"pX":0,"pY":0,"skX":-11.82,"skY":0},"duration":2,"tweenEasing":0},{"z":2,"transform":{"scX":0.71,"x":-4,"scY":1.13,"y":-13.3,"pX":0.1,"pY":0.05,"skX":-9.53,"skY":-27.57},"duration":3,"tweenEasing":0},{"z":2,"transform":{"scX":0.66,"x":-3.9,"scY":0.66,"y":-36.65,"pX":0.05,"pY":0.1,"skX":-29.9,"skY":-29.9},"duration":2,"tweenEasing":0},{"z":2,"transform":{"scX":0.68,"x":-5.9,"scY":0.6,"y":-35.65,"pX":0.15,"pY":-0.05,"skX":-14.74,"skY":-7.52},"duration":3,"tweenEasing":0},{"z":2,"transform":{"scX":0.66,"x":-5.4,"scY":0.59,"y":-5.15,"pX":0.05,"pY":0,"skX":-17.97,"skY":0},"duration":2,"tweenEasing":0},{"transform":{"scX":0.66,"x":-4.05,"scY":0.66,"y":-5.85,"pX":0,"pY":0,"skX":0,"skY":0},"z":2,"duration":1},{"z":2,"transform":{"scX":0.66,"x":-4.05,"scY":0.66,"y":-5.85,"pX":0,"pY":0,"skX":0,"skY":0},"duration":3,"tweenEasing":0},{"z":2,"transform":{"scX":0.66,"x":-4.95,"scY":0.61,"y":-5.4,"pX":0,"pY":0,"skX":-11.82,"skY":0},"duration":2,"tweenEasing":0},{"z":2,"transform":{"scX":0.71,"x":-4,"scY":1.13,"y":-13.3,"pX":0.1,"pY":0.05,"skX":-9.53,"skY":-27.57},"duration":3,"tweenEasing":0},{"z":2,"transform":{"scX":0.66,"x":-3.9,"scY":0.66,"y":-36.65,"pX":0.05,"pY":0.1,"skX":-29.9,"skY":-29.9},"duration":2,"tweenEasing":0},{"z":2,"transform":{"scX":0.68,"x":-5.9,"scY":0.6,"y":-35.65,"pX":0.15,"pY":-0.05,"skX":-14.74,"skY":-7.52},"duration":3,"tweenEasing":0},{"z":2,"transform":{"scX":0.66,"x":-5.4,"scY":0.59,"y":-5.15,"pX":0.05,"pY":0,"skX":-17.97,"skY":0},"duration":2,"tweenEasing":0},{"transform":{"scX":0.66,"x":-4.05,"scY":0.66,"y":-5.85,"pX":0,"pY":0,"skX":0,"skY":0},"z":2,"duration":1},{"z":2,"transform":{"scX":0.66,"x":-4.05,"scY":0.66,"y":-5.85,"pX":0,"pY":0,"skX":0,"skY":0},"duration":3,"tweenEasing":0},{"z":2,"transform":{"scX":0.66,"x":-4.95,"scY":0.61,"y":-5.4,"pX":0,"pY":0,"skX":-11.82,"skY":0},"duration":2,"tweenEasing":0},{"z":2,"transform":{"scX":0.71,"x":-4,"scY":1.13,"y":-13.3,"pX":0.1,"pY":0.05,"skX":-9.53,"skY":-27.57},"duration":3,"tweenEasing":0},{"z":2,"transform":{"scX":0.66,"x":-10.15,"scY":0.66,"y":-34.8,"pX":0.25,"pY":0.2,"skX":11.07,"skY":11.07},"duration":2,"tweenEasing":0},{"z":2,"transform":{"scX":0.68,"x":-10.1,"scY":0.6,"y":-42.25,"pX":0.05,"pY":0.05,"skX":2.21,"skY":9.42},"duration":3,"tweenEasing":0},{"z":2,"transform":{"scX":0.66,"x":-5.4,"scY":0.59,"y":-5.15,"pX":0.05,"pY":0,"skX":-17.97,"skY":0},"duration":2,"tweenEasing":0},{"transform":{"scX":0.66,"x":-4.05,"scY":0.66,"y":-5.85,"pX":0,"pY":0,"skX":0,"skY":0},"z":2,"duration":1}],"offset":0},{"name":"图层 142","scale":1,"frame":[{"z":3,"transform":{"scX":0.66,"x":-4.4,"scY":0.66,"y":-9.8,"pX":0,"pY":0,"skX":0,"skY":0},"duration":3,"tweenEasing":0},{"z":3,"transform":{"scX":0.66,"x":-6.05,"scY":0.61,"y":-8.95,"pX":0.05,"pY":-0.05,"skX":-11.82,"skY":0},"duration":2,"tweenEasing":0},{"z":3,"transform":{"scX":0.66,"x":-4.7,"scY":1.35,"y":-21.3,"pX":0,"pY":0,"skX":0,"skY":0},"duration":3,"tweenEasing":0},{"z":3,"transform":{"scX":0.66,"x":-6.45,"scY":0.76,"y":-41.15,"pX":0,"pY":0.05,"skX":-20.48,"skY":-20.48},"duration":2,"tweenEasing":0},{"z":3,"transform":{"scX":0.69,"x":-6.35,"scY":0.68,"y":-39.75,"pX":0.1,"pY":-0.1,"skX":2.27,"skY":6.25},"duration":3,"tweenEasing":0},{"z":3,"transform":{"scX":0.66,"x":-6.85,"scY":0.59,"y":-8.55,"pX":-0.05,"pY":0.05,"skX":-17.97,"skY":0},"duration":2,"tweenEasing":0},{"transform":{"scX":0.66,"x":-4.4,"scY":0.66,"y":-9.8,"pX":0,"pY":0,"skX":0,"skY":0},"z":3,"duration":1},{"z":3,"transform":{"scX":0.66,"x":-4.4,"scY":0.66,"y":-9.8,"pX":0,"pY":0,"skX":0,"skY":0},"duration":3,"tweenEasing":0},{"z":3,"transform":{"scX":0.66,"x":-6.05,"scY":0.61,"y":-8.95,"pX":0.05,"pY":-0.05,"skX":-11.82,"skY":0},"duration":2,"tweenEasing":0},{"z":3,"transform":{"scX":0.66,"x":-4.7,"scY":1.35,"y":-21.3,"pX":0,"pY":0,"skX":0,"skY":0},"duration":3,"tweenEasing":0},{"z":3,"transform":{"scX":0.66,"x":-6.45,"scY":0.76,"y":-41.15,"pX":0,"pY":0.05,"skX":-20.48,"skY":-20.48},"duration":2,"tweenEasing":0},{"z":3,"transform":{"scX":0.69,"x":-6.35,"scY":0.68,"y":-39.75,"pX":0.1,"pY":-0.1,"skX":2.27,"skY":6.25},"duration":3,"tweenEasing":0},{"z":3,"transform":{"scX":0.66,"x":-6.85,"scY":0.59,"y":-8.55,"pX":-0.05,"pY":0.05,"skX":-17.97,"skY":0},"duration":2,"tweenEasing":0},{"transform":{"scX":0.66,"x":-4.4,"scY":0.66,"y":-9.8,"pX":0,"pY":0,"skX":0,"skY":0},"z":3,"duration":1},{"z":3,"transform":{"scX":0.66,"x":-4.4,"scY":0.66,"y":-9.8,"pX":0,"pY":0,"skX":0,"skY":0},"duration":3,"tweenEasing":0},{"z":3,"transform":{"scX":0.66,"x":-6.05,"scY":0.61,"y":-8.95,"pX":0.05,"pY":-0.05,"skX":-11.82,"skY":0},"duration":2,"tweenEasing":0},{"z":3,"transform":{"scX":0.66,"x":-4.7,"scY":1.35,"y":-21.3,"pX":0,"pY":0,"skX":0,"skY":0},"duration":3,"tweenEasing":0},{"z":3,"transform":{"scX":0.66,"x":-9.15,"scY":0.76,"y":-39.9,"pX":0.15,"pY":-0.1,"skX":20.49,"skY":20.49},"duration":2,"tweenEasing":0},{"z":3,"transform":{"scX":0.69,"x":-9.35,"scY":0.68,"y":-46.3,"pX":0.1,"pY":0,"skX":19.21,"skY":23.19},"duration":3,"tweenEasing":0},{"z":3,"transform":{"scX":0.66,"x":-6.85,"scY":0.59,"y":-8.55,"pX":-0.05,"pY":0.05,"skX":-17.97,"skY":0},"duration":2,"tweenEasing":0},{"transform":{"scX":0.66,"x":-4.4,"scY":0.66,"y":-9.8,"pX":0,"pY":0,"skX":0,"skY":0},"z":3,"duration":1}],"offset":0},{"name":"图层 129","scale":1,"frame":[{"z":4,"transform":{"scX":0.66,"x":10.05,"scY":0.66,"y":-5.2,"pX":0,"pY":0,"skX":0,"skY":0},"duration":3,"tweenEasing":0},{"z":4,"transform":{"scX":0.66,"x":9.25,"scY":0.67,"y":-5.2,"pX":0,"pY":0.05,"skX":-9.06,"skY":0},"duration":2,"tweenEasing":0},{"z":4,"transform":{"scX":0.72,"x":10.45,"scY":1.12,"y":-14.55,"pX":0,"pY":0.05,"skX":-10.25,"skY":-29.37},"duration":3,"tweenEasing":0},{"z":4,"transform":{"scX":0.66,"x":10.75,"scY":0.66,"y":-32.65,"pX":0.05,"pY":0,"skX":-17.69,"skY":-17.69},"duration":2,"tweenEasing":0},{"z":4,"transform":{"scX":0.68,"x":12.85,"scY":0.62,"y":-38.15,"pX":0.15,"pY":-0.05,"skX":-37.81,"skY":-31.45},"duration":3,"tweenEasing":0},{"z":4,"transform":{"scX":0.66,"x":8.85,"scY":0.68,"y":-5.2,"pX":-0.1,"pY":0,"skX":-13.85,"skY":0},"duration":2,"tweenEasing":0},{"transform":{"scX":0.66,"x":10.05,"scY":0.66,"y":-5.2,"pX":0,"pY":0,"skX":0,"skY":0},"z":4,"duration":1},{"z":4,"transform":{"scX":0.66,"x":10.05,"scY":0.66,"y":-5.2,"pX":0,"pY":0,"skX":0,"skY":0},"duration":3,"tweenEasing":0},{"z":4,"transform":{"scX":0.66,"x":9.25,"scY":0.67,"y":-5.2,"pX":0,"pY":0.05,"skX":-9.06,"skY":0},"duration":2,"tweenEasing":0},{"z":4,"transform":{"scX":0.72,"x":10.45,"scY":1.12,"y":-14.55,"pX":0,"pY":0.05,"skX":-10.25,"skY":-29.37},"duration":3,"tweenEasing":0},{"z":4,"transform":{"scX":0.66,"x":10.75,"scY":0.66,"y":-32.65,"pX":0.05,"pY":0,"skX":-17.69,"skY":-17.69},"duration":2,"tweenEasing":0},{"z":4,"transform":{"scX":0.68,"x":12.85,"scY":0.62,"y":-38.15,"pX":0.15,"pY":-0.05,"skX":-37.81,"skY":-31.45},"duration":3,"tweenEasing":0},{"z":4,"transform":{"scX":0.66,"x":8.85,"scY":0.68,"y":-5.2,"pX":-0.1,"pY":0,"skX":-13.85,"skY":0},"duration":2,"tweenEasing":0},{"transform":{"scX":0.66,"x":10.05,"scY":0.66,"y":-5.2,"pX":0,"pY":0,"skX":0,"skY":0},"z":4,"duration":1},{"z":4,"transform":{"scX":0.66,"x":10.05,"scY":0.66,"y":-5.2,"pX":0,"pY":0,"skX":0,"skY":0},"duration":3,"tweenEasing":0},{"z":4,"transform":{"scX":0.66,"x":9.25,"scY":0.67,"y":-5.2,"pX":0,"pY":0.05,"skX":-9.06,"skY":0},"duration":2,"tweenEasing":0},{"z":4,"transform":{"scX":0.72,"x":10.45,"scY":1.12,"y":-14.55,"pX":0,"pY":0.05,"skX":-10.25,"skY":-29.37},"duration":3,"tweenEasing":0},{"z":4,"transform":{"scX":0.66,"x":13.55,"scY":0.66,"y":-34.3,"pX":0.05,"pY":0.1,"skX":-23.23,"skY":-23.23},"duration":2,"tweenEasing":0},{"z":4,"transform":{"scX":0.68,"x":15.65,"scY":0.62,"y":-43.15,"pX":0.25,"pY":-0.05,"skX":-39.05,"skY":-32.69},"duration":3,"tweenEasing":0},{"z":4,"transform":{"scX":0.66,"x":8.85,"scY":0.68,"y":-5.2,"pX":-0.1,"pY":0,"skX":-13.85,"skY":0},"duration":2,"tweenEasing":0},{"transform":{"scX":0.66,"x":10.05,"scY":0.66,"y":-5.2,"pX":0,"pY":0,"skX":0,"skY":0},"z":4,"duration":1}],"offset":0},{"name":"图层 143","scale":1,"frame":[{"z":5,"transform":{"scX":0.66,"x":10.05,"scY":0.66,"y":-8.15,"pX":0,"pY":0,"skX":0,"skY":0},"duration":3,"tweenEasing":0},{"z":5,"transform":{"scX":0.66,"x":8.9,"scY":0.51,"y":-7.4,"pX":0,"pY":0.05,"skX":-9.06,"skY":0},"duration":2,"tweenEasing":0},{"z":5,"transform":{"scX":0.66,"x":9.75,"scY":1.48,"y":-18,"pX":0,"pY":0.05,"skX":0,"skY":0},"duration":3,"tweenEasing":0},{"z":5,"transform":{"scX":0.66,"x":10.05,"scY":0.84,"y":-34.6,"pX":0,"pY":0,"skX":0,"skY":0},"duration":2,"tweenEasing":0},{"z":5,"transform":{"scX":0.69,"x":11.75,"scY":0.7,"y":-39.85,"pX":-0.05,"pY":0.1,"skX":-15.59,"skY":-12.48},"duration":3,"tweenEasing":0},{"z":5,"transform":{"scX":0.66,"x":8.35,"scY":0.44,"y":-7.05,"pX":0.05,"pY":0.05,"skX":-13.85,"skY":0},"duration":2,"tweenEasing":0},{"transform":{"scX":0.66,"x":10.05,"scY":0.66,"y":-8.15,"pX":0,"pY":0,"skX":0,"skY":0},"z":5,"duration":1},{"z":5,"transform":{"scX":0.66,"x":10.05,"scY":0.66,"y":-8.15,"pX":0,"pY":0,"skX":0,"skY":0},"duration":3,"tweenEasing":0},{"z":5,"transform":{"scX":0.66,"x":8.9,"scY":0.51,"y":-7.4,"pX":0,"pY":0.05,"skX":-9.06,"skY":0},"duration":2,"tweenEasing":0},{"z":5,"transform":{"scX":0.66,"x":9.75,"scY":1.48,"y":-18,"pX":0,"pY":0.05,"skX":0,"skY":0},"duration":3,"tweenEasing":0},{"z":5,"transform":{"scX":0.66,"x":10.05,"scY":0.84,"y":-34.6,"pX":0,"pY":0,"skX":0,"skY":0},"duration":2,"tweenEasing":0},{"z":5,"transform":{"scX":0.69,"x":11.75,"scY":0.7,"y":-39.85,"pX":-0.05,"pY":0.1,"skX":-15.59,"skY":-12.48},"duration":3,"tweenEasing":0},{"z":5,"transform":{"scX":0.66,"x":8.35,"scY":0.44,"y":-7.05,"pX":0.05,"pY":0.05,"skX":-13.85,"skY":0},"duration":2,"tweenEasing":0},{"transform":{"scX":0.66,"x":10.05,"scY":0.66,"y":-8.15,"pX":0,"pY":0,"skX":0,"skY":0},"z":5,"duration":1},{"z":5,"transform":{"scX":0.66,"x":10.05,"scY":0.66,"y":-8.15,"pX":0,"pY":0,"skX":0,"skY":0},"duration":3,"tweenEasing":0},{"z":5,"transform":{"scX":0.66,"x":8.9,"scY":0.51,"y":-7.4,"pX":0,"pY":0.05,"skX":-9.06,"skY":0},"duration":2,"tweenEasing":0},{"z":5,"transform":{"scX":0.66,"x":9.75,"scY":1.48,"y":-18,"pX":0,"pY":0.05,"skX":0,"skY":0},"duration":3,"tweenEasing":0},{"z":5,"transform":{"scX":0.66,"x":12.7,"scY":0.84,"y":-36.1,"pX":-0.05,"pY":-0.1,"skX":-5.53,"skY":-5.53},"duration":2,"tweenEasing":0},{"z":5,"transform":{"scX":0.69,"x":14.6,"scY":0.7,"y":-44.85,"pX":-0.05,"pY":-0.05,"skX":-16.84,"skY":-13.72},"duration":3,"tweenEasing":0},{"z":5,"transform":{"scX":0.66,"x":8.35,"scY":0.44,"y":-7.05,"pX":0.05,"pY":0.05,"skX":-13.85,"skY":0},"duration":2,"tweenEasing":0},{"transform":{"scX":0.66,"x":10.05,"scY":0.66,"y":-8.15,"pX":0,"pY":0,"skX":0,"skY":0},"z":5,"duration":1}],"offset":0},{"name":"图层 121 副本 3","scale":1,"frame":[{"z":6,"transform":{"scX":0.57,"x":1.85,"scY":0.66,"y":-23.25,"pX":0,"pY":0,"skX":0,"skY":0},"duration":3,"tweenEasing":0},{"z":6,"transform":{"scX":0.69,"x":6.15,"scY":0.6,"y":-19.8,"pX":-0.05,"pY":0,"skX":14.11,"skY":-2.31},"duration":2,"tweenEasing":0},{"z":6,"transform":{"scX":0.58,"x":3.35,"scY":0.78,"y":-38.7,"pX":-0.05,"pY":0.05,"skX":1.47,"skY":2.65},"duration":3,"tweenEasing":0},{"z":6,"transform":{"scX":0.66,"x":2.9,"scY":0.66,"y":-50.6,"pX":0,"pY":0,"skX":1.98,"skY":1.98},"duration":2,"tweenEasing":0},{"z":6,"transform":{"scX":0.7,"x":2.05,"scY":0.6,"y":-52.65,"pX":0.05,"pY":0.05,"skX":0.35,"skY":0.68},"duration":3,"tweenEasing":0},{"z":6,"transform":{"scX":0.79,"x":0.8,"scY":0.6,"y":-19.25,"pX":-0.1,"pY":-0.1,"skX":-3.1,"skY":-0.65},"duration":2,"tweenEasing":0},{"transform":{"scX":0.57,"x":1.85,"scY":0.66,"y":-23.25,"pX":0,"pY":0,"skX":0,"skY":0},"z":6,"duration":1},{"z":6,"transform":{"scX":0.57,"x":1.85,"scY":0.66,"y":-23.25,"pX":0,"pY":0,"skX":0,"skY":0},"duration":3,"tweenEasing":0},{"z":6,"transform":{"scX":0.69,"x":6.15,"scY":0.6,"y":-19.8,"pX":-0.05,"pY":0,"skX":14.11,"skY":-2.31},"duration":2,"tweenEasing":0},{"z":6,"transform":{"scX":0.58,"x":3.35,"scY":0.78,"y":-38.7,"pX":-0.05,"pY":0.05,"skX":1.47,"skY":2.65},"duration":3,"tweenEasing":0},{"z":6,"transform":{"scX":0.66,"x":2.9,"scY":0.66,"y":-50.6,"pX":0,"pY":0,"skX":1.98,"skY":1.98},"duration":2,"tweenEasing":0},{"z":6,"transform":{"scX":0.7,"x":2.05,"scY":0.6,"y":-52.65,"pX":0.05,"pY":0.05,"skX":0.35,"skY":0.68},"duration":3,"tweenEasing":0},{"z":6,"transform":{"scX":0.79,"x":0.8,"scY":0.6,"y":-19.25,"pX":-0.1,"pY":-0.1,"skX":-3.1,"skY":-0.65},"duration":2,"tweenEasing":0},{"transform":{"scX":0.57,"x":1.85,"scY":0.66,"y":-23.25,"pX":0,"pY":0,"skX":0,"skY":0},"z":6,"duration":1},{"z":6,"transform":{"scX":0.57,"x":1.85,"scY":0.66,"y":-23.25,"pX":0,"pY":0,"skX":0,"skY":0},"duration":3,"tweenEasing":0},{"z":6,"transform":{"scX":0.69,"x":6.15,"scY":0.6,"y":-19.8,"pX":-0.05,"pY":0,"skX":14.11,"skY":-2.31},"duration":2,"tweenEasing":0},{"z":6,"transform":{"scX":0.58,"x":3.35,"scY":0.78,"y":-38.7,"pX":-0.05,"pY":0.05,"skX":1.47,"skY":2.65},"duration":3,"tweenEasing":0},{"z":6,"transform":{"scX":0.66,"x":2.9,"scY":0.66,"y":-51.5,"pX":-0.05,"pY":-0.1,"skX":1.42,"skY":1.42},"duration":2,"tweenEasing":0},{"z":6,"transform":{"scX":0.7,"x":2.5,"scY":0.6,"y":-57.2,"pX":0.05,"pY":0.1,"skX":4.54,"skY":4.87},"duration":3,"tweenEasing":0},{"z":6,"transform":{"scX":0.79,"x":0.8,"scY":0.6,"y":-19.25,"pX":-0.1,"pY":-0.1,"skX":-3.1,"skY":-0.65},"duration":2,"tweenEasing":0},{"transform":{"scX":0.57,"x":1.85,"scY":0.66,"y":-23.25,"pX":0,"pY":0,"skX":0,"skY":0},"z":6,"duration":1}],"offset":0},{"name":"图层 141","scale":1,"frame":[{"z":7,"transform":{"scX":0.57,"x":1.85,"scY":0.66,"y":-43.95,"pX":0,"pY":0,"skX":0,"skY":0},"duration":3,"tweenEasing":0},{"z":7,"transform":{"scX":0.68,"x":1.35,"scY":0.64,"y":-39.9,"pX":-0.05,"pY":0.05,"skX":-20.22,"skY":-10.31},"duration":2,"tweenEasing":0},{"z":7,"transform":{"scX":0.59,"x":1.35,"scY":0.71,"y":-62,"pX":0,"pY":0.1,"skX":-7.33,"skY":-10.41},"duration":3,"tweenEasing":0},{"z":7,"transform":{"scX":0.66,"x":3.2,"scY":0.66,"y":-71.95,"pX":-0.1,"pY":0.1,"skX":0,"skY":0},"duration":2,"tweenEasing":0},{"z":7,"transform":{"scX":0.7,"x":2.45,"scY":0.6,"y":-71.6,"pX":-0.05,"pY":0.1,"skX":0.59,"skY":1.15},"duration":3,"tweenEasing":0},{"z":7,"transform":{"scX":0.77,"x":-2.75,"scY":0.61,"y":-38.7,"pX":0,"pY":-0.05,"skX":-13.77,"skY":-7.16},"duration":2,"tweenEasing":0},{"transform":{"scX":0.57,"x":1.85,"scY":0.66,"y":-43.95,"pX":0,"pY":0,"skX":0,"skY":0},"z":7,"duration":1},{"z":7,"transform":{"scX":0.57,"x":1.85,"scY":0.66,"y":-43.95,"pX":0,"pY":0,"skX":0,"skY":0},"duration":3,"tweenEasing":0},{"z":7,"transform":{"scX":0.68,"x":1.35,"scY":0.64,"y":-39.9,"pX":-0.05,"pY":0.05,"skX":-20.22,"skY":-10.31},"duration":2,"tweenEasing":0},{"z":7,"transform":{"scX":0.59,"x":1.35,"scY":0.71,"y":-62,"pX":0,"pY":0.1,"skX":-7.33,"skY":-10.41},"duration":3,"tweenEasing":0},{"z":7,"transform":{"scX":0.66,"x":3.2,"scY":0.66,"y":-71.95,"pX":-0.1,"pY":0.1,"skX":0,"skY":0},"duration":2,"tweenEasing":0},{"z":7,"transform":{"scX":0.7,"x":2.45,"scY":0.6,"y":-71.6,"pX":-0.05,"pY":0.1,"skX":0.59,"skY":1.15},"duration":3,"tweenEasing":0},{"z":7,"transform":{"scX":0.77,"x":-2.75,"scY":0.61,"y":-38.7,"pX":0,"pY":-0.05,"skX":-13.77,"skY":-7.16},"duration":2,"tweenEasing":0},{"transform":{"scX":0.57,"x":1.85,"scY":0.66,"y":-43.95,"pX":0,"pY":0,"skX":0,"skY":0},"z":7,"duration":1},{"z":7,"transform":{"scX":0.57,"x":1.85,"scY":0.66,"y":-43.95,"pX":0,"pY":0,"skX":0,"skY":0},"duration":3,"tweenEasing":0},{"z":7,"transform":{"scX":0.68,"x":1.35,"scY":0.64,"y":-39.9,"pX":-0.05,"pY":0.05,"skX":-20.22,"skY":-10.31},"duration":2,"tweenEasing":0},{"z":7,"transform":{"scX":0.59,"x":1.35,"scY":0.71,"y":-62,"pX":0,"pY":0.1,"skX":-7.33,"skY":-10.41},"duration":3,"tweenEasing":0},{"z":7,"transform":{"scX":0.66,"x":1.3,"scY":0.66,"y":-72.65,"pX":-0.05,"pY":-0.05,"skX":-3.59,"skY":-3.59},"duration":2,"tweenEasing":0},{"z":7,"transform":{"scX":0.7,"x":2.65,"scY":0.6,"y":-76.9,"pX":0.05,"pY":0.15,"skX":-0.51,"skY":0.04},"duration":3,"tweenEasing":0},{"z":7,"transform":{"scX":0.77,"x":-2.75,"scY":0.61,"y":-38.7,"pX":0,"pY":-0.05,"skX":-13.77,"skY":-7.16},"duration":2,"tweenEasing":0},{"transform":{"scX":0.57,"x":1.85,"scY":0.66,"y":-43.95,"pX":0,"pY":0,"skX":0,"skY":0},"z":7,"duration":1}],"offset":0},{"name":"图层 122","scale":1,"frame":[{"z":8,"transform":{"scX":0.62,"x":3.4,"scY":0.66,"y":-18,"pX":0,"pY":0,"skX":0,"skY":0},"duration":3,"tweenEasing":0},{"z":8,"transform":{"scX":0.67,"x":5.3,"scY":0.64,"y":-15.2,"pX":0,"pY":-0.05,"skX":18.65,"skY":-2.55},"duration":2,"tweenEasing":0},{"z":8,"transform":{"scX":0.58,"x":4.05,"scY":0.78,"y":-32.35,"pX":-0.1,"pY":-0.05,"skX":1.47,"skY":2.65},"duration":3,"tweenEasing":0},{"z":8,"transform":{"scX":0.66,"x":3.7,"scY":0.66,"y":-45.3,"pX":0,"pY":-0.05,"skX":1.98,"skY":1.98},"duration":2,"tweenEasing":0},{"z":8,"transform":{"scX":0.69,"x":3,"scY":0.61,"y":-47.75,"pX":0,"pY":-0.05,"skX":0.63,"skY":0.48},"duration":3,"tweenEasing":0},{"z":8,"transform":{"scX":0.69,"x":1.45,"scY":0.64,"y":-14.75,"pX":-0.05,"pY":0.25,"skX":-4.72,"skY":-4.13},"duration":2,"tweenEasing":0},{"transform":{"scX":0.62,"x":3.4,"scY":0.66,"y":-18,"pX":0,"pY":0,"skX":0,"skY":0},"z":8,"duration":1},{"z":8,"transform":{"scX":0.62,"x":3.4,"scY":0.66,"y":-18,"pX":0,"pY":0,"skX":0,"skY":0},"duration":3,"tweenEasing":0},{"z":8,"transform":{"scX":0.67,"x":5.3,"scY":0.64,"y":-15.2,"pX":0,"pY":-0.05,"skX":18.65,"skY":-2.55},"duration":2,"tweenEasing":0},{"z":8,"transform":{"scX":0.58,"x":4.05,"scY":0.78,"y":-32.35,"pX":-0.1,"pY":-0.05,"skX":1.47,"skY":2.65},"duration":3,"tweenEasing":0},{"z":8,"transform":{"scX":0.66,"x":3.7,"scY":0.66,"y":-45.3,"pX":0,"pY":-0.05,"skX":1.98,"skY":1.98},"duration":2,"tweenEasing":0},{"z":8,"transform":{"scX":0.69,"x":3,"scY":0.61,"y":-47.75,"pX":0,"pY":-0.05,"skX":0.63,"skY":0.48},"duration":3,"tweenEasing":0},{"z":8,"transform":{"scX":0.69,"x":1.45,"scY":0.64,"y":-14.75,"pX":-0.05,"pY":0.25,"skX":-4.72,"skY":-4.13},"duration":2,"tweenEasing":0},{"transform":{"scX":0.62,"x":3.4,"scY":0.66,"y":-18,"pX":0,"pY":0,"skX":0,"skY":0},"z":8,"duration":1},{"z":8,"transform":{"scX":0.62,"x":3.4,"scY":0.66,"y":-18,"pX":0,"pY":0,"skX":0,"skY":0},"duration":3,"tweenEasing":0},{"z":8,"transform":{"scX":0.67,"x":5.3,"scY":0.64,"y":-15.2,"pX":0,"pY":-0.05,"skX":18.65,"skY":-2.55},"duration":2,"tweenEasing":0},{"z":8,"transform":{"scX":0.58,"x":4.05,"scY":0.78,"y":-32.35,"pX":-0.1,"pY":-0.05,"skX":1.47,"skY":2.65},"duration":3,"tweenEasing":0},{"z":8,"transform":{"scX":0.66,"x":3.75,"scY":0.66,"y":-46.2,"pX":-0.05,"pY":-0.05,"skX":1.42,"skY":1.42},"duration":2,"tweenEasing":0},{"z":8,"transform":{"scX":0.69,"x":3,"scY":0.61,"y":-52.75,"pX":0,"pY":-0.05,"skX":0.63,"skY":0.48},"duration":3,"tweenEasing":0},{"z":8,"transform":{"scX":0.69,"x":1.45,"scY":0.64,"y":-14.75,"pX":-0.05,"pY":0.25,"skX":-4.72,"skY":-4.13},"duration":2,"tweenEasing":0},{"transform":{"scX":0.62,"x":3.4,"scY":0.66,"y":-18,"pX":0,"pY":0,"skX":0,"skY":0},"z":8,"duration":1}],"offset":0},{"name":"图层 128","scale":1,"frame":[{"z":9,"transform":{"scX":0.66,"x":21.2,"scY":0.66,"y":-29.15,"pX":0,"pY":0,"skX":-3.75,"skY":-3.75},"duration":3,"tweenEasing":0},{"z":9,"transform":{"scX":0.66,"x":19.05,"scY":0.66,"y":-30.25,"pX":-0.05,"pY":0,"skX":4.5,"skY":4.5},"duration":2,"tweenEasing":0},{"z":9,"transform":{"scX":0.6,"x":23.75,"scY":0.69,"y":-48.95,"pX":0.15,"pY":0,"skX":-19.47,"skY":-27.43},"duration":3,"tweenEasing":0},{"z":9,"transform":{"scX":0.66,"x":29.65,"scY":0.66,"y":-57.15,"pX":0.2,"pY":0,"skX":-22.92,"skY":-22.92},"duration":2,"tweenEasing":0},{"z":9,"transform":{"scX":0.68,"x":27.2,"scY":0.61,"y":-57.45,"pX":0.15,"pY":0,"skX":-14.11,"skY":-11.13},"duration":3,"tweenEasing":0},{"z":9,"transform":{"scX":0.69,"x":15.85,"scY":0.64,"y":-29.55,"pX":0,"pY":-0.05,"skX":13.74,"skY":12.72},"duration":2,"tweenEasing":0},{"transform":{"scX":0.66,"x":21.2,"scY":0.66,"y":-29.15,"pX":0,"pY":0,"skX":-3.75,"skY":-3.75},"z":9,"duration":1},{"z":9,"transform":{"scX":0.66,"x":21.2,"scY":0.66,"y":-29.15,"pX":0,"pY":0,"skX":-3.75,"skY":-3.75},"duration":3,"tweenEasing":0},{"z":9,"transform":{"scX":0.66,"x":19.05,"scY":0.66,"y":-30.25,"pX":-0.05,"pY":0,"skX":4.5,"skY":4.5},"duration":2,"tweenEasing":0},{"z":9,"transform":{"scX":0.6,"x":23.75,"scY":0.69,"y":-48.95,"pX":0.15,"pY":0,"skX":-19.47,"skY":-27.43},"duration":3,"tweenEasing":0},{"z":9,"transform":{"scX":0.66,"x":29.65,"scY":0.66,"y":-57.15,"pX":0.2,"pY":0,"skX":-22.92,"skY":-22.92},"duration":2,"tweenEasing":0},{"z":9,"transform":{"scX":0.68,"x":27.2,"scY":0.61,"y":-57.45,"pX":0.15,"pY":0,"skX":-14.11,"skY":-11.13},"duration":3,"tweenEasing":0},{"z":9,"transform":{"scX":0.69,"x":15.85,"scY":0.64,"y":-29.55,"pX":0,"pY":-0.05,"skX":13.74,"skY":12.72},"duration":2,"tweenEasing":0},{"transform":{"scX":0.66,"x":21.2,"scY":0.66,"y":-29.15,"pX":0,"pY":0,"skX":-3.75,"skY":-3.75},"z":9,"duration":1},{"z":9,"transform":{"scX":0.66,"x":21.2,"scY":0.66,"y":-29.15,"pX":0,"pY":0,"skX":-3.75,"skY":-3.75},"duration":3,"tweenEasing":0},{"z":9,"transform":{"scX":0.66,"x":19.05,"scY":0.66,"y":-30.25,"pX":-0.05,"pY":0,"skX":4.5,"skY":4.5},"duration":2,"tweenEasing":0},{"z":9,"transform":{"scX":0.6,"x":23.75,"scY":0.69,"y":-48.95,"pX":0.15,"pY":0,"skX":-19.47,"skY":-27.43},"duration":3,"tweenEasing":0},{"z":9,"transform":{"scX":0.66,"x":28.55,"scY":0.66,"y":-59.65,"pX":0.15,"pY":0.1,"skX":-26.51,"skY":-26.51},"duration":2,"tweenEasing":0},{"z":9,"transform":{"scX":0.68,"x":28.05,"scY":0.61,"y":-65.25,"pX":0.25,"pY":0.05,"skX":-26.21,"skY":-23.24},"duration":3,"tweenEasing":0},{"z":9,"transform":{"scX":0.69,"x":24.75,"scY":0.64,"y":-32,"pX":0,"pY":0.05,"skX":-8.66,"skY":-9.68},"duration":2,"tweenEasing":0},{"transform":{"scX":0.66,"x":21.2,"scY":0.66,"y":-29.15,"pX":0,"pY":0,"skX":-3.75,"skY":-3.75},"z":9,"duration":1}],"offset":0},{"name":"图层 139","scale":1,"frame":[{"z":10,"transform":{"scX":0.66,"x":21.05,"scY":0.66,"y":-46.9,"pX":0,"pY":0,"skX":-3.75,"skY":-3.75},"duration":3,"tweenEasing":0},{"z":10,"transform":{"scX":0.66,"x":19.8,"scY":0.66,"y":-47,"pX":-0.05,"pY":-0.05,"skX":-5.8,"skY":-5.8},"duration":2,"tweenEasing":0},{"z":10,"transform":{"scX":0.59,"x":19.3,"scY":0.68,"y":-69.55,"pX":0.05,"pY":-0.05,"skX":-11.34,"skY":-14.84},"duration":3,"tweenEasing":0},{"z":10,"transform":{"scX":0.66,"x":24.85,"scY":0.66,"y":-75.8,"pX":-0.05,"pY":0.1,"skX":-11.23,"skY":-11.23},"duration":2,"tweenEasing":0},{"z":10,"transform":{"scX":0.68,"x":24.8,"scY":0.61,"y":-74.65,"pX":0,"pY":0.05,"skX":-7.1,"skY":-5.57},"duration":3,"tweenEasing":0},{"z":10,"transform":{"scX":0.69,"x":18.35,"scY":0.64,"y":-45.4,"pX":0.05,"pY":0.3,"skX":-3.17,"skY":-1.83},"duration":2,"tweenEasing":0},{"transform":{"scX":0.66,"x":21.05,"scY":0.66,"y":-46.9,"pX":0,"pY":0,"skX":-3.75,"skY":-3.75},"z":10,"duration":1},{"z":10,"transform":{"scX":0.66,"x":21.05,"scY":0.66,"y":-46.9,"pX":0,"pY":0,"skX":-3.75,"skY":-3.75},"duration":3,"tweenEasing":0},{"z":10,"transform":{"scX":0.66,"x":19.8,"scY":0.66,"y":-47,"pX":-0.05,"pY":-0.05,"skX":-5.8,"skY":-5.8},"duration":2,"tweenEasing":0},{"z":10,"transform":{"scX":0.59,"x":19.3,"scY":0.68,"y":-69.55,"pX":0.05,"pY":-0.05,"skX":-11.34,"skY":-14.84},"duration":3,"tweenEasing":0},{"z":10,"transform":{"scX":0.66,"x":24.85,"scY":0.66,"y":-75.8,"pX":-0.05,"pY":0.1,"skX":-11.23,"skY":-11.23},"duration":2,"tweenEasing":0},{"z":10,"transform":{"scX":0.68,"x":24.8,"scY":0.61,"y":-74.65,"pX":0,"pY":0.05,"skX":-7.1,"skY":-5.57},"duration":3,"tweenEasing":0},{"z":10,"transform":{"scX":0.69,"x":18.35,"scY":0.64,"y":-45.4,"pX":0.05,"pY":0.3,"skX":-3.17,"skY":-1.83},"duration":2,"tweenEasing":0},{"transform":{"scX":0.66,"x":21.05,"scY":0.66,"y":-46.9,"pX":0,"pY":0,"skX":-3.75,"skY":-3.75},"z":10,"duration":1},{"z":10,"transform":{"scX":0.66,"x":21.05,"scY":0.66,"y":-46.9,"pX":0,"pY":0,"skX":-3.75,"skY":-3.75},"duration":3,"tweenEasing":0},{"z":10,"transform":{"scX":0.66,"x":19.8,"scY":0.66,"y":-47,"pX":-0.05,"pY":-0.05,"skX":-5.8,"skY":-5.8},"duration":2,"tweenEasing":0},{"z":10,"transform":{"scX":0.59,"x":19.3,"scY":0.68,"y":-69.55,"pX":0.05,"pY":-0.05,"skX":-11.34,"skY":-14.84},"duration":3,"tweenEasing":0},{"z":10,"transform":{"scX":0.66,"x":22.65,"scY":0.66,"y":-77.85,"pX":-0.1,"pY":-0.1,"skX":-14.82,"skY":-14.82},"duration":2,"tweenEasing":0},{"z":10,"transform":{"scX":0.68,"x":24.95,"scY":0.61,"y":-80.55,"pX":-0.05,"pY":0.1,"skX":-8.47,"skY":-6.94},"duration":3,"tweenEasing":0},{"z":10,"transform":{"scX":0.69,"x":20.95,"scY":0.64,"y":-47.55,"pX":0.15,"pY":0.35,"skX":-25.58,"skY":-24.24},"duration":2,"tweenEasing":0},{"transform":{"scX":0.66,"x":21.05,"scY":0.66,"y":-46.9,"pX":0,"pY":0,"skX":-3.75,"skY":-3.75},"z":10,"duration":1}],"offset":0},{"name":"元件 3","scale":1,"frame":[{"z":11,"transform":{"scX":1,"x":1.45,"scY":1,"y":-63.95,"pX":0,"pY":0,"skX":0,"skY":0},"duration":3,"tweenEasing":0},{"z":11,"transform":{"scX":1,"x":-2.7,"scY":1,"y":-59.85,"pX":0.05,"pY":0,"skX":-5.3,"skY":-5.3},"duration":2,"tweenEasing":0},{"z":11,"transform":{"scX":1,"x":-4.8,"scY":1.04,"y":-81.15,"pX":0.1,"pY":0.1,"skX":-15.96,"skY":-16.02},"duration":3,"tweenEasing":0},{"z":11,"transform":{"scX":1,"x":2.6,"scY":1,"y":-91.9,"pX":0.05,"pY":0.1,"skX":2.97,"skY":2.97},"duration":2,"tweenEasing":0},{"z":11,"transform":{"scX":1,"x":3.9,"scY":1,"y":-90.2,"pX":0.05,"pY":0.1,"skX":11.71,"skY":11.71},"duration":3,"tweenEasing":0},{"z":11,"transform":{"scX":1,"x":-4.65,"scY":1,"y":-58.5,"pX":-0.15,"pY":0,"skX":-2.44,"skY":-2.44},"duration":2,"tweenEasing":0},{"transform":{"scX":1,"x":1.45,"scY":1,"y":-63.95,"pX":0,"pY":0,"skX":0,"skY":0},"z":11,"duration":1},{"z":11,"transform":{"scX":1,"x":1.45,"scY":1,"y":-63.95,"pX":0,"pY":0,"skX":0,"skY":0},"duration":3,"tweenEasing":0},{"z":11,"transform":{"scX":1,"x":-2.7,"scY":1,"y":-59.85,"pX":0.05,"pY":0,"skX":-5.3,"skY":-5.3},"duration":2,"tweenEasing":0},{"z":11,"transform":{"scX":1,"x":-4.8,"scY":1.04,"y":-81.15,"pX":0.1,"pY":0.1,"skX":-15.96,"skY":-16.02},"duration":3,"tweenEasing":0},{"z":11,"transform":{"scX":1,"x":2.6,"scY":1,"y":-91.9,"pX":0.05,"pY":0.1,"skX":2.97,"skY":2.97},"duration":2,"tweenEasing":0},{"z":11,"transform":{"scX":1,"x":3.9,"scY":1,"y":-90.2,"pX":0.05,"pY":0.1,"skX":11.71,"skY":11.71},"duration":3,"tweenEasing":0},{"z":11,"transform":{"scX":1,"x":-4.65,"scY":1,"y":-58.5,"pX":-0.15,"pY":0,"skX":-2.44,"skY":-2.44},"duration":2,"tweenEasing":0},{"transform":{"scX":1,"x":1.45,"scY":1,"y":-63.95,"pX":0,"pY":0,"skX":0,"skY":0},"z":11,"duration":1},{"z":11,"transform":{"scX":1,"x":1.45,"scY":1,"y":-63.95,"pX":0,"pY":0,"skX":0,"skY":0},"duration":3,"tweenEasing":0},{"z":11,"transform":{"scX":1,"x":-2.7,"scY":1,"y":-59.85,"pX":0.05,"pY":0,"skX":-5.3,"skY":-5.3},"duration":2,"tweenEasing":0},{"z":11,"transform":{"scX":1,"x":-4.8,"scY":1.04,"y":-81.15,"pX":0.1,"pY":0.1,"skX":-15.96,"skY":-16.02},"duration":3,"tweenEasing":0},{"z":11,"transform":{"scX":1,"x":1.65,"scY":1,"y":-93.85,"pX":0.05,"pY":0.05,"skX":7.35,"skY":7.35},"duration":2,"tweenEasing":0},{"z":11,"transform":{"scX":1,"x":4.1,"scY":1,"y":-97.05,"pX":0.05,"pY":0.05,"skX":10.6,"skY":10.6},"duration":3,"tweenEasing":0},{"z":11,"transform":{"scX":1,"x":-4.65,"scY":1,"y":-58.5,"pX":-0.15,"pY":0,"skX":-2.44,"skY":-2.44},"duration":2,"tweenEasing":0},{"transform":{"scX":1,"x":1.45,"scY":1,"y":-63.95,"pX":0,"pY":0,"skX":0,"skY":0},"z":11,"duration":1}],"offset":0}],"scale":1,"loop":0,"autoTween":0,"name":"standA","duration":48,"tweenEasing":null},{"fadeInTime":0,"timeline":[{"name":"图层 133","scale":1,"frame":[{"z":12,"transform":{"scX":-0.66,"x":24.6,"scY":0.66,"y":-27.95,"pX":0,"pY":0,"skX":0,"skY":0},"duration":3,"tweenEasing":0},{"z":12,"transform":{"scX":-0.66,"x":19.85,"scY":0.66,"y":-24.9,"pX":0.05,"pY":0.05,"skX":-0.42,"skY":-0.42},"duration":2,"tweenEasing":0},{"z":12,"transform":{"scX":-0.58,"x":24.7,"scY":0.74,"y":-44.55,"pX":0.05,"pY":-0.1,"skX":-0.39,"skY":-0.65},"duration":2,"tweenEasing":0},{"z":12,"transform":{"scX":-0.66,"x":27.65,"scY":0.66,"y":-51.6,"pX":0.1,"pY":-0.05,"skX":-0.5,"skY":-0.5},"duration":2,"tweenEasing":0},{"z":12,"transform":{"scX":-0.73,"x":30.7,"scY":0.58,"y":-60.45,"pX":0.1,"pY":-0.05,"skX":-0.64,"skY":-0.4},"duration":3,"tweenEasing":0},{"z":12,"transform":{"scX":-0.58,"x":24.7,"scY":0.74,"y":-30,"pX":0.05,"pY":-0.05,"skX":-0.39,"skY":-0.65},"duration":2,"tweenEasing":0},{"z":12,"transform":{"scX":-0.66,"x":19.85,"scY":0.66,"y":-24.9,"pX":0.05,"pY":0.05,"skX":-0.42,"skY":-0.42},"duration":2,"tweenEasing":0},{"z":12,"transform":{"scX":-0.66,"x":24.6,"scY":0.66,"y":-27.95,"pX":0,"pY":0,"skX":0,"skY":0},"duration":1,"tweenEasing":0}],"offset":0},{"name":"图层 148","scale":1,"frame":[{"z":13,"transform":{"scX":-0.66,"x":22.95,"scY":0.66,"y":-45,"pX":0,"pY":0,"skX":0,"skY":0},"duration":3,"tweenEasing":0},{"z":13,"transform":{"scX":-0.66,"x":18.1,"scY":0.66,"y":-41.9,"pX":0.05,"pY":-0.05,"skX":-0.42,"skY":-0.42},"duration":2,"tweenEasing":0},{"z":13,"transform":{"scX":-0.58,"x":23.1,"scY":0.74,"y":-63.85,"pX":0.1,"pY":0,"skX":-0.39,"skY":-0.65},"duration":2,"tweenEasing":0},{"z":13,"transform":{"scX":-0.66,"x":25.85,"scY":0.66,"y":-68.6,"pX":0.05,"pY":-0.05,"skX":-0.5,"skY":-0.5},"duration":2,"tweenEasing":0},{"z":13,"transform":{"scX":-0.73,"x":28.65,"scY":0.58,"y":-75.5,"pX":0,"pY":-0.05,"skX":-0.64,"skY":-0.4},"duration":3,"tweenEasing":0},{"z":13,"transform":{"scX":-0.58,"x":23.1,"scY":0.74,"y":-49.3,"pX":0.1,"pY":0,"skX":-0.39,"skY":-0.65},"duration":2,"tweenEasing":0},{"z":13,"transform":{"scX":-0.66,"x":18.1,"scY":0.66,"y":-41.9,"pX":0.05,"pY":-0.05,"skX":-0.42,"skY":-0.42},"duration":2,"tweenEasing":0},{"z":13,"transform":{"scX":-0.66,"x":22.95,"scY":0.66,"y":-45,"pX":0,"pY":0,"skX":0,"skY":0},"duration":1,"tweenEasing":0}],"offset":0},{"name":"图层 137","scale":1,"frame":[{"z":14,"transform":{"scX":-0.66,"x":8.85,"scY":0.66,"y":-6.3,"pX":0,"pY":0,"skX":0,"skY":0},"duration":3,"tweenEasing":0},{"z":14,"transform":{"scX":-0.66,"x":7.7,"scY":0.54,"y":-4.85,"pX":0,"pY":0.05,"skX":-10.11,"skY":0},"duration":2,"tweenEasing":0},{"z":14,"transform":{"scX":-0.58,"x":8,"scY":0.74,"y":-21.8,"pX":0,"pY":0,"skX":0,"skY":0},"duration":2,"tweenEasing":0},{"z":14,"transform":{"scX":-0.66,"x":12,"scY":0.66,"y":-32.9,"pX":-0.05,"pY":0,"skX":-22.05,"skY":-22.05},"duration":2,"tweenEasing":0},{"z":14,"transform":{"scX":-0.73,"x":11.7,"scY":0.72,"y":-44.35,"pX":-0.2,"pY":-0.15,"skX":-28.95,"skY":-28.95},"duration":3,"tweenEasing":0},{"z":14,"transform":{"scX":-0.58,"x":8,"scY":0.74,"y":-7.25,"pX":0,"pY":0,"skX":0,"skY":0},"duration":2,"tweenEasing":0},{"z":14,"transform":{"scX":-0.66,"x":7.7,"scY":0.54,"y":-4.85,"pX":0,"pY":0.05,"skX":-10.11,"skY":0},"duration":2,"tweenEasing":0},{"z":14,"transform":{"scX":-0.66,"x":8.85,"scY":0.66,"y":-6.3,"pX":0,"pY":0,"skX":0,"skY":0},"duration":1,"tweenEasing":0}],"offset":0},{"name":"图层 136","scale":1,"frame":[{"z":15,"transform":{"scX":-0.66,"x":-4.95,"scY":0.66,"y":-6.3,"pX":0,"pY":0,"skX":0,"skY":0},"duration":3,"tweenEasing":0},{"z":15,"transform":{"scX":-0.66,"x":-6.45,"scY":0.54,"y":-4.85,"pX":0,"pY":-0.05,"skX":-14.24,"skY":0},"duration":2,"tweenEasing":0},{"z":15,"transform":{"scX":-0.58,"x":-4.2,"scY":0.74,"y":-21.8,"pX":0.1,"pY":-0.05,"skX":0,"skY":0},"duration":2,"tweenEasing":0},{"z":15,"transform":{"scX":-0.66,"x":-4.95,"scY":0.66,"y":-31.55,"pX":0.05,"pY":0,"skX":-2.21,"skY":-2.21},"duration":2,"tweenEasing":0},{"z":15,"transform":{"scX":-0.73,"x":-8.45,"scY":0.64,"y":-42.1,"pX":-0.05,"pY":0.1,"skX":-1.49,"skY":-1.49},"duration":3,"tweenEasing":0},{"z":15,"transform":{"scX":-0.58,"x":-7.55,"scY":0.74,"y":-11.3,"pX":0,"pY":-0.05,"skX":19.21,"skY":19.21},"duration":2,"tweenEasing":0},{"z":15,"transform":{"scX":-0.66,"x":-6.45,"scY":0.54,"y":-4.85,"pX":0,"pY":-0.05,"skX":-14.24,"skY":0},"duration":2,"tweenEasing":0},{"z":15,"transform":{"scX":-0.66,"x":-4.95,"scY":0.66,"y":-6.3,"pX":0,"pY":0,"skX":0,"skY":0},"duration":1,"tweenEasing":0}],"offset":0},{"name":"图层 144","scale":1,"frame":[{"z":16,"transform":{"scX":-0.66,"x":0.65,"scY":0.66,"y":-64.7,"pX":0,"pY":0,"skX":0,"skY":0},"duration":3,"tweenEasing":0},{"z":16,"transform":{"scX":-0.66,"x":-5.45,"scY":0.66,"y":-58.15,"pX":-0.05,"pY":0,"skX":-10.62,"skY":-10.62},"duration":2,"tweenEasing":0},{"z":16,"transform":{"scX":-0.66,"x":4.55,"scY":0.66,"y":-87.95,"pX":0,"pY":0,"skX":5.97,"skY":5.97},"duration":2,"tweenEasing":0},{"z":16,"transform":{"scX":-0.66,"x":4.55,"scY":0.66,"y":-90.1,"pX":0,"pY":0,"skX":5.97,"skY":5.97},"duration":2,"tweenEasing":0},{"z":16,"transform":{"scX":-0.66,"x":4.55,"scY":0.66,"y":-94.8,"pX":0.05,"pY":-0.05,"skX":5.97,"skY":5.97},"duration":3,"tweenEasing":0},{"z":16,"transform":{"scX":-0.66,"x":4.55,"scY":0.66,"y":-73.4,"pX":0,"pY":0,"skX":5.97,"skY":5.97},"duration":2,"tweenEasing":0},{"z":16,"transform":{"scX":-0.66,"x":-5.45,"scY":0.66,"y":-58.15,"pX":-0.05,"pY":0,"skX":-10.62,"skY":-10.62},"duration":2,"tweenEasing":0},{"z":16,"transform":{"scX":-0.66,"x":0.65,"scY":0.66,"y":-64.7,"pX":0,"pY":0,"skX":0,"skY":0},"duration":1,"tweenEasing":0}],"offset":0},{"name":"图层 145","scale":1,"frame":[{"z":17,"transform":{"scX":-0.66,"x":1.95,"scY":0.66,"y":-28.6,"pX":0,"pY":0,"skX":0,"skY":0},"duration":3,"tweenEasing":0},{"z":17,"transform":{"scX":-0.66,"x":2.4,"scY":0.57,"y":-22.6,"pX":-0.1,"pY":0.05,"skX":7.01,"skY":-2.93},"duration":2,"tweenEasing":0},{"z":17,"transform":{"scX":-0.58,"x":2.35,"scY":0.74,"y":-47.15,"pX":0,"pY":0,"skX":2.14,"skY":3.51},"duration":2,"tweenEasing":0},{"z":17,"transform":{"scX":-0.66,"x":2.45,"scY":0.66,"y":-53.9,"pX":0.05,"pY":0.1,"skX":2.74,"skY":2.74},"duration":2,"tweenEasing":0},{"z":17,"transform":{"scX":-0.73,"x":2.55,"scY":0.58,"y":-62.5,"pX":0,"pY":0.1,"skX":3.46,"skY":2.17},"duration":3,"tweenEasing":0},{"z":17,"transform":{"scX":-0.58,"x":2.35,"scY":0.74,"y":-32.6,"pX":0,"pY":0.05,"skX":2.14,"skY":3.51},"duration":2,"tweenEasing":0},{"z":17,"transform":{"scX":-0.66,"x":2.4,"scY":0.57,"y":-22.6,"pX":-0.1,"pY":0.05,"skX":7.01,"skY":-2.93},"duration":2,"tweenEasing":0},{"z":17,"transform":{"scX":-0.66,"x":1.95,"scY":0.66,"y":-28.6,"pX":0,"pY":0,"skX":0,"skY":0},"duration":1,"tweenEasing":0}],"offset":0},{"name":"图层 146","scale":1,"frame":[{"z":18,"transform":{"scX":-0.66,"x":1.95,"scY":0.66,"y":-44,"pX":0,"pY":0,"skX":0,"skY":0},"duration":3,"tweenEasing":0},{"z":18,"transform":{"scX":-0.66,"x":0.25,"scY":0.66,"y":-38.25,"pX":-0.05,"pY":0.05,"skX":-13.02,"skY":-10.62},"duration":2,"tweenEasing":0},{"z":18,"transform":{"scX":-0.58,"x":3.4,"scY":0.74,"y":-64.7,"pX":-0.1,"pY":-0.1,"skX":4.67,"skY":7.62},"duration":2,"tweenEasing":0},{"z":18,"transform":{"scX":-0.66,"x":3.65,"scY":0.66,"y":-69.35,"pX":-0.05,"pY":-0.05,"skX":5.97,"skY":5.97},"duration":2,"tweenEasing":0},{"z":18,"transform":{"scX":-0.73,"x":3.9,"scY":0.58,"y":-76.15,"pX":-0.05,"pY":-0.1,"skX":7.51,"skY":4.74},"duration":3,"tweenEasing":0},{"z":18,"transform":{"scX":-0.58,"x":3.4,"scY":0.74,"y":-50.15,"pX":-0.1,"pY":-0.1,"skX":4.67,"skY":7.62},"duration":2,"tweenEasing":0},{"z":18,"transform":{"scX":-0.66,"x":0.25,"scY":0.66,"y":-38.25,"pX":-0.05,"pY":0.05,"skX":-13.02,"skY":-10.62},"duration":2,"tweenEasing":0},{"z":18,"transform":{"scX":-0.66,"x":1.95,"scY":0.66,"y":-44,"pX":0,"pY":0,"skX":0,"skY":0},"duration":1,"tweenEasing":0}],"offset":0},{"name":"图层 127 副本","scale":1,"frame":[{"z":19,"transform":{"scX":-0.66,"x":1.6,"scY":0.66,"y":-18.75,"pX":0,"pY":0,"skX":0,"skY":0},"duration":3,"tweenEasing":0},{"z":19,"transform":{"scX":-0.66,"x":0.95,"scY":0.57,"y":-14.05,"pX":-0.15,"pY":0.1,"skX":7.81,"skY":-2.32},"duration":2,"tweenEasing":0},{"z":19,"transform":{"scX":-0.58,"x":1.6,"scY":0.74,"y":-35.95,"pX":0,"pY":0.1,"skX":0,"skY":0},"duration":2,"tweenEasing":0},{"z":19,"transform":{"scX":-0.66,"x":1.6,"scY":0.66,"y":-44,"pX":0,"pY":0.05,"skX":0,"skY":0},"duration":2,"tweenEasing":0},{"z":19,"transform":{"scX":-0.73,"x":1.6,"scY":0.58,"y":-53.7,"pX":0.05,"pY":0,"skX":0,"skY":0},"duration":3,"tweenEasing":0},{"z":19,"transform":{"scX":-0.58,"x":1.6,"scY":0.74,"y":-21.4,"pX":0,"pY":0.1,"skX":0,"skY":0},"duration":2,"tweenEasing":0},{"z":19,"transform":{"scX":-0.66,"x":0.95,"scY":0.57,"y":-14.05,"pX":-0.15,"pY":0.1,"skX":7.81,"skY":-2.32},"duration":2,"tweenEasing":0},{"z":19,"transform":{"scX":-0.66,"x":1.6,"scY":0.66,"y":-18.75,"pX":0,"pY":0,"skX":0,"skY":0},"duration":1,"tweenEasing":0}],"offset":0},{"name":"图层 132","scale":1,"frame":[{"z":20,"transform":{"scX":-0.66,"x":-6.9,"scY":0.66,"y":-35.5,"pX":0,"pY":0,"skX":0,"skY":0},"duration":3,"tweenEasing":0},{"z":20,"transform":{"scX":-0.66,"x":-12.05,"scY":0.66,"y":-22.85,"pX":0.05,"pY":-0.05,"skX":16.84,"skY":16.84},"duration":2,"tweenEasing":0},{"z":20,"transform":{"scX":-0.59,"x":-6.15,"scY":0.74,"y":-55.8,"pX":0.05,"pY":-0.05,"skX":7.42,"skY":12.04},"duration":2,"tweenEasing":0},{"z":20,"transform":{"scX":-0.66,"x":-7.15,"scY":0.66,"y":-61.5,"pX":-0.05,"pY":0,"skX":9.46,"skY":9.46},"duration":2,"tweenEasing":0},{"z":20,"transform":{"scX":-0.73,"x":-8.15,"scY":0.59,"y":-69.2,"pX":0.05,"pY":-0.05,"skX":11.87,"skY":7.52},"duration":3,"tweenEasing":0},{"z":20,"transform":{"scX":-0.59,"x":-6.15,"scY":0.74,"y":-41.25,"pX":0,"pY":0,"skX":7.42,"skY":12.04},"duration":2,"tweenEasing":0},{"z":20,"transform":{"scX":-0.66,"x":-12.05,"scY":0.66,"y":-22.85,"pX":0.05,"pY":-0.05,"skX":16.84,"skY":16.84},"duration":2,"tweenEasing":0},{"z":20,"transform":{"scX":-0.66,"x":-6.9,"scY":0.66,"y":-35.5,"pX":0,"pY":0,"skX":0,"skY":0},"duration":1,"tweenEasing":0}],"offset":0},{"name":"图层 147","scale":1,"frame":[{"z":21,"transform":{"scX":-0.66,"x":-19.4,"scY":0.66,"y":-44.65,"pX":0,"pY":0,"skX":0,"skY":0},"duration":3,"tweenEasing":0},{"z":21,"transform":{"scX":-0.66,"x":-23.5,"scY":0.66,"y":-36.45,"pX":0.05,"pY":0,"skX":2.87,"skY":2.87},"duration":2,"tweenEasing":0},{"z":21,"transform":{"scX":-0.59,"x":-15.75,"scY":0.74,"y":-68.4,"pX":0.15,"pY":0.1,"skX":7.42,"skY":12.04},"duration":2,"tweenEasing":0},{"z":21,"transform":{"scX":-0.66,"x":-17.95,"scY":0.66,"y":-72.6,"pX":0.1,"pY":0.1,"skX":9.46,"skY":9.46},"duration":2,"tweenEasing":0},{"z":21,"transform":{"scX":-0.73,"x":-20.25,"scY":0.59,"y":-79.05,"pX":0.2,"pY":0.05,"skX":11.87,"skY":7.52},"duration":3,"tweenEasing":0},{"z":21,"transform":{"scX":-0.59,"x":-15.75,"scY":0.74,"y":-53.85,"pX":0.15,"pY":0.1,"skX":7.42,"skY":12.04},"duration":2,"tweenEasing":0},{"z":21,"transform":{"scX":-0.66,"x":-23.5,"scY":0.66,"y":-36.45,"pX":0.05,"pY":0,"skX":2.87,"skY":2.87},"duration":2,"tweenEasing":0},{"transform":{"scX":-0.66,"x":-19.4,"scY":0.66,"y":-44.65,"pX":0,"pY":0,"skX":0,"skY":0},"z":21,"duration":1}],"offset":0}],"scale":1,"loop":0,"autoTween":0,"name":"standB","duration":17,"tweenEasing":null}]}],"name":"game.living.Living441","frameRate":24,"version":2.3}