{"armature":[{"skin":[{"name":"default","slot":[{"name":"图层 4","z":0,"display":[{"transform":{"scX":1,"x":-16,"scY":1,"y":-28,"pX":0,"pY":0,"skX":0,"skY":0},"name":"Living428/mnsbgbs0008","type":"image"},{"transform":{"scX":1,"x":-26,"scY":1,"y":-19.5,"pX":0,"pY":0,"skX":0,"skY":0},"name":"Living428/fff001","type":"image"},{"transform":{"scX":1,"x":-15.5,"scY":1,"y":-9.15,"pX":0,"pY":0,"skX":0,"skY":0},"name":"Living428/fff002.png","type":"image"},{"transform":{"scX":1,"x":-20,"scY":1,"y":-24,"pX":0,"pY":0,"skX":0,"skY":0},"name":"Living428/fff03.png","type":"image"}],"parent":"图层 4"},{"name":"mnsbgbs0007","z":1,"display":[{"transform":{"scX":1,"x":10,"scY":1,"y":6,"pX":11.5,"pY":10,"skX":0,"skY":0},"name":"Living428/cmnsbgbs0007","type":"image"}],"parent":"mnsbgbs0007"},{"name":"mnsbgbs0006","z":2,"display":[{"transform":{"scX":1,"x":-2.5,"scY":1,"y":3.5,"pX":6.5,"pY":5.5,"skX":0,"skY":0},"name":"Living428/cmnsbgbs0006","type":"image"}],"parent":"mnsbgbs0006"},{"name":"mnsbgbs0005","z":3,"display":[{"transform":{"scX":1,"x":-0.25,"scY":1,"y":-27.25,"pX":25.5,"pY":30,"skX":0,"skY":0},"name":"Living428/cmnsbgbs0005","type":"image"}],"parent":"mnsbgbs0005"},{"name":"mnsbgbs0004","z":4,"display":[{"transform":{"scX":1,"x":3.5,"scY":1,"y":-0.8,"pX":11.5,"pY":5.5,"skX":0,"skY":0},"name":"Living428/cmnsbgbs0004","type":"image"}],"parent":"mnsbgbs0004"},{"name":"dsgrgre","z":5,"display":[{"transform":{"scX":1,"x":3.25,"scY":1,"y":-7.25,"pX":8.5,"pY":9,"skX":0,"skY":0},"name":"Living428/hgjshkgs","type":"image"}],"parent":"dsgrgre"},{"name":"fefewf","z":6,"display":[{"transform":{"scX":1,"x":-4,"scY":1,"y":-3.75,"pX":6.5,"pY":7,"skX":0,"skY":0},"name":"Living428/whfkjejew","type":"image"}],"parent":"fefewf"},{"name":"mnsbgbs0003","z":7,"display":[{"transform":{"scX":1,"x":-2.5,"scY":1,"y":2.5,"pX":5,"pY":6.5,"skX":0,"skY":0},"name":"Living428/cmnsbgbs0003","type":"image"}],"parent":"mnsbgbs0003"},{"name":"mnsbgbs0002","z":8,"display":[{"transform":{"scX":1,"x":-4,"scY":1,"y":6.5,"pX":10.5,"pY":14,"skX":0,"skY":0},"name":"Living428/cmnsbgbs0002","type":"image"}],"parent":"mnsbgbs0002"},{"name":"图层 3","z":9,"display":[{"transform":{"scX":1,"x":-25.5,"scY":1,"y":-35,"pX":0,"pY":0,"skX":0,"skY":0},"name":"Living428/mnsbgbs0001","type":"image"},{"transform":{"scX":1,"x":-31.5,"scY":1,"y":-25.5,"pX":0,"pY":0,"skX":0,"skY":0},"name":"Living428/vv01","type":"image"},{"transform":{"scX":1,"x":-20.15,"scY":1,"y":-5.45,"pX":0,"pY":0,"skX":0,"skY":0},"name":"Living428/vv02.png","type":"image"},{"transform":{"scX":1,"x":-24,"scY":1,"y":-24.5,"pX":0,"pY":0,"skX":0,"skY":0},"name":"Living428/vv03.png","type":"image"}],"parent":"图层 3"},{"name":"mnsbgbs0017","z":10,"display":[{"transform":{"scX":1,"x":-0.5,"scY":1,"y":4.5,"pX":9.5,"pY":7,"skX":0,"skY":0},"name":"Living428/cmnsbgbs0017","type":"image"}],"parent":"mnsbgbs0017"},{"name":"mnsbgbs0016","z":11,"display":[{"transform":{"scX":1,"x":0,"scY":1,"y":2.5,"pX":4.5,"pY":5.5,"skX":0,"skY":0},"name":"Living428/cmnsbgbs0016","type":"image"}],"parent":"mnsbgbs0016"},{"name":"图层 7","z":12,"display":[{"transform":{"scX":1,"x":-21.5,"scY":1,"y":-27.5,"pX":0,"pY":0,"skX":0,"skY":0},"name":"Living428/mnsbgbs0015","type":"image"},{"transform":{"scX":1,"x":-54.9,"scY":1,"y":-29.45,"pX":0,"pY":0,"skX":0,"skY":0},"name":"Living428/ffss002","type":"image"},{"transform":{"scX":1,"x":-16.45,"scY":1,"y":-3,"pX":0,"pY":0,"skX":0,"skY":0},"name":"Living428/ffss001.png","type":"image"},{"transform":{"scX":1,"x":-21,"scY":1,"y":-25,"pX":0,"pY":0,"skX":0,"skY":0},"name":"Living428/sgggeweww.png","type":"image"}],"parent":"图层 7"},{"name":"mnsbgbs0014","z":13,"display":[{"transform":{"scX":1,"x":-0.5,"scY":1,"y":-3.5,"pX":6,"pY":6.5,"skX":0,"skY":0},"name":"Living428/cmnsbgbs0014","type":"image"}],"parent":"mnsbgbs0014"},{"name":"mnsbgbs0013","z":14,"display":[{"transform":{"scX":1,"x":4.5,"scY":1,"y":-23.5,"pX":23,"pY":26,"skX":0,"skY":0},"name":"Living428/cmnsbgbs0013","type":"image"}],"parent":"mnsbgbs0013"},{"name":"mnsbgbs0010","z":15,"display":[{"transform":{"scX":1,"x":0,"scY":1,"y":0,"pX":3,"pY":5.5,"skX":0,"skY":0},"name":"Living428/cmnsbgbs0010","type":"image"}],"parent":"mnsbgbs0010"},{"name":"mnsbgbs0012","z":16,"display":[{"transform":{"scX":1,"x":1,"scY":1,"y":-4,"pX":10,"pY":10,"skX":0,"skY":0},"name":"Living428/cmnsbgbs0012","type":"image"}],"parent":"mnsbgbs0012"},{"name":"mnsbgbs0011","z":17,"display":[{"transform":{"scX":1,"x":-3,"scY":1,"y":5,"pX":12.5,"pY":12,"skX":0,"skY":0},"name":"Living428/cmnsbgbs0011","type":"image"}],"parent":"mnsbgbs0011"},{"name":"图层 6","z":18,"display":[{"transform":{"scX":1,"x":-34.5,"scY":1,"y":-30,"pX":0,"pY":0,"skX":0,"skY":0},"name":"Living428/mnsbgbs0009.png","type":"image"},{"transform":{"scX":1,"x":-37,"scY":1,"y":-19,"pX":0,"pY":0,"skX":0,"skY":0},"name":"Living428/dddd002","type":"image"},{"transform":{"scX":1,"x":-17.5,"scY":1,"y":-38.5,"pX":0,"pY":0,"skX":0,"skY":0},"name":"Living428/dddd001.png","type":"image"},{"transform":{"scX":1,"x":-24.45,"scY":1,"y":-28,"pX":0,"pY":0,"skX":0,"skY":0},"name":"Living428/dhdhjrtjt.png","type":"image"}],"parent":"图层 6"}]}],"name":"game.living.Living428","bone":[{"transform":{"scX":1,"x":-8.25,"skX":0,"scY":1,"y":-53.5,"skY":0},"name":"图层 4"},{"transform":{"scX":1,"x":16.95,"skX":0,"scY":1,"y":-17.5,"skY":0},"name":"mnsbgbs0007"},{"transform":{"scX":1,"x":-6.55,"skX":0,"scY":1,"y":-7.5,"skY":0},"name":"mnsbgbs0006"},{"transform":{"scX":1,"x":-0.8,"skX":0,"scY":1,"y":-5.25,"skY":0},"name":"mnsbgbs0005"},{"transform":{"scX":1,"x":-9.65,"skX":0,"scY":0.65,"y":-41.1,"skY":0},"name":"mnsbgbs0004"},{"transform":{"scX":1,"x":2.5,"skX":0,"scY":1,"y":-46.5,"skY":0},"name":"dsgrgre"},{"transform":{"scX":1,"x":-14.9,"skX":0,"scY":1,"y":-45.75,"skY":0},"name":"fefewf"},{"transform":{"scX":1,"x":-7.05,"skX":0,"scY":1,"y":-32.5,"skY":0},"name":"mnsbgbs0003"},{"transform":{"scX":1,"x":14.95,"skX":0,"scY":1,"y":-19,"skY":0},"name":"mnsbgbs0002"},{"transform":{"scX":1,"x":33,"skX":0,"scY":1,"y":-59,"skY":0},"name":"图层 3"},{"transform":{"scX":-1,"x":-6.45,"skX":0,"scY":1,"y":-6.5,"skY":0},"name":"mnsbgbs0017"},{"transform":{"scX":-1,"x":9.05,"skX":0,"scY":1,"y":-7,"skY":0},"name":"mnsbgbs0016"},{"transform":{"scX":-1,"x":25.05,"skX":0,"scY":1,"y":-57.5,"skY":0},"name":"图层 7"},{"transform":{"scX":-1,"x":1.05,"skX":0,"scY":1,"y":-51,"skY":0},"name":"mnsbgbs0014"},{"transform":{"scX":-1,"x":8.05,"skX":0,"scY":1,"y":-3.5,"skY":0},"name":"mnsbgbs0013"},{"transform":{"scX":1,"x":-13.3,"skX":0,"scY":0.64,"y":-42.9,"skY":0},"name":"mnsbgbs0010"},{"transform":{"scX":-1,"x":-12.45,"skX":0,"scY":1,"y":-45,"skY":0},"name":"mnsbgbs0012"},{"transform":{"scX":-1,"x":22.05,"skX":0,"scY":1,"y":-14,"skY":0},"name":"mnsbgbs0011"},{"transform":{"scX":-1,"x":-30.45,"skX":0,"scY":1,"y":-44.5,"skY":0},"name":"图层 6"}],"animation":[{"fadeInTime":0,"timeline":[{"name":"图层 4","scale":1,"frame":[{"transform":{"scX":1,"x":-8.25,"scY":1,"y":-53.5,"pX":0,"pY":0,"skX":0,"skY":0},"z":0,"duration":1},{"transform":{"scX":1,"x":-8.25,"scY":1,"y":-54,"pX":0,"pY":0,"skX":0,"skY":0},"z":0,"duration":1},{"z":0,"displayIndex":1,"transform":{"scX":1,"x":-23,"scY":1,"y":-47.25,"pX":0,"pY":0,"skX":0,"skY":0},"duration":1},{"z":0,"displayIndex":1,"transform":{"scX":1,"x":-23,"scY":1,"y":-44.75,"pX":0,"pY":0,"skX":0,"skY":0},"duration":1},{"z":0,"displayIndex":2,"transform":{"scX":0.92,"x":-12.5,"scY":0.84,"y":-35.25,"pX":0,"pY":0,"skX":31.23,"skY":31.23},"duration":1},{"z":0,"displayIndex":2,"transform":{"scX":0.92,"x":-12.5,"scY":0.84,"y":-35.75,"pX":0.05,"pY":0,"skX":31.23,"skY":31.23},"duration":1},{"z":0,"displayIndex":2,"transform":{"scX":0.92,"x":-11.5,"scY":0.92,"y":-9.25,"pX":-0.5,"pY":-29.35,"skX":0,"skY":0},"duration":1},{"z":0,"displayIndex":2,"transform":{"scX":0.92,"x":-11.5,"scY":0.92,"y":-10,"pX":-0.5,"pY":-29.35,"skX":0,"skY":0},"duration":1},{"z":0,"displayIndex":2,"transform":{"scX":0.92,"x":-11.5,"scY":0.92,"y":-11,"pX":-0.5,"pY":-29.35,"skX":0,"skY":0},"duration":1},{"z":0,"displayIndex":3,"transform":{"scX":1,"x":-19.75,"scY":1,"y":-27.25,"pX":0,"pY":0,"skX":0,"skY":0},"duration":1},{"z":0,"displayIndex":3,"transform":{"scX":1,"x":-19.75,"scY":1,"y":-26.25,"pX":0,"pY":0,"skX":0,"skY":0},"duration":1},{"transform":{"scX":1,"x":-18,"scY":1,"y":-58.75,"pX":0,"pY":0,"skX":0,"skY":0},"z":0,"duration":1},{"transform":{"scX":1,"x":-17.75,"scY":1,"y":-57.75,"pX":0,"pY":0,"skX":0,"skY":0},"z":0,"duration":1},{"z":0,"displayIndex":1,"transform":{"scX":1,"x":-24.75,"scY":1,"y":-45,"pX":0,"pY":0,"skX":0,"skY":0},"duration":1},{"z":0,"displayIndex":1,"transform":{"scX":1,"x":-24.75,"scY":1,"y":-44.5,"pX":0,"pY":0,"skX":0,"skY":0},"duration":1},{"z":0,"displayIndex":2,"transform":{"scX":0.92,"x":-12.25,"scY":0.84,"y":-36.75,"pX":0.05,"pY":-0.05,"skX":23.53,"skY":23.53},"duration":1},{"z":0,"displayIndex":2,"transform":{"scX":0.92,"x":-11.25,"scY":0.92,"y":-7.25,"pX":-0.5,"pY":-29.35,"skX":0,"skY":0},"duration":1},{"z":0,"displayIndex":2,"transform":{"scX":0.92,"x":-11.25,"scY":0.92,"y":-6.25,"pX":-0.5,"pY":-29.35,"skX":0,"skY":0},"duration":1},{"z":0,"displayIndex":3,"transform":{"scX":1,"x":-19.5,"scY":1,"y":-23,"pX":0,"pY":0,"skX":0,"skY":0},"duration":1},{"transform":{"scX":1,"x":-8.25,"scY":1,"y":-53.5,"pX":0,"pY":0,"skX":0,"skY":0},"z":0,"duration":1},{"transform":{"scX":1,"x":-8.25,"scY":1,"y":-54,"pX":0,"pY":0,"skX":0,"skY":0},"z":0,"duration":1},{"z":0,"displayIndex":1,"transform":{"scX":1,"x":-23,"scY":1,"y":-47.25,"pX":0,"pY":0,"skX":0,"skY":0},"duration":1},{"z":0,"displayIndex":1,"transform":{"scX":1,"x":-23,"scY":1,"y":-44.75,"pX":0,"pY":0,"skX":0,"skY":0},"duration":1},{"z":0,"displayIndex":2,"transform":{"scX":0.92,"x":-12.5,"scY":0.84,"y":-35.25,"pX":0,"pY":0,"skX":31.23,"skY":31.23},"duration":1},{"z":0,"displayIndex":2,"transform":{"scX":0.92,"x":-12.5,"scY":0.84,"y":-35.75,"pX":0.05,"pY":0,"skX":31.23,"skY":31.23},"duration":1},{"z":0,"displayIndex":2,"transform":{"scX":0.92,"x":-11.5,"scY":0.92,"y":-9.25,"pX":-0.5,"pY":-29.35,"skX":0,"skY":0},"duration":1},{"z":0,"displayIndex":2,"transform":{"scX":0.92,"x":-11.5,"scY":0.92,"y":-10,"pX":-0.5,"pY":-29.35,"skX":0,"skY":0},"duration":1},{"z":0,"displayIndex":2,"transform":{"scX":0.92,"x":-11.5,"scY":0.92,"y":-11,"pX":-0.5,"pY":-29.35,"skX":0,"skY":0},"duration":1},{"z":0,"displayIndex":3,"transform":{"scX":1,"x":-19.75,"scY":1,"y":-27.25,"pX":0,"pY":0,"skX":0,"skY":0},"duration":1},{"z":0,"displayIndex":3,"transform":{"scX":1,"x":-19.75,"scY":1,"y":-26.25,"pX":0,"pY":0,"skX":0,"skY":0},"duration":1},{"transform":{"scX":1,"x":-18,"scY":1,"y":-58.75,"pX":0,"pY":0,"skX":0,"skY":0},"z":0,"duration":1},{"transform":{"scX":1,"x":-17.75,"scY":1,"y":-57.75,"pX":0,"pY":0,"skX":0,"skY":0},"z":0,"duration":1},{"z":0,"displayIndex":1,"transform":{"scX":1,"x":-24.75,"scY":1,"y":-45,"pX":0,"pY":0,"skX":0,"skY":0},"duration":1},{"z":0,"displayIndex":1,"transform":{"scX":1,"x":-24.75,"scY":1,"y":-44.5,"pX":0,"pY":0,"skX":0,"skY":0},"duration":1},{"z":0,"displayIndex":2,"transform":{"scX":0.92,"x":-12.25,"scY":0.84,"y":-36.75,"pX":0.05,"pY":-0.05,"skX":23.53,"skY":23.53},"duration":1},{"z":0,"displayIndex":2,"transform":{"scX":0.92,"x":-11.25,"scY":0.92,"y":-7.25,"pX":-0.5,"pY":-29.35,"skX":0,"skY":0},"duration":1},{"z":0,"displayIndex":2,"transform":{"scX":0.92,"x":-11.25,"scY":0.92,"y":-6.25,"pX":-0.5,"pY":-29.35,"skX":0,"skY":0},"duration":1},{"z":0,"displayIndex":3,"transform":{"scX":1,"x":-19.5,"scY":1,"y":-23,"pX":0,"pY":0,"skX":0,"skY":0},"duration":1},{"transform":{"scX":1,"x":-8.25,"scY":1,"y":-53.5,"pX":0,"pY":0,"skX":0,"skY":0},"z":0,"duration":1},{"transform":{"scX":1,"x":-8.25,"scY":1,"y":-54,"pX":0,"pY":0,"skX":0,"skY":0},"z":0,"duration":1},{"z":0,"displayIndex":1,"transform":{"scX":1,"x":-23,"scY":1,"y":-47.25,"pX":0,"pY":0,"skX":0,"skY":0},"duration":1},{"z":0,"displayIndex":1,"transform":{"scX":1,"x":-23,"scY":1,"y":-44.75,"pX":0,"pY":0,"skX":0,"skY":0},"duration":1},{"z":0,"displayIndex":2,"transform":{"scX":0.92,"x":-12.5,"scY":0.84,"y":-35.25,"pX":0,"pY":0,"skX":31.23,"skY":31.23},"duration":1},{"z":0,"displayIndex":2,"transform":{"scX":0.92,"x":-12.5,"scY":0.84,"y":-35.75,"pX":0.05,"pY":0,"skX":31.23,"skY":31.23},"duration":1},{"z":0,"displayIndex":2,"transform":{"scX":0.92,"x":-11.5,"scY":0.92,"y":-9.25,"pX":-0.5,"pY":-29.35,"skX":0,"skY":0},"duration":1},{"z":0,"displayIndex":2,"transform":{"scX":0.92,"x":-11.5,"scY":0.92,"y":-10,"pX":-0.5,"pY":-29.35,"skX":0,"skY":0},"duration":1},{"z":0,"displayIndex":2,"transform":{"scX":0.92,"x":-11.5,"scY":0.92,"y":-11,"pX":-0.5,"pY":-29.35,"skX":0,"skY":0},"duration":1},{"z":0,"displayIndex":3,"transform":{"scX":1,"x":-19.75,"scY":1,"y":-27.25,"pX":0,"pY":0,"skX":0,"skY":0},"duration":1},{"z":0,"displayIndex":3,"transform":{"scX":1,"x":-19.75,"scY":1,"y":-26.25,"pX":0,"pY":0,"skX":0,"skY":0},"duration":1},{"transform":{"scX":1,"x":-18,"scY":1,"y":-58.75,"pX":0,"pY":0,"skX":0,"skY":0},"z":0,"duration":1},{"transform":{"scX":1,"x":-17.75,"scY":1,"y":-57.75,"pX":0,"pY":0,"skX":0,"skY":0},"z":0,"duration":1},{"z":0,"displayIndex":1,"transform":{"scX":1,"x":-24.75,"scY":1,"y":-45,"pX":0,"pY":0,"skX":0,"skY":0},"duration":1},{"z":0,"displayIndex":1,"transform":{"scX":1,"x":-24.75,"scY":1,"y":-44.5,"pX":0,"pY":0,"skX":0,"skY":0},"duration":1},{"z":0,"displayIndex":2,"transform":{"scX":0.92,"x":-12.25,"scY":0.84,"y":-36.75,"pX":0.05,"pY":-0.05,"skX":23.53,"skY":23.53},"duration":1},{"z":0,"displayIndex":2,"transform":{"scX":0.92,"x":-11.25,"scY":0.92,"y":-7.25,"pX":-0.5,"pY":-29.35,"skX":0,"skY":0},"duration":1},{"z":0,"displayIndex":2,"transform":{"scX":0.92,"x":-11.25,"scY":0.92,"y":-6.25,"pX":-0.5,"pY":-29.35,"skX":0,"skY":0},"duration":1},{"z":0,"displayIndex":3,"transform":{"scX":1,"x":-19.5,"scY":1,"y":-23,"pX":0,"pY":0,"skX":0,"skY":0},"duration":1},{"transform":{"scX":1,"x":-8.25,"scY":1,"y":-53.5,"pX":0,"pY":0,"skX":0,"skY":0},"z":0,"duration":1}],"offset":0},{"name":"mnsbgbs0007","scale":1,"frame":[{"z":1,"transform":{"scX":1,"x":16.95,"scY":1,"y":-17.5,"pX":0,"pY":0,"skX":0,"skY":0},"duration":9,"tweenEasing":0},{"z":1,"transform":{"scX":1,"x":16.95,"scY":1,"y":-23.5,"pX":-0.05,"pY":-0.05,"skX":-23.23,"skY":-23.23},"duration":10,"tweenEasing":0},{"z":1,"transform":{"scX":1,"x":16.95,"scY":1,"y":-17.5,"pX":0,"pY":0,"skX":0,"skY":0},"duration":9,"tweenEasing":0},{"z":1,"transform":{"scX":1,"x":16.95,"scY":1,"y":-23.5,"pX":-0.05,"pY":-0.05,"skX":-23.23,"skY":-23.23},"duration":10,"tweenEasing":0},{"z":1,"transform":{"scX":1,"x":16.95,"scY":1,"y":-17.5,"pX":0,"pY":0,"skX":0,"skY":0},"duration":9,"tweenEasing":0},{"z":1,"transform":{"scX":1,"x":16.95,"scY":1,"y":-23.5,"pX":-0.05,"pY":-0.05,"skX":-23.23,"skY":-23.23},"duration":10,"tweenEasing":0},{"transform":{"scX":1,"x":16.95,"scY":1,"y":-17.5,"pX":0,"pY":0,"skX":0,"skY":0},"z":1,"duration":1}],"offset":0},{"name":"mnsbgbs0006","scale":1,"frame":[{"z":2,"transform":{"scX":1,"x":-6.55,"scY":1,"y":-7.5,"pX":0,"pY":0,"skX":0,"skY":0},"duration":9,"tweenEasing":0},{"z":2,"transform":{"scX":1,"x":-7.55,"scY":1,"y":-14,"pX":0,"pY":-0.05,"skX":11.48,"skY":11.48},"duration":10,"tweenEasing":0},{"z":2,"transform":{"scX":1,"x":-6.55,"scY":1,"y":-7.5,"pX":0,"pY":0,"skX":0,"skY":0},"duration":9,"tweenEasing":0},{"z":2,"transform":{"scX":1,"x":-7.55,"scY":1,"y":-14,"pX":0,"pY":-0.05,"skX":11.48,"skY":11.48},"duration":10,"tweenEasing":0},{"z":2,"transform":{"scX":1,"x":-6.55,"scY":1,"y":-7.5,"pX":0,"pY":0,"skX":0,"skY":0},"duration":9,"tweenEasing":0},{"z":2,"transform":{"scX":1,"x":-7.55,"scY":1,"y":-14,"pX":0,"pY":-0.05,"skX":11.48,"skY":11.48},"duration":10,"tweenEasing":0},{"transform":{"scX":1,"x":-6.55,"scY":1,"y":-7.5,"pX":0,"pY":0,"skX":0,"skY":0},"z":2,"duration":1}],"offset":0},{"name":"mnsbgbs0005","scale":1,"frame":[{"z":3,"transform":{"scX":1,"x":-0.8,"scY":1,"y":-5.25,"pX":0,"pY":0,"skX":0,"skY":0},"duration":9,"tweenEasing":0},{"z":3,"transform":{"scX":1.02,"x":-0.8,"scY":1,"y":-11.25,"pX":0,"pY":0,"skX":0,"skY":0},"duration":10,"tweenEasing":0},{"z":3,"transform":{"scX":1,"x":-0.8,"scY":1,"y":-5.25,"pX":0,"pY":0,"skX":0,"skY":0},"duration":9,"tweenEasing":0},{"z":3,"transform":{"scX":1.02,"x":-0.8,"scY":1,"y":-11.25,"pX":0,"pY":0,"skX":0,"skY":0},"duration":10,"tweenEasing":0},{"z":3,"transform":{"scX":1,"x":-0.8,"scY":1,"y":-5.25,"pX":0,"pY":0,"skX":0,"skY":0},"duration":9,"tweenEasing":0},{"z":3,"transform":{"scX":1.02,"x":-0.8,"scY":1,"y":-11.25,"pX":0,"pY":0,"skX":0,"skY":0},"duration":10,"tweenEasing":0},{"transform":{"scX":1,"x":-0.8,"scY":1,"y":-5.25,"pX":0,"pY":0,"skX":0,"skY":0},"z":3,"duration":1}],"offset":0},{"name":"mnsbgbs0004","scale":1,"frame":[{"duration":51,"displayIndex":-1},{"transform":{"scX":1,"x":-9.65,"scY":0.65,"y":-41.1,"pX":0,"pY":0,"skX":0,"skY":0},"z":4,"duration":1},{"transform":{"scX":1,"x":-10.05,"scY":1,"y":-38.25,"pX":0,"pY":0.05,"skX":0,"skY":0},"z":4,"duration":1},{"transform":{"scX":1,"x":-9.8,"scY":1,"y":-37.5,"pX":0,"pY":0.05,"skX":0,"skY":0},"z":4,"duration":1},{"transform":{"scX":1,"x":-10.15,"scY":0.65,"y":-38.6,"pX":0,"pY":0.05,"skX":0,"skY":0},"z":4,"duration":1},{"duration":3,"displayIndex":-1}],"offset":0},{"name":"dsgrgre","scale":1,"frame":[{"z":5,"transform":{"scX":1,"x":2.5,"scY":1,"y":-46.5,"pX":0,"pY":0,"skX":0,"skY":0},"duration":9,"tweenEasing":0},{"z":5,"transform":{"scX":1,"x":2.5,"scY":1,"y":-52.5,"pX":0.05,"pY":0.05,"skX":-8.73,"skY":-8.73},"duration":10,"tweenEasing":0},{"z":5,"transform":{"scX":1,"x":2.5,"scY":1,"y":-46.5,"pX":0,"pY":0,"skX":0,"skY":0},"duration":9,"tweenEasing":0},{"z":5,"transform":{"scX":1,"x":2.5,"scY":1,"y":-52.5,"pX":0.05,"pY":0.05,"skX":-8.73,"skY":-8.73},"duration":10,"tweenEasing":0},{"z":5,"transform":{"scX":1,"x":2.5,"scY":1,"y":-46.5,"pX":0,"pY":0,"skX":0,"skY":0},"duration":9,"tweenEasing":0},{"z":5,"transform":{"scX":1,"x":2.5,"scY":1,"y":-52.5,"pX":0.05,"pY":0.05,"skX":-8.73,"skY":-8.73},"duration":10,"tweenEasing":0},{"transform":{"scX":1,"x":2.5,"scY":1,"y":-46.5,"pX":0,"pY":0,"skX":0,"skY":0},"z":5,"duration":1}],"offset":0},{"name":"fefewf","scale":1,"frame":[{"z":6,"transform":{"scX":1,"x":-14.9,"scY":1,"y":-45.75,"pX":0,"pY":0,"skX":0,"skY":0},"duration":9,"tweenEasing":0},{"z":6,"transform":{"scX":1,"x":-14.9,"scY":1,"y":-51.75,"pX":0.05,"pY":0.05,"skX":11.94,"skY":11.94},"duration":10,"tweenEasing":0},{"z":6,"transform":{"scX":1,"x":-14.9,"scY":1,"y":-45.75,"pX":0,"pY":0,"skX":0,"skY":0},"duration":9,"tweenEasing":0},{"z":6,"transform":{"scX":1,"x":-14.9,"scY":1,"y":-51.75,"pX":0.05,"pY":0.05,"skX":11.94,"skY":11.94},"duration":10,"tweenEasing":0},{"z":6,"transform":{"scX":1,"x":-14.9,"scY":1,"y":-45.75,"pX":0,"pY":0,"skX":0,"skY":0},"duration":9,"tweenEasing":0},{"z":6,"transform":{"scX":1,"x":-14.9,"scY":1,"y":-51.75,"pX":0.05,"pY":0.05,"skX":11.94,"skY":11.94},"duration":10,"tweenEasing":0},{"transform":{"scX":1,"x":-14.9,"scY":1,"y":-45.75,"pX":0,"pY":0,"skX":0,"skY":0},"z":6,"duration":1}],"offset":0},{"name":"mnsbgbs0003","scale":1,"frame":[{"z":7,"transform":{"scX":1,"x":-7.05,"scY":1,"y":-32.5,"pX":0,"pY":0,"skX":0,"skY":0},"duration":9,"tweenEasing":0},{"z":7,"transform":{"scX":1,"x":-7.05,"scY":0.83,"y":-38.5,"pX":0,"pY":0,"skX":0,"skY":0},"duration":10,"tweenEasing":0},{"z":7,"transform":{"scX":1,"x":-7.05,"scY":1,"y":-32.5,"pX":0,"pY":0,"skX":0,"skY":0},"duration":9,"tweenEasing":0},{"z":7,"transform":{"scX":1,"x":-7.05,"scY":0.83,"y":-38.5,"pX":0,"pY":0,"skX":0,"skY":0},"duration":10,"tweenEasing":0},{"z":7,"transform":{"scX":1,"x":-7.05,"scY":1,"y":-32.5,"pX":0,"pY":0,"skX":0,"skY":0},"duration":9,"tweenEasing":0},{"z":7,"transform":{"scX":1,"x":-7.05,"scY":0.83,"y":-38.5,"pX":0,"pY":0,"skX":0,"skY":0},"duration":10,"tweenEasing":0},{"transform":{"scX":1,"x":-7.05,"scY":1,"y":-32.5,"pX":0,"pY":0,"skX":0,"skY":0},"z":7,"duration":1}],"offset":0},{"name":"mnsbgbs0002","scale":1,"frame":[{"z":8,"transform":{"scX":1,"x":14.95,"scY":1,"y":-19,"pX":0,"pY":0,"skX":0,"skY":0},"duration":9,"tweenEasing":0},{"z":8,"transform":{"scX":1,"x":14.95,"scY":1,"y":-25,"pX":-0.05,"pY":-0.05,"skX":8.73,"skY":8.73},"duration":10,"tweenEasing":0},{"z":8,"transform":{"scX":1,"x":14.95,"scY":1,"y":-19,"pX":0,"pY":0,"skX":0,"skY":0},"duration":9,"tweenEasing":0},{"z":8,"transform":{"scX":1,"x":14.95,"scY":1,"y":-25,"pX":-0.05,"pY":-0.05,"skX":8.73,"skY":8.73},"duration":10,"tweenEasing":0},{"z":8,"transform":{"scX":1,"x":14.95,"scY":1,"y":-19,"pX":0,"pY":0,"skX":0,"skY":0},"duration":9,"tweenEasing":0},{"z":8,"transform":{"scX":1,"x":14.95,"scY":1,"y":-25,"pX":-0.05,"pY":-0.05,"skX":8.73,"skY":8.73},"duration":10,"tweenEasing":0},{"transform":{"scX":1,"x":14.95,"scY":1,"y":-19,"pX":0,"pY":0,"skX":0,"skY":0},"z":8,"duration":1}],"offset":0},{"name":"图层 3","scale":1,"frame":[{"transform":{"scX":1,"x":33,"scY":1,"y":-59,"pX":0,"pY":0,"skX":0,"skY":0},"z":9,"duration":1},{"transform":{"scX":1,"x":33,"scY":1,"y":-60,"pX":0,"pY":0,"skX":0,"skY":0},"z":9,"duration":1},{"z":9,"displayIndex":1,"transform":{"scX":1,"x":40.3,"scY":1,"y":-48.25,"pX":0,"pY":0,"skX":0,"skY":0},"duration":1},{"z":9,"displayIndex":1,"transform":{"scX":1,"x":40.8,"scY":1,"y":-49.25,"pX":0,"pY":0,"skX":0,"skY":0},"duration":1},{"z":9,"displayIndex":2,"transform":{"scX":0.67,"x":13.6,"scY":0.97,"y":-39,"pX":0,"pY":0,"skX":-35.18,"skY":-35.18},"duration":1},{"z":9,"displayIndex":2,"transform":{"scX":0.67,"x":13.6,"scY":0.97,"y":-39.5,"pX":0.05,"pY":0,"skX":-35.18,"skY":-35.18},"duration":1},{"z":9,"displayIndex":2,"transform":{"scX":0.98,"x":17.3,"scY":0.98,"y":-7,"pX":0.15,"pY":-33.55,"skX":0,"skY":0},"duration":1},{"z":9,"displayIndex":2,"transform":{"scX":0.98,"x":17.3,"scY":0.98,"y":-8.25,"pX":0.15,"pY":-33.6,"skX":0,"skY":0},"duration":1},{"z":9,"displayIndex":2,"transform":{"scX":0.98,"x":17.3,"scY":0.98,"y":-9.25,"pX":0.15,"pY":-33.55,"skX":0,"skY":0},"duration":1},{"z":9,"displayIndex":3,"transform":{"scX":0.96,"x":31.8,"scY":0.96,"y":-33.95,"pX":0,"pY":0,"skX":0,"skY":0},"duration":1},{"z":9,"displayIndex":3,"transform":{"scX":0.96,"x":31.8,"scY":0.96,"y":-32.95,"pX":0,"pY":0,"skX":0,"skY":0},"duration":1},{"transform":{"scX":1,"x":33.75,"scY":1,"y":-63,"pX":0,"pY":0,"skX":0,"skY":0},"z":9,"duration":1},{"transform":{"scX":1,"x":34,"scY":1,"y":-61.5,"pX":0,"pY":0,"skX":0,"skY":0},"z":9,"duration":1},{"z":9,"displayIndex":1,"transform":{"scX":1,"x":41.05,"scY":1,"y":-50,"pX":0,"pY":0,"skX":0,"skY":0},"duration":1},{"z":9,"displayIndex":1,"transform":{"scX":1,"x":41.05,"scY":1,"y":-48.5,"pX":0,"pY":0,"skX":0,"skY":0},"duration":1},{"z":9,"displayIndex":2,"transform":{"scX":0.67,"x":15.6,"scY":0.97,"y":-37.75,"pX":0.05,"pY":0.05,"skX":-35.18,"skY":-35.18},"duration":1},{"z":9,"displayIndex":2,"transform":{"scX":0.98,"x":16.05,"scY":0.98,"y":-2.25,"pX":0.15,"pY":-33.6,"skX":0,"skY":0},"duration":1},{"z":9,"displayIndex":2,"transform":{"scX":0.98,"x":16.05,"scY":0.98,"y":-1.25,"pX":0.15,"pY":-33.55,"skX":0,"skY":0},"duration":1},{"z":9,"displayIndex":3,"transform":{"scX":0.96,"x":30.8,"scY":0.96,"y":-28.2,"pX":0,"pY":0,"skX":0,"skY":0},"duration":1},{"transform":{"scX":1,"x":33,"scY":1,"y":-59,"pX":0,"pY":0,"skX":0,"skY":0},"z":9,"duration":1},{"transform":{"scX":1,"x":33,"scY":1,"y":-60,"pX":0,"pY":0,"skX":0,"skY":0},"z":9,"duration":1},{"z":9,"displayIndex":1,"transform":{"scX":1,"x":40.3,"scY":1,"y":-48.25,"pX":0,"pY":0,"skX":0,"skY":0},"duration":1},{"z":9,"displayIndex":1,"transform":{"scX":1,"x":40.8,"scY":1,"y":-49.25,"pX":0,"pY":0,"skX":0,"skY":0},"duration":1},{"z":9,"displayIndex":2,"transform":{"scX":0.67,"x":13.6,"scY":0.97,"y":-39,"pX":0,"pY":0,"skX":-35.18,"skY":-35.18},"duration":1},{"z":9,"displayIndex":2,"transform":{"scX":0.67,"x":13.6,"scY":0.97,"y":-39.5,"pX":0.05,"pY":0,"skX":-35.18,"skY":-35.18},"duration":1},{"z":9,"displayIndex":2,"transform":{"scX":0.98,"x":17.3,"scY":0.98,"y":-7,"pX":0.15,"pY":-33.55,"skX":0,"skY":0},"duration":1},{"z":9,"displayIndex":2,"transform":{"scX":0.98,"x":17.3,"scY":0.98,"y":-8.25,"pX":0.15,"pY":-33.6,"skX":0,"skY":0},"duration":1},{"z":9,"displayIndex":2,"transform":{"scX":0.98,"x":17.3,"scY":0.98,"y":-9.25,"pX":0.15,"pY":-33.55,"skX":0,"skY":0},"duration":1},{"z":9,"displayIndex":3,"transform":{"scX":0.96,"x":31.8,"scY":0.96,"y":-33.95,"pX":0,"pY":0,"skX":0,"skY":0},"duration":1},{"z":9,"displayIndex":3,"transform":{"scX":0.96,"x":31.8,"scY":0.96,"y":-32.95,"pX":0,"pY":0,"skX":0,"skY":0},"duration":1},{"transform":{"scX":1,"x":33.75,"scY":1,"y":-63,"pX":0,"pY":0,"skX":0,"skY":0},"z":9,"duration":1},{"transform":{"scX":1,"x":34,"scY":1,"y":-61.5,"pX":0,"pY":0,"skX":0,"skY":0},"z":9,"duration":1},{"z":9,"displayIndex":1,"transform":{"scX":1,"x":41.05,"scY":1,"y":-50,"pX":0,"pY":0,"skX":0,"skY":0},"duration":1},{"z":9,"displayIndex":1,"transform":{"scX":1,"x":41.05,"scY":1,"y":-48.5,"pX":0,"pY":0,"skX":0,"skY":0},"duration":1},{"z":9,"displayIndex":2,"transform":{"scX":0.67,"x":15.6,"scY":0.97,"y":-37.75,"pX":0.05,"pY":0.05,"skX":-35.18,"skY":-35.18},"duration":1},{"z":9,"displayIndex":2,"transform":{"scX":0.98,"x":16.05,"scY":0.98,"y":-2.25,"pX":0.15,"pY":-33.6,"skX":0,"skY":0},"duration":1},{"z":9,"displayIndex":2,"transform":{"scX":0.98,"x":16.05,"scY":0.98,"y":-1.25,"pX":0.15,"pY":-33.55,"skX":0,"skY":0},"duration":1},{"z":9,"displayIndex":3,"transform":{"scX":0.96,"x":30.8,"scY":0.96,"y":-28.2,"pX":0,"pY":0,"skX":0,"skY":0},"duration":1},{"transform":{"scX":1,"x":33,"scY":1,"y":-59,"pX":0,"pY":0,"skX":0,"skY":0},"z":9,"duration":1},{"transform":{"scX":1,"x":33,"scY":1,"y":-60,"pX":0,"pY":0,"skX":0,"skY":0},"z":9,"duration":1},{"z":9,"displayIndex":1,"transform":{"scX":1,"x":40.3,"scY":1,"y":-48.25,"pX":0,"pY":0,"skX":0,"skY":0},"duration":1},{"z":9,"displayIndex":1,"transform":{"scX":1,"x":40.8,"scY":1,"y":-49.25,"pX":0,"pY":0,"skX":0,"skY":0},"duration":1},{"z":9,"displayIndex":2,"transform":{"scX":0.67,"x":13.6,"scY":0.97,"y":-39,"pX":0,"pY":0,"skX":-35.18,"skY":-35.18},"duration":1},{"z":9,"displayIndex":2,"transform":{"scX":0.67,"x":13.6,"scY":0.97,"y":-39.5,"pX":0.05,"pY":0,"skX":-35.18,"skY":-35.18},"duration":1},{"z":9,"displayIndex":2,"transform":{"scX":0.98,"x":17.3,"scY":0.98,"y":-7,"pX":0.15,"pY":-33.55,"skX":0,"skY":0},"duration":1},{"z":9,"displayIndex":2,"transform":{"scX":0.98,"x":17.3,"scY":0.98,"y":-8.25,"pX":0.15,"pY":-33.6,"skX":0,"skY":0},"duration":1},{"z":9,"displayIndex":2,"transform":{"scX":0.98,"x":17.3,"scY":0.98,"y":-9.25,"pX":0.15,"pY":-33.55,"skX":0,"skY":0},"duration":1},{"z":9,"displayIndex":3,"transform":{"scX":0.96,"x":31.8,"scY":0.96,"y":-33.95,"pX":0,"pY":0,"skX":0,"skY":0},"duration":1},{"z":9,"displayIndex":3,"transform":{"scX":0.96,"x":31.8,"scY":0.96,"y":-32.95,"pX":0,"pY":0,"skX":0,"skY":0},"duration":1},{"transform":{"scX":1,"x":33.75,"scY":1,"y":-63,"pX":0,"pY":0,"skX":0,"skY":0},"z":9,"duration":1},{"transform":{"scX":1,"x":34,"scY":1,"y":-61.5,"pX":0,"pY":0,"skX":0,"skY":0},"z":9,"duration":1},{"z":9,"displayIndex":1,"transform":{"scX":1,"x":41.05,"scY":1,"y":-50,"pX":0,"pY":0,"skX":0,"skY":0},"duration":1},{"z":9,"displayIndex":1,"transform":{"scX":1,"x":41.05,"scY":1,"y":-48.5,"pX":0,"pY":0,"skX":0,"skY":0},"duration":1},{"z":9,"displayIndex":2,"transform":{"scX":0.67,"x":15.6,"scY":0.97,"y":-37.75,"pX":0.05,"pY":0.05,"skX":-35.18,"skY":-35.18},"duration":1},{"z":9,"displayIndex":2,"transform":{"scX":0.98,"x":16.05,"scY":0.98,"y":-2.25,"pX":0.15,"pY":-33.6,"skX":0,"skY":0},"duration":1},{"z":9,"displayIndex":2,"transform":{"scX":0.98,"x":16.05,"scY":0.98,"y":-1.25,"pX":0.15,"pY":-33.55,"skX":0,"skY":0},"duration":1},{"z":9,"displayIndex":3,"transform":{"scX":0.96,"x":30.8,"scY":0.96,"y":-28.2,"pX":0,"pY":0,"skX":0,"skY":0},"duration":1},{"transform":{"scX":1,"x":33,"scY":1,"y":-59,"pX":0,"pY":0,"skX":0,"skY":0},"z":9,"duration":1}],"offset":0}],"scale":1,"loop":0,"autoTween":0,"name":"standA","duration":58,"tweenEasing":null},{"fadeInTime":0,"timeline":[{"name":"mnsbgbs0017","scale":1,"frame":[{"z":10,"transform":{"scX":-1,"x":-6.45,"scY":1,"y":-6.5,"pX":0,"pY":0,"skX":0,"skY":0},"duration":11,"tweenEasing":0},{"z":10,"transform":{"scX":-1,"x":-8.2,"scY":1,"y":-13.75,"pX":0,"pY":0.05,"skX":15.71,"skY":15.71},"duration":10,"tweenEasing":0},{"z":10,"transform":{"scX":-1,"x":-6.45,"scY":1,"y":-6.5,"pX":0,"pY":0,"skX":0,"skY":0},"duration":11,"tweenEasing":0},{"z":10,"transform":{"scX":-1,"x":-8.2,"scY":1,"y":-13.75,"pX":0,"pY":0.05,"skX":15.71,"skY":15.71},"duration":10,"tweenEasing":0},{"z":10,"transform":{"scX":-1,"x":-6.45,"scY":1,"y":-6.5,"pX":0,"pY":0,"skX":0,"skY":0},"duration":11,"tweenEasing":0},{"z":10,"transform":{"scX":-1,"x":-8.2,"scY":1,"y":-13.75,"pX":0,"pY":0.05,"skX":15.71,"skY":15.71},"duration":10,"tweenEasing":0},{"transform":{"scX":-1,"x":-6.45,"scY":1,"y":-6.5,"pX":0,"pY":0,"skX":0,"skY":0},"z":10,"duration":1}],"offset":0},{"name":"mnsbgbs0016","scale":1,"frame":[{"z":11,"transform":{"scX":-1,"x":9.05,"scY":1,"y":-7,"pX":0,"pY":0,"skX":0,"skY":0},"duration":11,"tweenEasing":0},{"z":11,"transform":{"scX":-1,"x":8.55,"scY":1,"y":-13.75,"pX":0,"pY":-0.05,"skX":24.95,"skY":24.95},"duration":10,"tweenEasing":0},{"z":11,"transform":{"scX":-1,"x":9.05,"scY":1,"y":-7,"pX":0,"pY":0,"skX":0,"skY":0},"duration":11,"tweenEasing":0},{"z":11,"transform":{"scX":-1,"x":8.55,"scY":1,"y":-13.75,"pX":0,"pY":-0.05,"skX":24.95,"skY":24.95},"duration":10,"tweenEasing":0},{"z":11,"transform":{"scX":-1,"x":9.05,"scY":1,"y":-7,"pX":0,"pY":0,"skX":0,"skY":0},"duration":11,"tweenEasing":0},{"z":11,"transform":{"scX":-1,"x":8.55,"scY":1,"y":-13.75,"pX":0,"pY":-0.05,"skX":24.95,"skY":24.95},"duration":10,"tweenEasing":0},{"transform":{"scX":-1,"x":9.05,"scY":1,"y":-7,"pX":0,"pY":0,"skX":0,"skY":0},"z":11,"duration":1}],"offset":0},{"name":"图层 7","scale":1,"frame":[{"transform":{"scX":-1,"x":25.05,"scY":1,"y":-57.5,"pX":0,"pY":0,"skX":0,"skY":0},"z":12,"duration":1},{"transform":{"scX":-1,"x":25.05,"scY":1,"y":-58.5,"pX":0,"pY":0,"skX":0,"skY":0},"z":12,"duration":1},{"z":12,"displayIndex":1,"transform":{"scX":-1,"x":4.1,"scY":1,"y":-34.5,"pX":0,"pY":0,"skX":8.72,"skY":8.72},"duration":1},{"z":12,"displayIndex":1,"transform":{"scX":-1,"x":4.1,"scY":1,"y":-35.5,"pX":0,"pY":0,"skX":8.72,"skY":8.72},"duration":1},{"z":12,"displayIndex":1,"transform":{"scX":-1,"x":4.1,"scY":1,"y":-36.5,"pX":0,"pY":0,"skX":8.72,"skY":8.72},"duration":1},{"z":12,"displayIndex":1,"transform":{"scX":-0.87,"x":13.55,"scY":1,"y":-33.5,"pX":7.85,"pY":-3.6,"skX":48.99,"skY":52.97},"duration":1},{"z":12,"displayIndex":2,"transform":{"scX":-1,"x":9.05,"scY":1.06,"y":-25.5,"pX":0,"pY":0,"skX":-8.2,"skY":-8.2},"duration":1},{"z":12,"displayIndex":2,"transform":{"scX":-1,"x":9.05,"scY":1.06,"y":-26,"pX":-0.05,"pY":0.05,"skX":-8.2,"skY":-8.2},"duration":1},{"z":12,"displayIndex":3,"transform":{"scX":-0.98,"x":24.05,"scY":0.88,"y":-25.5,"pX":0,"pY":0,"skX":0,"skY":0},"duration":1},{"z":12,"displayIndex":3,"transform":{"scX":-0.98,"x":24.05,"scY":0.88,"y":-27,"pX":0,"pY":0.05,"skX":0,"skY":0},"duration":1},{"z":12,"displayIndex":3,"transform":{"scX":-0.98,"x":24.05,"scY":0.88,"y":-27.5,"pX":0,"pY":0,"skX":0,"skY":0},"duration":1},{"transform":{"scX":-1,"x":25.05,"scY":1,"y":-57.5,"pX":0,"pY":0,"skX":0,"skY":0},"z":12,"duration":1},{"transform":{"scX":-1,"x":25.05,"scY":1,"y":-56.5,"pX":0,"pY":0,"skX":0,"skY":0},"z":12,"duration":1},{"z":12,"displayIndex":1,"transform":{"scX":-1,"x":16.05,"scY":1,"y":-37.5,"pX":7.4,"pY":-0.55,"skX":5.25,"skY":5.25},"duration":1},{"z":12,"displayIndex":1,"transform":{"scX":-1,"x":16.05,"scY":1,"y":-36.5,"pX":7.4,"pY":-0.55,"skX":5.25,"skY":5.25},"duration":1},{"z":12,"displayIndex":1,"transform":{"scX":-0.87,"x":13.55,"scY":1,"y":-34,"pX":7.85,"pY":-3.6,"skX":48.99,"skY":52.97},"duration":1},{"z":12,"displayIndex":2,"transform":{"scX":-1,"x":10.55,"scY":1.06,"y":-25.5,"pX":0,"pY":0,"skX":-8.2,"skY":-8.2},"duration":1},{"z":12,"displayIndex":2,"transform":{"scX":-1,"x":10.55,"scY":1.06,"y":-25,"pX":-0.05,"pY":0.05,"skX":-8.2,"skY":-8.2},"duration":1},{"z":12,"displayIndex":3,"transform":{"scX":-0.98,"x":24.1,"scY":0.88,"y":-23,"pX":0.05,"pY":0.05,"skX":14.95,"skY":14.95},"duration":1},{"z":12,"displayIndex":3,"transform":{"scX":-0.98,"x":24.1,"scY":0.88,"y":-22.5,"pX":0.05,"pY":0.05,"skX":14.95,"skY":14.95},"duration":1},{"z":12,"displayIndex":3,"transform":{"scX":-0.98,"x":24.1,"scY":0.88,"y":-22,"pX":0.1,"pY":0.05,"skX":14.95,"skY":14.95},"duration":1},{"transform":{"scX":-1,"x":25.05,"scY":1,"y":-57.5,"pX":0,"pY":0,"skX":0,"skY":0},"z":12,"duration":1},{"transform":{"scX":-1,"x":25.05,"scY":1,"y":-58.5,"pX":0,"pY":0,"skX":0,"skY":0},"z":12,"duration":1},{"z":12,"displayIndex":1,"transform":{"scX":-1,"x":4.1,"scY":1,"y":-34.5,"pX":0,"pY":0,"skX":8.72,"skY":8.72},"duration":1},{"z":12,"displayIndex":1,"transform":{"scX":-1,"x":4.1,"scY":1,"y":-35.5,"pX":0,"pY":0,"skX":8.72,"skY":8.72},"duration":1},{"z":12,"displayIndex":1,"transform":{"scX":-1,"x":4.1,"scY":1,"y":-36.5,"pX":0,"pY":0,"skX":8.72,"skY":8.72},"duration":1},{"z":12,"displayIndex":1,"transform":{"scX":-0.87,"x":13.55,"scY":1,"y":-33.5,"pX":7.85,"pY":-3.6,"skX":48.99,"skY":52.97},"duration":1},{"z":12,"displayIndex":2,"transform":{"scX":-1,"x":9.05,"scY":1.06,"y":-25.5,"pX":0,"pY":0,"skX":-8.2,"skY":-8.2},"duration":1},{"z":12,"displayIndex":2,"transform":{"scX":-1,"x":9.05,"scY":1.06,"y":-26,"pX":-0.05,"pY":0.05,"skX":-8.2,"skY":-8.2},"duration":1},{"z":12,"displayIndex":3,"transform":{"scX":-0.98,"x":24.05,"scY":0.88,"y":-25.5,"pX":0,"pY":0,"skX":0,"skY":0},"duration":1},{"z":12,"displayIndex":3,"transform":{"scX":-0.98,"x":24.05,"scY":0.88,"y":-27,"pX":0,"pY":0.05,"skX":0,"skY":0},"duration":1},{"z":12,"displayIndex":3,"transform":{"scX":-0.98,"x":24.05,"scY":0.88,"y":-27.5,"pX":0,"pY":0,"skX":0,"skY":0},"duration":1},{"transform":{"scX":-1,"x":25.05,"scY":1,"y":-57.5,"pX":0,"pY":0,"skX":0,"skY":0},"z":12,"duration":1},{"transform":{"scX":-1,"x":25.05,"scY":1,"y":-56.5,"pX":0,"pY":0,"skX":0,"skY":0},"z":12,"duration":1},{"z":12,"displayIndex":1,"transform":{"scX":-1,"x":16.05,"scY":1,"y":-37.5,"pX":7.4,"pY":-0.55,"skX":5.25,"skY":5.25},"duration":1},{"z":12,"displayIndex":1,"transform":{"scX":-1,"x":16.05,"scY":1,"y":-36.5,"pX":7.4,"pY":-0.55,"skX":5.25,"skY":5.25},"duration":1},{"z":12,"displayIndex":1,"transform":{"scX":-0.87,"x":13.55,"scY":1,"y":-34,"pX":7.85,"pY":-3.6,"skX":48.99,"skY":52.97},"duration":1},{"z":12,"displayIndex":2,"transform":{"scX":-1,"x":10.55,"scY":1.06,"y":-25.5,"pX":0,"pY":0,"skX":-8.2,"skY":-8.2},"duration":1},{"z":12,"displayIndex":2,"transform":{"scX":-1,"x":10.55,"scY":1.06,"y":-25,"pX":-0.05,"pY":0.05,"skX":-8.2,"skY":-8.2},"duration":1},{"z":12,"displayIndex":3,"transform":{"scX":-0.98,"x":24.1,"scY":0.88,"y":-23,"pX":0.05,"pY":0.05,"skX":14.95,"skY":14.95},"duration":1},{"z":12,"displayIndex":3,"transform":{"scX":-0.98,"x":24.1,"scY":0.88,"y":-22.5,"pX":0.05,"pY":0.05,"skX":14.95,"skY":14.95},"duration":1},{"z":12,"displayIndex":3,"transform":{"scX":-0.98,"x":24.1,"scY":0.88,"y":-22,"pX":0.1,"pY":0.05,"skX":14.95,"skY":14.95},"duration":1},{"transform":{"scX":-1,"x":25.05,"scY":1,"y":-57.5,"pX":0,"pY":0,"skX":0,"skY":0},"z":12,"duration":1},{"transform":{"scX":-1,"x":25.05,"scY":1,"y":-58.5,"pX":0,"pY":0,"skX":0,"skY":0},"z":12,"duration":1},{"z":12,"displayIndex":1,"transform":{"scX":-1,"x":4.1,"scY":1,"y":-34.5,"pX":0,"pY":0,"skX":8.72,"skY":8.72},"duration":1},{"z":12,"displayIndex":1,"transform":{"scX":-1,"x":4.1,"scY":1,"y":-35.5,"pX":0,"pY":0,"skX":8.72,"skY":8.72},"duration":1},{"z":12,"displayIndex":1,"transform":{"scX":-1,"x":4.1,"scY":1,"y":-36.5,"pX":0,"pY":0,"skX":8.72,"skY":8.72},"duration":1},{"z":12,"displayIndex":1,"transform":{"scX":-0.87,"x":13.55,"scY":1,"y":-33.5,"pX":7.85,"pY":-3.6,"skX":48.99,"skY":52.97},"duration":1},{"z":12,"displayIndex":2,"transform":{"scX":-1,"x":9.05,"scY":1.06,"y":-25.5,"pX":0,"pY":0,"skX":-8.2,"skY":-8.2},"duration":1},{"z":12,"displayIndex":2,"transform":{"scX":-1,"x":9.05,"scY":1.06,"y":-26,"pX":-0.05,"pY":0.05,"skX":-8.2,"skY":-8.2},"duration":1},{"z":12,"displayIndex":3,"transform":{"scX":-0.98,"x":24.05,"scY":0.88,"y":-25.5,"pX":0,"pY":0,"skX":0,"skY":0},"duration":1},{"z":12,"displayIndex":3,"transform":{"scX":-0.98,"x":24.05,"scY":0.88,"y":-27,"pX":0,"pY":0.05,"skX":0,"skY":0},"duration":1},{"z":12,"displayIndex":3,"transform":{"scX":-0.98,"x":24.05,"scY":0.88,"y":-27.5,"pX":0,"pY":0,"skX":0,"skY":0},"duration":1},{"transform":{"scX":-1,"x":25.05,"scY":1,"y":-57.5,"pX":0,"pY":0,"skX":0,"skY":0},"z":12,"duration":1},{"transform":{"scX":-1,"x":25.05,"scY":1,"y":-56.5,"pX":0,"pY":0,"skX":0,"skY":0},"z":12,"duration":1},{"z":12,"displayIndex":1,"transform":{"scX":-1,"x":16.05,"scY":1,"y":-37.5,"pX":7.4,"pY":-0.55,"skX":5.25,"skY":5.25},"duration":1},{"z":12,"displayIndex":1,"transform":{"scX":-1,"x":16.05,"scY":1,"y":-36.5,"pX":7.4,"pY":-0.55,"skX":5.25,"skY":5.25},"duration":1},{"z":12,"displayIndex":1,"transform":{"scX":-0.87,"x":13.55,"scY":1,"y":-34,"pX":7.85,"pY":-3.6,"skX":48.99,"skY":52.97},"duration":1},{"z":12,"displayIndex":2,"transform":{"scX":-1,"x":10.55,"scY":1.06,"y":-25.5,"pX":0,"pY":0,"skX":-8.2,"skY":-8.2},"duration":1},{"z":12,"displayIndex":2,"transform":{"scX":-1,"x":10.55,"scY":1.06,"y":-25,"pX":-0.05,"pY":0.05,"skX":-8.2,"skY":-8.2},"duration":1},{"z":12,"displayIndex":3,"transform":{"scX":-0.98,"x":24.1,"scY":0.88,"y":-23,"pX":0.05,"pY":0.05,"skX":14.95,"skY":14.95},"duration":1},{"z":12,"displayIndex":3,"transform":{"scX":-0.98,"x":24.1,"scY":0.88,"y":-22.5,"pX":0.05,"pY":0.05,"skX":14.95,"skY":14.95},"duration":1},{"z":12,"displayIndex":3,"transform":{"scX":-0.98,"x":24.1,"scY":0.88,"y":-22,"pX":0.1,"pY":0.05,"skX":14.95,"skY":14.95},"duration":1},{"transform":{"scX":-1,"x":25.05,"scY":1,"y":-57.5,"pX":0,"pY":0,"skX":0,"skY":0},"z":12,"duration":1}],"offset":0},{"name":"mnsbgbs0014","scale":1,"frame":[{"z":13,"transform":{"scX":-1,"x":1.05,"scY":1,"y":-51,"pX":0,"pY":0,"skX":0,"skY":0},"duration":11,"tweenEasing":0},{"z":13,"transform":{"scX":-1,"x":1.05,"scY":1,"y":-55.5,"pX":-0.05,"pY":0.1,"skX":15.51,"skY":15.51},"duration":10,"tweenEasing":0},{"z":13,"transform":{"scX":-1,"x":1.05,"scY":1,"y":-51,"pX":0,"pY":0,"skX":0,"skY":0},"duration":11,"tweenEasing":0},{"z":13,"transform":{"scX":-1,"x":1.05,"scY":1,"y":-55.5,"pX":-0.05,"pY":0.1,"skX":15.51,"skY":15.51},"duration":10,"tweenEasing":0},{"z":13,"transform":{"scX":-1,"x":1.05,"scY":1,"y":-51,"pX":0,"pY":0,"skX":0,"skY":0},"duration":11,"tweenEasing":0},{"z":13,"transform":{"scX":-1,"x":1.05,"scY":1,"y":-55.5,"pX":-0.05,"pY":0.1,"skX":15.51,"skY":15.51},"duration":10,"tweenEasing":0},{"transform":{"scX":-1,"x":1.05,"scY":1,"y":-51,"pX":0,"pY":0,"skX":0,"skY":0},"z":13,"duration":1}],"offset":0},{"name":"mnsbgbs0013","scale":1,"frame":[{"z":14,"transform":{"scX":-1,"x":8.05,"scY":1,"y":-3.5,"pX":0,"pY":0,"skX":0,"skY":0},"duration":11,"tweenEasing":0},{"z":14,"transform":{"scX":-1.02,"x":8.05,"scY":0.99,"y":-9,"pX":0,"pY":0,"skX":0,"skY":0},"duration":10,"tweenEasing":0},{"z":14,"transform":{"scX":-1,"x":8.05,"scY":1,"y":-3.5,"pX":0,"pY":0,"skX":0,"skY":0},"duration":11,"tweenEasing":0},{"z":14,"transform":{"scX":-1.02,"x":8.05,"scY":0.99,"y":-9,"pX":0,"pY":0,"skX":0,"skY":0},"duration":10,"tweenEasing":0},{"z":14,"transform":{"scX":-1,"x":8.05,"scY":1,"y":-3.5,"pX":0,"pY":0,"skX":0,"skY":0},"duration":11,"tweenEasing":0},{"z":14,"transform":{"scX":-1.02,"x":8.05,"scY":0.99,"y":-9,"pX":0,"pY":0,"skX":0,"skY":0},"duration":10,"tweenEasing":0},{"transform":{"scX":-1,"x":8.05,"scY":1,"y":-3.5,"pX":0,"pY":0,"skX":0,"skY":0},"z":14,"duration":1}],"offset":0},{"name":"mnsbgbs0010","scale":1,"frame":[{"duration":32,"displayIndex":-1},{"transform":{"scX":1,"x":-13.3,"scY":0.64,"y":-42.9,"pX":0,"pY":0,"skX":0,"skY":0},"z":15,"duration":1},{"transform":{"scX":1,"x":-13.2,"scY":1,"y":-40.9,"pX":0,"pY":0,"skX":0,"skY":0},"z":15,"duration":1},{"transform":{"scX":1,"x":-13.2,"scY":1,"y":-40.65,"pX":0,"pY":0,"skX":0,"skY":0},"z":15,"duration":1},{"transform":{"scX":1,"x":-13.3,"scY":0.64,"y":-41.65,"pX":0,"pY":0,"skX":0,"skY":0},"z":15,"duration":1},{"duration":28,"displayIndex":-1}],"offset":0},{"name":"mnsbgbs0012","scale":1,"frame":[{"z":16,"transform":{"scX":-1,"x":-12.45,"scY":1,"y":-45,"pX":0,"pY":0,"skX":0,"skY":0},"duration":11,"tweenEasing":0},{"z":16,"transform":{"scX":-1,"x":-12.45,"scY":1,"y":-50.5,"pX":0.1,"pY":0,"skX":-17.92,"skY":-17.92},"duration":10,"tweenEasing":0},{"z":16,"transform":{"scX":-1,"x":-12.45,"scY":1,"y":-45,"pX":0,"pY":0,"skX":0,"skY":0},"duration":11,"tweenEasing":0},{"z":16,"transform":{"scX":-1,"x":-12.45,"scY":1,"y":-50.5,"pX":0.1,"pY":0,"skX":-17.92,"skY":-17.92},"duration":10,"tweenEasing":0},{"z":16,"transform":{"scX":-1,"x":-12.45,"scY":1,"y":-45,"pX":0,"pY":0,"skX":0,"skY":0},"duration":11,"tweenEasing":0},{"z":16,"transform":{"scX":-1,"x":-12.45,"scY":1,"y":-50.5,"pX":0.1,"pY":0,"skX":-17.92,"skY":-17.92},"duration":10,"tweenEasing":0},{"transform":{"scX":-1,"x":-12.45,"scY":1,"y":-45,"pX":0,"pY":0,"skX":0,"skY":0},"z":16,"duration":1}],"offset":0},{"name":"mnsbgbs0011","scale":1,"frame":[{"z":17,"transform":{"scX":-1,"x":22.05,"scY":1,"y":-14,"pX":0,"pY":0,"skX":0,"skY":0},"duration":11,"tweenEasing":0},{"z":17,"transform":{"scX":-0.95,"x":22.3,"scY":1,"y":-20.9,"pX":-0.05,"pY":-0.1,"skX":-15.14,"skY":-6.88},"duration":10,"tweenEasing":0},{"z":17,"transform":{"scX":-1,"x":22.05,"scY":1,"y":-14,"pX":0,"pY":0,"skX":0,"skY":0},"duration":11,"tweenEasing":0},{"z":17,"transform":{"scX":-0.95,"x":22.3,"scY":1,"y":-20.9,"pX":-0.05,"pY":-0.1,"skX":-15.14,"skY":-6.88},"duration":10,"tweenEasing":0},{"z":17,"transform":{"scX":-1,"x":22.05,"scY":1,"y":-14,"pX":0,"pY":0,"skX":0,"skY":0},"duration":11,"tweenEasing":0},{"z":17,"transform":{"scX":-0.95,"x":22.3,"scY":1,"y":-20.9,"pX":-0.05,"pY":-0.1,"skX":-15.14,"skY":-6.88},"duration":10,"tweenEasing":0},{"transform":{"scX":-1,"x":22.05,"scY":1,"y":-14,"pX":0,"pY":0,"skX":0,"skY":0},"z":17,"duration":1}],"offset":0},{"name":"图层 6","scale":1,"frame":[{"transform":{"scX":-1,"x":-30.45,"scY":1,"y":-44.5,"pX":0,"pY":0,"skX":0,"skY":0},"z":18,"duration":1},{"transform":{"scX":-1,"x":-30.45,"scY":1,"y":-45.5,"pX":0,"pY":0,"skX":0,"skY":0},"z":18,"duration":1},{"z":18,"displayIndex":1,"transform":{"scX":-1,"x":-38.1,"scY":0.87,"y":-23.15,"pX":0,"pY":0,"skX":0,"skY":0},"duration":1},{"z":18,"displayIndex":1,"transform":{"scX":-1,"x":-38.1,"scY":0.87,"y":-24.15,"pX":0,"pY":0,"skX":0,"skY":0},"duration":1},{"z":18,"displayIndex":1,"transform":{"scX":-1,"x":-38.1,"scY":0.87,"y":-24.65,"pX":0,"pY":0,"skX":0,"skY":0},"duration":1},{"z":18,"displayIndex":1,"transform":{"scX":-1,"x":-5.05,"scY":0.91,"y":-30.65,"pX":33.5,"pY":6.95,"skX":-42.98,"skY":-42.98},"duration":1},{"z":18,"displayIndex":2,"transform":{"scX":-0.86,"x":-11.95,"scY":1,"y":1.5,"pX":0,"pY":0,"skX":0,"skY":0},"duration":1},{"z":18,"displayIndex":2,"transform":{"scX":-0.86,"x":-11.45,"scY":1,"y":1.5,"pX":0,"pY":0,"skX":0,"skY":0},"duration":1},{"z":18,"displayIndex":3,"transform":{"scX":-0.92,"x":-23.95,"scY":0.98,"y":-15,"pX":0,"pY":0,"skX":0,"skY":0},"duration":1},{"z":18,"displayIndex":3,"transform":{"scX":-0.92,"x":-24.45,"scY":0.98,"y":-15.5,"pX":-0.05,"pY":0,"skX":0,"skY":0},"duration":1},{"z":18,"displayIndex":3,"transform":{"scX":-0.92,"x":-23.95,"scY":0.98,"y":-16,"pX":0,"pY":0,"skX":0,"skY":0},"duration":1},{"transform":{"scX":-1,"x":-30.45,"scY":1,"y":-50,"pX":0,"pY":0,"skX":0,"skY":0},"z":18,"duration":1},{"transform":{"scX":-1,"x":-30.45,"scY":1,"y":-49,"pX":0,"pY":0,"skX":0,"skY":0},"z":18,"duration":1},{"z":18,"displayIndex":1,"transform":{"scX":-1,"x":-38.1,"scY":0.87,"y":-28.65,"pX":0,"pY":0,"skX":0,"skY":0},"duration":1},{"z":18,"displayIndex":1,"transform":{"scX":-1,"x":-37.6,"scY":0.87,"y":-28.15,"pX":0,"pY":0,"skX":0,"skY":0},"duration":1},{"z":18,"displayIndex":1,"transform":{"scX":-1,"x":-5.05,"scY":0.91,"y":-37.15,"pX":33.55,"pY":6.95,"skX":-42.98,"skY":-42.98},"duration":1},{"z":18,"displayIndex":2,"transform":{"scX":-0.86,"x":-10.45,"scY":1,"y":-3.5,"pX":0,"pY":0,"skX":0,"skY":0},"duration":1},{"z":18,"displayIndex":2,"transform":{"scX":-0.86,"x":-10.45,"scY":1,"y":-3.5,"pX":0,"pY":0,"skX":0,"skY":0},"duration":1},{"z":18,"displayIndex":3,"transform":{"scX":-0.92,"x":-21.95,"scY":0.98,"y":-12,"pX":-0.05,"pY":-0.05,"skX":0,"skY":0},"duration":1},{"z":18,"displayIndex":3,"transform":{"scX":-0.92,"x":-21.45,"scY":0.98,"y":-11,"pX":-0.05,"pY":0,"skX":0,"skY":0},"duration":1},{"z":18,"displayIndex":3,"transform":{"scX":-0.92,"x":-20.95,"scY":0.98,"y":-10.5,"pX":-0.05,"pY":0,"skX":0,"skY":0},"duration":1},{"transform":{"scX":-1,"x":-30.45,"scY":1,"y":-44.5,"pX":0,"pY":0,"skX":0,"skY":0},"z":18,"duration":1},{"transform":{"scX":-1,"x":-30.45,"scY":1,"y":-45.5,"pX":0,"pY":0,"skX":0,"skY":0},"z":18,"duration":1},{"z":18,"displayIndex":1,"transform":{"scX":-1,"x":-38.1,"scY":0.87,"y":-23.15,"pX":0,"pY":0,"skX":0,"skY":0},"duration":1},{"z":18,"displayIndex":1,"transform":{"scX":-1,"x":-38.1,"scY":0.87,"y":-24.15,"pX":0,"pY":0,"skX":0,"skY":0},"duration":1},{"z":18,"displayIndex":1,"transform":{"scX":-1,"x":-38.1,"scY":0.87,"y":-24.65,"pX":0,"pY":0,"skX":0,"skY":0},"duration":1},{"z":18,"displayIndex":1,"transform":{"scX":-1,"x":-5.05,"scY":0.91,"y":-30.65,"pX":33.5,"pY":6.95,"skX":-42.98,"skY":-42.98},"duration":1},{"z":18,"displayIndex":2,"transform":{"scX":-0.86,"x":-11.95,"scY":1,"y":1.5,"pX":0,"pY":0,"skX":0,"skY":0},"duration":1},{"z":18,"displayIndex":2,"transform":{"scX":-0.86,"x":-11.45,"scY":1,"y":1.5,"pX":0,"pY":0,"skX":0,"skY":0},"duration":1},{"z":18,"displayIndex":3,"transform":{"scX":-0.92,"x":-23.95,"scY":0.98,"y":-15,"pX":0,"pY":0,"skX":0,"skY":0},"duration":1},{"z":18,"displayIndex":3,"transform":{"scX":-0.92,"x":-24.45,"scY":0.98,"y":-15.5,"pX":-0.05,"pY":0,"skX":0,"skY":0},"duration":1},{"z":18,"displayIndex":3,"transform":{"scX":-0.92,"x":-23.95,"scY":0.98,"y":-16,"pX":0,"pY":0,"skX":0,"skY":0},"duration":1},{"transform":{"scX":-1,"x":-30.45,"scY":1,"y":-50,"pX":0,"pY":0,"skX":0,"skY":0},"z":18,"duration":1},{"transform":{"scX":-1,"x":-30.45,"scY":1,"y":-49,"pX":0,"pY":0,"skX":0,"skY":0},"z":18,"duration":1},{"z":18,"displayIndex":1,"transform":{"scX":-1,"x":-38.1,"scY":0.87,"y":-28.65,"pX":0,"pY":0,"skX":0,"skY":0},"duration":1},{"z":18,"displayIndex":1,"transform":{"scX":-1,"x":-37.6,"scY":0.87,"y":-28.15,"pX":0,"pY":0,"skX":0,"skY":0},"duration":1},{"z":18,"displayIndex":1,"transform":{"scX":-1,"x":-5.05,"scY":0.91,"y":-37.15,"pX":33.55,"pY":6.95,"skX":-42.98,"skY":-42.98},"duration":1},{"z":18,"displayIndex":2,"transform":{"scX":-0.86,"x":-10.45,"scY":1,"y":-3.5,"pX":0,"pY":0,"skX":0,"skY":0},"duration":1},{"z":18,"displayIndex":2,"transform":{"scX":-0.86,"x":-10.45,"scY":1,"y":-3.5,"pX":0,"pY":0,"skX":0,"skY":0},"duration":1},{"z":18,"displayIndex":3,"transform":{"scX":-0.92,"x":-21.95,"scY":0.98,"y":-12,"pX":-0.05,"pY":-0.05,"skX":0,"skY":0},"duration":1},{"z":18,"displayIndex":3,"transform":{"scX":-0.92,"x":-21.45,"scY":0.98,"y":-11,"pX":-0.05,"pY":0,"skX":0,"skY":0},"duration":1},{"z":18,"displayIndex":3,"transform":{"scX":-0.92,"x":-20.95,"scY":0.98,"y":-10.5,"pX":-0.05,"pY":0,"skX":0,"skY":0},"duration":1},{"transform":{"scX":-1,"x":-30.45,"scY":1,"y":-44.5,"pX":0,"pY":0,"skX":0,"skY":0},"z":18,"duration":1},{"transform":{"scX":-1,"x":-30.45,"scY":1,"y":-45.5,"pX":0,"pY":0,"skX":0,"skY":0},"z":18,"duration":1},{"z":18,"displayIndex":1,"transform":{"scX":-1,"x":-38.1,"scY":0.87,"y":-23.15,"pX":0,"pY":0,"skX":0,"skY":0},"duration":1},{"z":18,"displayIndex":1,"transform":{"scX":-1,"x":-38.1,"scY":0.87,"y":-24.15,"pX":0,"pY":0,"skX":0,"skY":0},"duration":1},{"z":18,"displayIndex":1,"transform":{"scX":-1,"x":-38.1,"scY":0.87,"y":-24.65,"pX":0,"pY":0,"skX":0,"skY":0},"duration":1},{"z":18,"displayIndex":1,"transform":{"scX":-1,"x":-5.05,"scY":0.91,"y":-30.65,"pX":33.5,"pY":6.95,"skX":-42.98,"skY":-42.98},"duration":1},{"z":18,"displayIndex":2,"transform":{"scX":-0.86,"x":-11.95,"scY":1,"y":1.5,"pX":0,"pY":0,"skX":0,"skY":0},"duration":1},{"z":18,"displayIndex":2,"transform":{"scX":-0.86,"x":-11.45,"scY":1,"y":1.5,"pX":0,"pY":0,"skX":0,"skY":0},"duration":1},{"z":18,"displayIndex":3,"transform":{"scX":-0.92,"x":-23.95,"scY":0.98,"y":-15,"pX":0,"pY":0,"skX":0,"skY":0},"duration":1},{"z":18,"displayIndex":3,"transform":{"scX":-0.92,"x":-24.45,"scY":0.98,"y":-15.5,"pX":-0.05,"pY":0,"skX":0,"skY":0},"duration":1},{"z":18,"displayIndex":3,"transform":{"scX":-0.92,"x":-23.95,"scY":0.98,"y":-16,"pX":0,"pY":0,"skX":0,"skY":0},"duration":1},{"transform":{"scX":-1,"x":-30.45,"scY":1,"y":-50,"pX":0,"pY":0,"skX":0,"skY":0},"z":18,"duration":1},{"transform":{"scX":-1,"x":-30.45,"scY":1,"y":-49,"pX":0,"pY":0,"skX":0,"skY":0},"z":18,"duration":1},{"z":18,"displayIndex":1,"transform":{"scX":-1,"x":-38.1,"scY":0.87,"y":-28.65,"pX":0,"pY":0,"skX":0,"skY":0},"duration":1},{"z":18,"displayIndex":1,"transform":{"scX":-1,"x":-37.6,"scY":0.87,"y":-28.15,"pX":0,"pY":0,"skX":0,"skY":0},"duration":1},{"z":18,"displayIndex":1,"transform":{"scX":-1,"x":-5.05,"scY":0.91,"y":-37.15,"pX":33.55,"pY":6.95,"skX":-42.98,"skY":-42.98},"duration":1},{"z":18,"displayIndex":2,"transform":{"scX":-0.86,"x":-10.45,"scY":1,"y":-3.5,"pX":0,"pY":0,"skX":0,"skY":0},"duration":1},{"z":18,"displayIndex":2,"transform":{"scX":-0.86,"x":-10.45,"scY":1,"y":-3.5,"pX":0,"pY":0,"skX":0,"skY":0},"duration":1},{"z":18,"displayIndex":3,"transform":{"scX":-0.92,"x":-21.95,"scY":0.98,"y":-12,"pX":-0.05,"pY":-0.05,"skX":0,"skY":0},"duration":1},{"z":18,"displayIndex":3,"transform":{"scX":-0.92,"x":-21.45,"scY":0.98,"y":-11,"pX":-0.05,"pY":0,"skX":0,"skY":0},"duration":1},{"z":18,"displayIndex":3,"transform":{"scX":-0.92,"x":-20.95,"scY":0.98,"y":-10.5,"pX":-0.05,"pY":0,"skX":0,"skY":0},"duration":1},{"transform":{"scX":-1,"x":-30.45,"scY":1,"y":-44.5,"pX":0,"pY":0,"skX":0,"skY":0},"z":18,"duration":1}],"offset":0}],"scale":1,"loop":0,"autoTween":0,"name":"standB","duration":64,"tweenEasing":null}]}],"name":"game.living.Living428","frameRate":24,"version":2.3}