{"armature":[{"skin":[{"name":"default","slot":[{"name":"身身nnd004","z":0,"display":[{"transform":{"scX":1,"x":-11.95,"scY":1,"y":3,"pX":0,"pY":8,"skX":0,"skY":0},"name":"Living396/tt身身nnd004","type":"image"}],"parent":"身身nnd004"},{"name":"身身nnd003","z":1,"display":[{"transform":{"scX":1,"x":-9.5,"scY":1,"y":1.25,"pX":0,"pY":5.5,"skX":0,"skY":0},"name":"Living396/tt身身nnd003","type":"image"}],"parent":"身身nnd003"},{"name":"身身nnd002","z":2,"display":[{"transform":{"scX":1,"x":-20.7,"scY":1,"y":-6.75,"pX":0.75,"pY":4,"skX":0,"skY":0},"name":"Living396/tt身身nnd002","type":"image"}],"parent":"身身nnd002"},{"name":"身身nnd001","z":3,"display":[{"transform":{"scX":1,"x":-36.5,"scY":1,"y":11,"pX":-24.5,"pY":14,"skX":0,"skY":0},"name":"Living396/tt身身nnd001","type":"image"}],"parent":"身身nnd001"},{"name":"大头bbe63","z":4,"display":[{"transform":{"scX":1,"x":-26,"scY":1,"y":-18.25,"pX":-0.05,"pY":20.95,"skX":0,"skY":0},"name":"Living396/tt大头bbe63","type":"image"}],"parent":"大头bbe63"},{"name":"结pp01","z":5,"display":[{"transform":{"scX":1,"x":-7.7,"scY":1,"y":-1.45,"pX":0,"pY":6,"skX":0,"skY":0},"name":"Living396/tt结pp01","type":"image"}],"parent":"结pp01"},{"name":"蛇蛇头巾220","z":6,"display":[{"transform":{"scX":1,"x":-21.25,"scY":1,"y":-6,"pX":0,"pY":9,"skX":0,"skY":0},"name":"Living396/tt蛇蛇头巾220","type":"image"}],"parent":"蛇蛇头巾220"},{"name":"蛇眼镜dd01","z":7,"display":[{"transform":{"scX":1,"x":-23.25,"scY":1,"y":-6.25,"pX":0,"pY":7.5,"skX":0,"skY":0},"name":"Living396/tt蛇眼镜dd01","type":"image"}],"parent":"蛇眼镜dd01"},{"name":"图层 18","z":8,"display":[{"transform":{"scX":1,"x":-12.5,"scY":1,"y":-3.5,"pX":0,"pY":0,"skX":0,"skY":0},"name":"Living396/eyewbs002","type":"image"},{"transform":{"scX":1,"x":-12.5,"scY":1,"y":-4.5,"pX":0,"pY":0,"skX":0,"skY":0},"name":"Living396/eyewbs001","type":"image"}],"parent":"图层 18"},{"name":"蛇身ff003","z":9,"display":[{"transform":{"scX":1,"x":-46.25,"scY":1,"y":-19.5,"pX":-42.5,"pY":-14.25,"skX":0,"skY":0},"name":"Living396/tt蛇身ff003","type":"image"}],"parent":"蛇身ff003"},{"name":"蛇身ff001","z":10,"display":[{"transform":{"scX":1,"x":-30.7,"scY":1,"y":0.45,"pX":-19,"pY":3.75,"skX":0,"skY":0},"name":"Living396/tt蛇身ff001","type":"image"}],"parent":"蛇身ff001"},{"name":"蛇头bgf01","z":11,"display":[{"transform":{"scX":1,"x":-31.2,"scY":1,"y":-12.75,"pX":-12,"pY":26.25,"skX":0,"skY":0},"name":"Living396/tt蛇头bgf01","type":"image"}],"parent":"蛇头bgf01"},{"name":"蛇身ff002","z":12,"display":[{"transform":{"scX":1,"x":-27.75,"scY":1,"y":-18,"pX":-25.75,"pY":-11,"skX":0,"skY":0},"name":"Living396/tt蛇身ff002","type":"image"}],"parent":"蛇身ff002"},{"name":"头巾t001","z":13,"display":[{"transform":{"scX":1,"x":-15,"scY":1,"y":-9.2,"pX":0,"pY":11,"skX":0,"skY":0},"name":"Living396/tt头巾t001","type":"image"}],"parent":"头巾t001"},{"name":"结巴001","z":14,"display":[{"transform":{"scX":1,"x":-0.5,"scY":1,"y":-0.25,"pX":0,"pY":6.5,"skX":0,"skY":0},"name":"Living396/tt结巴001","type":"image"}],"parent":"结巴001"}]}],"name":"game.living.Living396","bone":[{"transform":{"scX":-0.99,"x":16.95,"skX":0,"scY":0.99,"y":-10.8,"skY":0},"name":"身身nnd004"},{"transform":{"scX":-0.99,"x":26.85,"skX":0,"scY":0.99,"y":-6.1,"skY":0},"name":"身身nnd003"},{"transform":{"scX":-0.99,"x":-0.6,"skX":0,"scY":0.99,"y":-6.1,"skY":0},"name":"身身nnd002"},{"transform":{"scX":-0.99,"x":-4.3,"skX":0,"scY":0.99,"y":-23.65,"skY":0},"name":"身身nnd001"},{"transform":{"scX":-0.99,"x":-4.8,"skX":0,"scY":0.99,"y":-20.4,"skY":0},"name":"大头bbe63"},{"transform":{"scX":-0.99,"x":15.2,"skX":-10.24,"scY":0.99,"y":-52.8,"skY":-10.24},"name":"结pp01"},{"transform":{"scX":-0.99,"x":-5.05,"skX":0,"scY":0.99,"y":-51.3,"skY":0},"name":"蛇蛇头巾220"},{"transform":{"scX":-0.99,"x":-6.05,"skX":0,"scY":0.99,"y":-50.6,"skY":0},"name":"蛇眼镜dd01"},{"transform":{"scX":-0.96,"x":-6.25,"skX":0,"scY":1,"y":-45.3,"skY":0},"name":"图层 18"},{"transform":{"scX":0.99,"x":13.3,"skX":-7.7,"scY":0.99,"y":-9.05,"skY":-7.7},"name":"蛇身ff003"},{"transform":{"scX":0.99,"x":-2.75,"skX":0,"scY":0.99,"y":-24.35,"skY":0},"name":"蛇身ff001"},{"transform":{"scX":0.99,"x":-2.25,"skX":0,"scY":0.99,"y":-23.15,"skY":0},"name":"蛇头bgf01"},{"transform":{"scX":0.99,"x":-5.7,"skX":0,"scY":0.99,"y":-7.05,"skY":0},"name":"蛇身ff002"},{"transform":{"scX":0.99,"x":-7.45,"skX":0,"scY":0.99,"y":-46.4,"skY":0},"name":"头巾t001"},{"transform":{"scX":0.99,"x":11.85,"skX":-4.97,"scY":0.99,"y":-53.8,"skY":-4.97},"name":"结巴001"}],"animation":[{"fadeInTime":0,"timeline":[{"name":"身身nnd004","scale":1,"frame":[{"z":0,"transform":{"scX":-0.99,"x":16.95,"scY":0.99,"y":-10.8,"pX":0,"pY":0,"skX":0,"skY":0},"duration":8,"tweenEasing":0},{"z":0,"transform":{"scX":-1.22,"x":16.05,"scY":0.83,"y":-2.9,"pX":0.05,"pY":-0.2,"skX":-25,"skY":-16.26},"duration":8,"tweenEasing":0},{"z":0,"transform":{"scX":-0.99,"x":16.95,"scY":0.99,"y":-10.8,"pX":0,"pY":0,"skX":0,"skY":0},"duration":8,"tweenEasing":0},{"z":0,"transform":{"scX":-1.22,"x":16.05,"scY":0.83,"y":-2.9,"pX":0.05,"pY":-0.2,"skX":-25,"skY":-16.26},"duration":8,"tweenEasing":0},{"z":0,"transform":{"scX":-0.99,"x":16.95,"scY":0.99,"y":-10.8,"pX":0,"pY":0,"skX":0,"skY":0},"duration":8,"tweenEasing":0},{"z":0,"transform":{"scX":-1.22,"x":16.05,"scY":0.83,"y":-2.9,"pX":0.05,"pY":-0.2,"skX":-25,"skY":-16.26},"duration":8,"tweenEasing":0},{"z":0,"transform":{"scX":-0.99,"x":16.95,"scY":0.99,"y":-10.8,"pX":0,"pY":0,"skX":0,"skY":0},"duration":8,"tweenEasing":0},{"z":0,"transform":{"scX":-1.22,"x":16.05,"scY":0.83,"y":-2.9,"pX":0.05,"pY":-0.2,"skX":-25,"skY":-16.26},"duration":8,"tweenEasing":0},{"transform":{"scX":-0.99,"x":16.95,"scY":0.99,"y":-10.8,"pX":0,"pY":0,"skX":0,"skY":0},"z":0,"duration":1}],"offset":0},{"name":"身身nnd003","scale":1,"frame":[{"z":1,"transform":{"scX":-0.99,"x":26.85,"scY":0.99,"y":-6.1,"pX":0,"pY":0,"skX":0,"skY":0},"duration":8,"tweenEasing":0},{"z":1,"transform":{"scX":-1.25,"x":29.2,"scY":0.97,"y":-2.05,"pX":0,"pY":0.05,"skX":5.01,"skY":3.14},"duration":8,"tweenEasing":0},{"z":1,"transform":{"scX":-0.99,"x":26.85,"scY":0.99,"y":-6.1,"pX":0,"pY":0,"skX":0,"skY":0},"duration":8,"tweenEasing":0},{"z":1,"transform":{"scX":-1.25,"x":29.2,"scY":0.97,"y":-2.05,"pX":0,"pY":0.05,"skX":5.01,"skY":3.14},"duration":8,"tweenEasing":0},{"z":1,"transform":{"scX":-0.99,"x":26.85,"scY":0.99,"y":-6.1,"pX":0,"pY":0,"skX":0,"skY":0},"duration":8,"tweenEasing":0},{"z":1,"transform":{"scX":-1.25,"x":29.2,"scY":0.97,"y":-2.05,"pX":0,"pY":0.05,"skX":5.01,"skY":3.14},"duration":8,"tweenEasing":0},{"z":1,"transform":{"scX":-0.99,"x":26.85,"scY":0.99,"y":-6.1,"pX":0,"pY":0,"skX":0,"skY":0},"duration":8,"tweenEasing":0},{"z":1,"transform":{"scX":-1.25,"x":29.2,"scY":0.97,"y":-2.05,"pX":0,"pY":0.05,"skX":5.01,"skY":3.14},"duration":8,"tweenEasing":0},{"transform":{"scX":-0.99,"x":26.85,"scY":0.99,"y":-6.1,"pX":0,"pY":0,"skX":0,"skY":0},"z":1,"duration":1}],"offset":0},{"name":"身身nnd002","scale":1,"frame":[{"z":2,"transform":{"scX":-0.99,"x":-0.6,"scY":0.99,"y":-6.1,"pX":0,"pY":0,"skX":0,"skY":0},"duration":8,"tweenEasing":0},{"z":2,"transform":{"scX":-1.14,"x":-4.25,"scY":0.84,"y":-7.05,"pX":-0.1,"pY":0.05,"skX":18.91,"skY":20.78},"duration":8,"tweenEasing":0},{"z":2,"transform":{"scX":-0.99,"x":-0.6,"scY":0.99,"y":-6.1,"pX":0,"pY":0,"skX":0,"skY":0},"duration":8,"tweenEasing":0},{"z":2,"transform":{"scX":-1.14,"x":-4.25,"scY":0.84,"y":-7.05,"pX":-0.1,"pY":0.05,"skX":18.91,"skY":20.78},"duration":8,"tweenEasing":0},{"z":2,"transform":{"scX":-0.99,"x":-0.6,"scY":0.99,"y":-6.1,"pX":0,"pY":0,"skX":0,"skY":0},"duration":8,"tweenEasing":0},{"z":2,"transform":{"scX":-1.14,"x":-4.25,"scY":0.84,"y":-7.05,"pX":-0.1,"pY":0.05,"skX":18.91,"skY":20.78},"duration":8,"tweenEasing":0},{"z":2,"transform":{"scX":-0.99,"x":-0.6,"scY":0.99,"y":-6.1,"pX":0,"pY":0,"skX":0,"skY":0},"duration":8,"tweenEasing":0},{"z":2,"transform":{"scX":-1.14,"x":-4.25,"scY":0.84,"y":-7.05,"pX":-0.1,"pY":0.05,"skX":18.91,"skY":20.78},"duration":8,"tweenEasing":0},{"transform":{"scX":-0.99,"x":-0.6,"scY":0.99,"y":-6.1,"pX":0,"pY":0,"skX":0,"skY":0},"z":2,"duration":1}],"offset":0},{"name":"身身nnd001","scale":1,"frame":[{"z":3,"transform":{"scX":-0.99,"x":-4.3,"scY":0.99,"y":-23.65,"pX":0,"pY":0,"skX":0,"skY":0},"duration":8,"tweenEasing":0},{"z":3,"transform":{"scX":-0.99,"x":-7.95,"scY":0.99,"y":-23.2,"pX":-0.05,"pY":-0.05,"skX":-9.93,"skY":-9.93},"duration":8,"tweenEasing":0},{"z":3,"transform":{"scX":-0.99,"x":-4.3,"scY":0.99,"y":-23.65,"pX":0,"pY":0,"skX":0,"skY":0},"duration":8,"tweenEasing":0},{"z":3,"transform":{"scX":-0.99,"x":-7.95,"scY":0.99,"y":-23.2,"pX":-0.05,"pY":-0.05,"skX":-9.93,"skY":-9.93},"duration":8,"tweenEasing":0},{"z":3,"transform":{"scX":-0.99,"x":-4.3,"scY":0.99,"y":-23.65,"pX":0,"pY":0,"skX":0,"skY":0},"duration":8,"tweenEasing":0},{"z":3,"transform":{"scX":-0.99,"x":-7.95,"scY":0.99,"y":-23.2,"pX":-0.05,"pY":-0.05,"skX":-9.93,"skY":-9.93},"duration":8,"tweenEasing":0},{"z":3,"transform":{"scX":-0.99,"x":-4.3,"scY":0.99,"y":-23.65,"pX":0,"pY":0,"skX":0,"skY":0},"duration":8,"tweenEasing":0},{"z":3,"transform":{"scX":-0.99,"x":-7.95,"scY":0.99,"y":-23.2,"pX":-0.05,"pY":-0.05,"skX":-9.93,"skY":-9.93},"duration":8,"tweenEasing":0},{"transform":{"scX":-0.99,"x":-4.3,"scY":0.99,"y":-23.65,"pX":0,"pY":0,"skX":0,"skY":0},"z":3,"duration":1}],"offset":0},{"name":"大头bbe63","scale":1,"frame":[{"z":4,"transform":{"scX":-0.99,"x":-4.8,"scY":0.99,"y":-20.4,"pX":0,"pY":0,"skX":0,"skY":0},"duration":8,"tweenEasing":0},{"z":4,"transform":{"scX":-0.97,"x":-8.7,"scY":0.99,"y":-19.9,"pX":0.05,"pY":-0.1,"skX":-6.92,"skY":-7},"duration":8,"tweenEasing":0},{"z":4,"transform":{"scX":-0.99,"x":-4.8,"scY":0.99,"y":-20.4,"pX":0,"pY":0,"skX":0,"skY":0},"duration":8,"tweenEasing":0},{"z":4,"transform":{"scX":-0.97,"x":-8.7,"scY":0.99,"y":-19.9,"pX":0.05,"pY":-0.1,"skX":-6.92,"skY":-7},"duration":8,"tweenEasing":0},{"z":4,"transform":{"scX":-0.99,"x":-4.8,"scY":0.99,"y":-20.4,"pX":0,"pY":0,"skX":0,"skY":0},"duration":8,"tweenEasing":0},{"z":4,"transform":{"scX":-0.97,"x":-8.7,"scY":0.99,"y":-19.9,"pX":0.05,"pY":-0.1,"skX":-6.92,"skY":-7},"duration":8,"tweenEasing":0},{"z":4,"transform":{"scX":-0.99,"x":-4.8,"scY":0.99,"y":-20.4,"pX":0,"pY":0,"skX":0,"skY":0},"duration":8,"tweenEasing":0},{"z":4,"transform":{"scX":-0.97,"x":-8.7,"scY":0.99,"y":-19.9,"pX":0.05,"pY":-0.1,"skX":-6.92,"skY":-7},"duration":8,"tweenEasing":0},{"transform":{"scX":-0.99,"x":-4.8,"scY":0.99,"y":-20.4,"pX":0,"pY":0,"skX":0,"skY":0},"z":4,"duration":1}],"offset":0},{"name":"结pp01","scale":1,"frame":[{"z":5,"transform":{"scX":-0.99,"x":15.2,"scY":0.99,"y":-52.8,"pX":0,"pY":0,"skX":-10.24,"skY":-10.24},"duration":8,"tweenEasing":0},{"z":5,"transform":{"scX":-1.28,"x":6.65,"scY":0.91,"y":-54.6,"pX":-0.05,"pY":0.15,"skX":9.78,"skY":9.7},"duration":8,"tweenEasing":0},{"z":5,"transform":{"scX":-0.99,"x":15.2,"scY":0.99,"y":-52.8,"pX":0,"pY":0,"skX":-10.24,"skY":-10.24},"duration":8,"tweenEasing":0},{"z":5,"transform":{"scX":-1.28,"x":6.65,"scY":0.91,"y":-54.6,"pX":-0.05,"pY":0.15,"skX":9.78,"skY":9.7},"duration":8,"tweenEasing":0},{"z":5,"transform":{"scX":-0.99,"x":15.2,"scY":0.99,"y":-52.8,"pX":0,"pY":0,"skX":-10.24,"skY":-10.24},"duration":8,"tweenEasing":0},{"z":5,"transform":{"scX":-1.28,"x":6.65,"scY":0.91,"y":-54.6,"pX":-0.05,"pY":0.15,"skX":9.78,"skY":9.7},"duration":8,"tweenEasing":0},{"z":5,"transform":{"scX":-0.99,"x":15.2,"scY":0.99,"y":-52.8,"pX":0,"pY":0,"skX":-10.24,"skY":-10.24},"duration":8,"tweenEasing":0},{"z":5,"transform":{"scX":-1.28,"x":6.65,"scY":0.91,"y":-54.6,"pX":-0.05,"pY":0.15,"skX":9.78,"skY":9.7},"duration":8,"tweenEasing":0},{"transform":{"scX":-0.99,"x":15.2,"scY":0.99,"y":-52.8,"pX":0,"pY":0,"skX":-10.24,"skY":-10.24},"z":5,"duration":1}],"offset":0},{"name":"蛇蛇头巾220","scale":1,"frame":[{"z":6,"transform":{"scX":-0.99,"x":-5.05,"scY":0.99,"y":-51.3,"pX":0,"pY":0,"skX":0,"skY":0},"duration":8,"tweenEasing":0},{"z":6,"transform":{"scX":-0.97,"x":-12.7,"scY":0.99,"y":-50.65,"pX":-0.05,"pY":0.05,"skX":-6.92,"skY":-7},"duration":8,"tweenEasing":0},{"z":6,"transform":{"scX":-0.99,"x":-5.05,"scY":0.99,"y":-51.3,"pX":0,"pY":0,"skX":0,"skY":0},"duration":8,"tweenEasing":0},{"z":6,"transform":{"scX":-0.97,"x":-12.7,"scY":0.99,"y":-50.65,"pX":-0.05,"pY":0.05,"skX":-6.92,"skY":-7},"duration":8,"tweenEasing":0},{"z":6,"transform":{"scX":-0.99,"x":-5.05,"scY":0.99,"y":-51.3,"pX":0,"pY":0,"skX":0,"skY":0},"duration":8,"tweenEasing":0},{"z":6,"transform":{"scX":-0.97,"x":-12.7,"scY":0.99,"y":-50.65,"pX":-0.05,"pY":0.05,"skX":-6.92,"skY":-7},"duration":8,"tweenEasing":0},{"z":6,"transform":{"scX":-0.99,"x":-5.05,"scY":0.99,"y":-51.3,"pX":0,"pY":0,"skX":0,"skY":0},"duration":8,"tweenEasing":0},{"z":6,"transform":{"scX":-0.97,"x":-12.7,"scY":0.99,"y":-50.65,"pX":-0.05,"pY":0.05,"skX":-6.92,"skY":-7},"duration":8,"tweenEasing":0},{"transform":{"scX":-0.99,"x":-5.05,"scY":0.99,"y":-51.3,"pX":0,"pY":0,"skX":0,"skY":0},"z":6,"duration":1}],"offset":0},{"name":"蛇眼镜dd01","scale":1,"frame":[{"z":7,"transform":{"scX":-0.99,"x":-6.05,"scY":0.99,"y":-50.6,"pX":0,"pY":0,"skX":0,"skY":0},"duration":8,"tweenEasing":0},{"z":7,"transform":{"scX":-0.97,"x":-13.55,"scY":0.99,"y":-50.3,"pX":0,"pY":0.05,"skX":-6.92,"skY":-7},"duration":8,"tweenEasing":0},{"z":7,"transform":{"scX":-0.99,"x":-6.05,"scY":0.99,"y":-50.6,"pX":0,"pY":0,"skX":0,"skY":0},"duration":8,"tweenEasing":0},{"z":7,"transform":{"scX":-0.97,"x":-13.55,"scY":0.99,"y":-50.3,"pX":0,"pY":0.05,"skX":-6.92,"skY":-7},"duration":8,"tweenEasing":0},{"z":7,"transform":{"scX":-0.99,"x":-6.05,"scY":0.99,"y":-50.6,"pX":0,"pY":0,"skX":0,"skY":0},"duration":8,"tweenEasing":0},{"z":7,"transform":{"scX":-0.97,"x":-13.55,"scY":0.99,"y":-50.3,"pX":0,"pY":0.05,"skX":-6.92,"skY":-7},"duration":8,"tweenEasing":0},{"z":7,"transform":{"scX":-0.99,"x":-6.05,"scY":0.99,"y":-50.6,"pX":0,"pY":0,"skX":0,"skY":0},"duration":8,"tweenEasing":0},{"z":7,"transform":{"scX":-0.97,"x":-13.55,"scY":0.99,"y":-50.3,"pX":0,"pY":0.05,"skX":-6.92,"skY":-7},"duration":8,"tweenEasing":0},{"transform":{"scX":-0.99,"x":-6.05,"scY":0.99,"y":-50.6,"pX":0,"pY":0,"skX":0,"skY":0},"z":7,"duration":1}],"offset":0},{"name":"图层 18","scale":1,"frame":[{"duration":32,"displayIndex":-1},{"transform":{"scX":-0.96,"x":-6.25,"scY":1,"y":-45.3,"pX":0,"pY":0,"skX":0,"skY":0},"z":8,"duration":1},{"z":8,"displayIndex":1,"transform":{"scX":-0.94,"x":-6.85,"scY":1.06,"y":-44.05,"pX":0,"pY":0,"skX":0,"skY":0},"duration":1},{"z":8,"displayIndex":1,"transform":{"scX":-0.94,"x":-7.85,"scY":1.06,"y":-43.8,"pX":0,"pY":0,"skX":0,"skY":0},"duration":1},{"transform":{"scX":-0.96,"x":-9,"scY":1,"y":-44.8,"pX":0,"pY":-0.05,"skX":-2.24,"skY":-2.24},"z":8,"duration":1},{"duration":29,"displayIndex":-1}],"offset":0}],"scale":1,"loop":0,"autoTween":0,"name":"standA","duration":65,"tweenEasing":null},{"fadeInTime":0,"timeline":[{"name":"蛇身ff003","scale":1,"frame":[{"z":9,"transform":{"scX":0.99,"x":13.3,"scY":0.99,"y":-9.05,"pX":0,"pY":0,"skX":-7.7,"skY":-7.7},"duration":8,"tweenEasing":0},{"z":9,"transform":{"scX":1.44,"x":14.1,"scY":0.94,"y":-3.1,"pX":-0.05,"pY":0.15,"skX":-28.46,"skY":-25.97},"duration":8,"tweenEasing":0},{"transform":{"scX":0.99,"x":13.3,"scY":0.99,"y":-9.05,"pX":0,"pY":0,"skX":-7.7,"skY":-7.7},"z":9,"duration":1}],"offset":0},{"name":"蛇身ff001","scale":1,"frame":[{"z":10,"transform":{"scX":0.99,"x":-2.75,"scY":0.99,"y":-24.35,"pX":0,"pY":0,"skX":0,"skY":0},"duration":8,"tweenEasing":0},{"z":10,"transform":{"scX":0.99,"x":-8.3,"scY":0.99,"y":-23.45,"pX":0,"pY":0,"skX":-15.39,"skY":-15.39},"duration":8,"tweenEasing":0},{"transform":{"scX":0.99,"x":-2.75,"scY":0.99,"y":-24.35,"pX":0,"pY":0,"skX":0,"skY":0},"z":10,"duration":1}],"offset":0},{"name":"蛇头bgf01","scale":1,"frame":[{"z":11,"transform":{"scX":0.99,"x":-2.25,"scY":0.99,"y":-23.15,"pX":0,"pY":0,"skX":0,"skY":0},"duration":8,"tweenEasing":0},{"z":11,"transform":{"scX":0.94,"x":-8,"scY":0.99,"y":-22.5,"pX":0.05,"pY":0.1,"skX":-8.34,"skY":-9.53},"duration":8,"tweenEasing":0},{"transform":{"scX":0.99,"x":-2.25,"scY":0.99,"y":-23.15,"pX":0,"pY":0,"skX":0,"skY":0},"z":11,"duration":1}],"offset":0},{"name":"蛇身ff002","scale":1,"frame":[{"z":12,"transform":{"scX":0.99,"x":-5.7,"scY":0.99,"y":-7.05,"pX":0,"pY":0,"skX":0,"skY":0},"duration":8,"tweenEasing":0},{"z":12,"transform":{"scX":1.16,"x":-7.1,"scY":0.92,"y":-6,"pX":0.1,"pY":0.1,"skX":11.79,"skY":11.7},"duration":8,"tweenEasing":0},{"transform":{"scX":0.99,"x":-5.7,"scY":0.99,"y":-7.05,"pX":0,"pY":0,"skX":0,"skY":0},"z":12,"duration":1}],"offset":0},{"name":"头巾t001","scale":1,"frame":[{"z":13,"transform":{"scX":0.99,"x":-7.45,"scY":0.99,"y":-46.4,"pX":0,"pY":0,"skX":0,"skY":0},"duration":8,"tweenEasing":0},{"z":13,"transform":{"scX":0.94,"x":-16.2,"scY":0.99,"y":-44.55,"pX":-0.05,"pY":-0.1,"skX":-8.34,"skY":-9.53},"duration":8,"tweenEasing":0},{"transform":{"scX":0.99,"x":-7.45,"scY":0.99,"y":-46.4,"pX":0,"pY":0,"skX":0,"skY":0},"z":13,"duration":1}],"offset":0},{"name":"结巴001","scale":1,"frame":[{"z":14,"transform":{"scX":0.99,"x":11.85,"scY":0.99,"y":-53.8,"pX":0,"pY":0,"skX":-4.97,"skY":-4.97},"duration":8,"tweenEasing":0},{"z":14,"transform":{"scX":1.28,"x":0.7,"scY":0.92,"y":-54.95,"pX":0.15,"pY":0,"skX":9.37,"skY":8.18},"duration":8,"tweenEasing":0},{"transform":{"scX":0.99,"x":11.85,"scY":0.99,"y":-53.8,"pX":0,"pY":0,"skX":-4.97,"skY":-4.97},"z":14,"duration":1}],"offset":0}],"scale":1,"loop":0,"autoTween":0,"name":"standB","duration":17,"tweenEasing":null}]}],"name":"game.living.Living396","frameRate":24,"version":2.3}