{"armature":[{"skin":[{"name":"default","slot":[{"name":"鸭子tie结","z":0,"display":[{"transform":{"scX":1,"x":4.45,"scY":1,"y":-0.8,"pX":8.5,"pY":10,"skX":0,"skY":0},"name":"Living392/gg鸭子tie结","type":"image"}],"parent":"鸭子tie结"},{"name":"鸭子d右脚","z":1,"display":[{"transform":{"scX":1,"x":0,"scY":1,"y":6.7,"pX":12,"pY":10,"skX":0,"skY":0},"name":"Living392/gg鸭子d右脚","type":"image"}],"parent":"鸭子d右脚"},{"name":"鸭子d左脚","z":2,"display":[{"transform":{"scX":1,"x":0,"scY":1,"y":6.95,"pX":10.5,"pY":9.5,"skX":0,"skY":0},"name":"Living392/gg鸭子d左脚","type":"image"}],"parent":"鸭子d左脚"},{"name":"鸭子d尾","z":3,"display":[{"transform":{"scX":1,"x":5.5,"scY":1,"y":-3.5,"pX":8.5,"pY":8.5,"skX":0,"skY":0},"name":"Living392/gg鸭子d尾","type":"image"}],"parent":"鸭子d尾"},{"name":"鸭子d左翅","z":4,"display":[{"transform":{"scX":1,"x":-8.55,"scY":1,"y":8.25,"pX":13.5,"pY":13.5,"skX":0,"skY":0},"name":"Living392/gg鸭子d左翅","type":"image"}],"parent":"鸭子d左翅"},{"name":"亚身体01","z":5,"display":[{"transform":{"scX":1,"x":6.9,"scY":1,"y":-13.25,"pX":30,"pY":29,"skX":0,"skY":0},"name":"Living392/gg亚身体01","type":"image"}],"parent":"亚身体01"},{"name":"鸭子正头01","z":6,"display":[{"transform":{"scX":1,"x":4.65,"scY":1,"y":-26.8,"pX":30.05,"pY":28.75,"skX":0,"skY":0},"name":"Living392/gg鸭子正头01","type":"image"}],"parent":"鸭子正头01"},{"name":"鸭帽子","z":7,"display":[{"transform":{"scX":1,"x":8.4,"scY":1,"y":-5.4,"pX":35,"pY":24,"skX":0,"skY":0},"name":"Living392/gg鸭帽子","type":"image"}],"parent":"鸭帽子"},{"name":"鸭子头发01","z":8,"display":[{"transform":{"scX":1,"x":-0.2,"scY":1,"y":-11,"pX":10.5,"pY":13,"skX":0,"skY":0},"name":"Living392/gg鸭子头发01","type":"image"}],"parent":"鸭子头发01"},{"name":"鸭子手bbd01","z":9,"display":[{"transform":{"scX":1,"x":9.2,"scY":1,"y":7.55,"pX":14.5,"pY":12,"skX":0,"skY":0},"name":"Living392/gg鸭子手bbd01","type":"image"}],"parent":"鸭子手bbd01"},{"name":"图层 3","z":10,"display":[{"transform":{"scX":1,"x":-22.9,"scY":1,"y":-4.5,"pX":0,"pY":0,"skX":0,"skY":0},"name":"Living392/eyesbg002","type":"image"},{"transform":{"scX":1,"x":-22.95,"scY":1,"y":-7.55,"pX":0,"pY":0,"skX":0,"skY":0},"name":"Living392/eyeeb001","type":"image"}],"parent":"图层 3"},{"name":"鸭子后6d1右脚","z":11,"display":[{"transform":{"scX":1,"x":4.5,"scY":1,"y":8.8,"pX":9.5,"pY":13.5,"skX":0,"skY":0},"name":"Living392/tt鸭子后6d1右脚","type":"image"}],"parent":"鸭子后6d1右脚"},{"name":"鸭子后左脚k01","z":12,"display":[{"transform":{"scX":1,"x":3.4,"scY":1,"y":9.6,"pX":8,"pY":13.5,"skX":0,"skY":0},"name":"Living392/tt鸭子后左脚k01","type":"image"}],"parent":"鸭子后左脚k01"},{"name":"鸭子后左翅h01","z":13,"display":[{"transform":{"scX":1,"x":-7.95,"scY":1,"y":9.15,"pX":14,"pY":13,"skX":0,"skY":0},"name":"Living392/tt子后左翅h01","type":"image"}],"parent":"鸭子后左翅h01"},{"name":"鸭子后身363","z":14,"display":[{"transform":{"scX":1,"x":3.9,"scY":1,"y":-12.7,"pX":30.5,"pY":29,"skX":0,"skY":0},"name":"Living392/tt鸭子后身363","type":"image"}],"parent":"鸭子后身363"},{"name":"鸭子后头d032","z":15,"display":[{"transform":{"scX":1,"x":-3.15,"scY":1,"y":-27.05,"pX":31,"pY":29,"skX":0,"skY":0},"name":"Living392/tt鸭子后头d032","type":"image"}],"parent":"鸭子后头d032"},{"name":"鸭子后头毛p02","z":16,"display":[{"transform":{"scX":1,"x":-0.55,"scY":1,"y":-10.95,"pX":10.5,"pY":13,"skX":0,"skY":0},"name":"Living392/tt鸭子后头毛p02","type":"image"}],"parent":"鸭子后头毛p02"},{"name":"鸭子后帽儿03","z":17,"display":[{"transform":{"scX":1,"x":-7.15,"scY":1,"y":-16.3,"pX":35,"pY":28,"skX":0,"skY":0},"name":"Living392/tt鸭子后帽儿03","type":"image"}],"parent":"鸭子后帽儿03"},{"name":"鸭子后尾e01","z":18,"display":[{"transform":{"scX":1,"x":-3,"scY":1,"y":-7,"pX":7,"pY":8.5,"skX":0,"skY":0},"name":"Living392/tt鸭子后尾e01","type":"image"}],"parent":"鸭子后尾e01"},{"name":"鸭子后右翅d20","z":19,"display":[{"transform":{"scX":1,"x":9.1,"scY":1,"y":8.05,"pX":14.5,"pY":12,"skX":0,"skY":0},"name":"Living392/tt鸭子后右翅d20","type":"image"}],"parent":"鸭子后右翅d20"},{"name":"鸭子后围巾","z":20,"display":[{"transform":{"scX":1,"x":-2.15,"scY":1,"y":-5.95,"pX":28,"pY":10.5,"skX":0,"skY":0},"name":"Living392/tt鸭子后围巾","type":"image"}],"parent":"鸭子后围巾"}]}],"name":"game.living.Living392","bone":[{"transform":{"scX":0.69,"x":15.4,"skX":0,"scY":0.69,"y":-35.2,"skY":0},"name":"鸭子tie结"},{"transform":{"scX":0.69,"x":8.5,"skX":0,"scY":0.69,"y":-8.7,"skY":0},"name":"鸭子d右脚"},{"transform":{"scX":0.69,"x":-9.1,"skX":0,"scY":0.69,"y":-9.85,"skY":0},"name":"鸭子d左脚"},{"transform":{"scX":0.69,"x":14.65,"skX":0,"scY":0.69,"y":-21.25,"skY":0},"name":"鸭子d尾"},{"transform":{"scX":0.69,"x":-9.4,"skX":0,"scY":0.69,"y":-32.1,"skY":0},"name":"鸭子d左翅"},{"transform":{"scX":0.69,"x":-0.7,"skX":0,"scY":0.69,"y":-9.55,"skY":0},"name":"亚身体01"},{"transform":{"scX":0.69,"x":-2,"skX":2.22,"scY":0.69,"y":-31.75,"skY":2.22},"name":"鸭子正头01"},{"transform":{"scX":0.69,"x":0.25,"skX":2.22,"scY":0.69,"y":-56,"skY":2.22},"name":"鸭帽子"},{"transform":{"scX":0.69,"x":-8.5,"skX":2.22,"scY":0.69,"y":-61.5,"skY":2.22},"name":"鸭子头发01"},{"transform":{"scX":0.69,"x":16.9,"skX":9.95,"scY":0.69,"y":-30.6,"skY":9.95},"name":"鸭子手bbd01"},{"transform":{"scX":0.68,"x":-2.2,"skX":3.23,"scY":0.68,"y":-63.45,"skY":3.23},"name":"图层 3"},{"transform":{"scX":-0.69,"x":-4.95,"skX":0,"scY":0.69,"y":-10.8,"skY":0},"name":"鸭子后6d1右脚"},{"transform":{"scX":-0.69,"x":10.2,"skX":0,"scY":0.69,"y":-12.1,"skY":0},"name":"鸭子后左脚k01"},{"transform":{"scX":-0.69,"x":12.1,"skX":0,"scY":0.69,"y":-32.3,"skY":0},"name":"鸭子后左翅h01"},{"transform":{"scX":-0.69,"x":0.9,"skX":0,"scY":0.69,"y":-9.95,"skY":0},"name":"鸭子后身363"},{"transform":{"scX":-0.69,"x":-1.15,"skX":0.58,"scY":0.69,"y":-31.45,"skY":0.58},"name":"鸭子后头d032"},{"transform":{"scX":-0.69,"x":-10.95,"skX":-6.12,"scY":0.69,"y":-61.15,"skY":-6.12},"name":"鸭子后头毛p02"},{"transform":{"scX":-0.69,"x":-0.95,"skX":0.58,"scY":0.69,"y":-45.75,"skY":0.58},"name":"鸭子后帽儿03"},{"transform":{"scX":-0.69,"x":5.9,"skX":0,"scY":0.69,"y":-12.55,"skY":0},"name":"鸭子后尾e01"},{"transform":{"scX":-0.69,"x":-11.65,"skX":0,"scY":0.69,"y":-30.8,"skY":0},"name":"鸭子后右翅d20"},{"transform":{"scX":-0.69,"x":2.3,"skX":0,"scY":0.69,"y":-29.25,"skY":0},"name":"鸭子后围巾"}],"animation":[{"fadeInTime":0,"timeline":[{"name":"鸭子tie结","scale":1,"frame":[{"z":0,"transform":{"scX":0.69,"x":15.4,"scY":0.69,"y":-35.2,"pX":0,"pY":0,"skX":0,"skY":0},"duration":3,"tweenEasing":0},{"transform":{"scX":0.79,"x":13.45,"scY":0.69,"y":-34.3,"pX":0.05,"pY":-0.1,"skX":-19.58,"skY":-19.58},"z":0,"duration":2},{"z":0,"transform":{"scX":0.69,"x":15.4,"scY":0.69,"y":-45.55,"pX":0,"pY":0.05,"skX":0,"skY":0},"duration":4,"tweenEasing":0},{"z":0,"transform":{"scX":0.67,"x":15,"scY":0.7,"y":-64.05,"pX":0.05,"pY":0.15,"skX":0,"skY":0},"duration":6,"tweenEasing":0},{"transform":{"scX":0.69,"x":15.45,"scY":0.69,"y":-35.8,"pX":-0.05,"pY":0.15,"skX":0.21,"skY":0.21},"z":0,"duration":1},{"z":0,"transform":{"scX":0.69,"x":14.25,"scY":0.69,"y":-34.5,"pX":0.15,"pY":0.1,"skX":-2.24,"skY":-2.24},"duration":2,"tweenEasing":0},{"z":0,"transform":{"scX":0.69,"x":15.4,"scY":0.69,"y":-35.2,"pX":0,"pY":0,"skX":0,"skY":0},"duration":3,"tweenEasing":0},{"transform":{"scX":0.79,"x":13.45,"scY":0.69,"y":-34.3,"pX":0.05,"pY":-0.1,"skX":-19.58,"skY":-19.58},"z":0,"duration":2},{"z":0,"transform":{"scX":0.69,"x":15.4,"scY":0.69,"y":-45.55,"pX":0,"pY":0.05,"skX":0,"skY":0},"duration":4,"tweenEasing":0},{"z":0,"transform":{"scX":0.67,"x":15,"scY":0.7,"y":-64.05,"pX":0.05,"pY":0.15,"skX":0,"skY":0},"duration":6,"tweenEasing":0},{"transform":{"scX":0.69,"x":15.45,"scY":0.69,"y":-35.8,"pX":-0.05,"pY":0.15,"skX":0.21,"skY":0.21},"z":0,"duration":1},{"z":0,"transform":{"scX":0.69,"x":14.25,"scY":0.69,"y":-34.5,"pX":0.15,"pY":0.1,"skX":-2.24,"skY":-2.24},"duration":2,"tweenEasing":0},{"z":0,"transform":{"scX":0.69,"x":15.4,"scY":0.69,"y":-35.2,"pX":0,"pY":0,"skX":0,"skY":0},"duration":3,"tweenEasing":0},{"transform":{"scX":0.79,"x":13.45,"scY":0.69,"y":-34.3,"pX":0.05,"pY":-0.1,"skX":-19.58,"skY":-19.58},"z":0,"duration":2},{"z":0,"transform":{"scX":0.69,"x":15.4,"scY":0.69,"y":-45.55,"pX":0,"pY":0.05,"skX":0,"skY":0},"duration":4,"tweenEasing":0},{"z":0,"transform":{"scX":0.67,"x":15,"scY":0.7,"y":-64.05,"pX":0.05,"pY":0.15,"skX":0,"skY":0},"duration":6,"tweenEasing":0},{"transform":{"scX":0.69,"x":15.45,"scY":0.69,"y":-35.8,"pX":-0.05,"pY":0.15,"skX":0.21,"skY":0.21},"z":0,"duration":1},{"z":0,"transform":{"scX":0.69,"x":14.25,"scY":0.69,"y":-34.5,"pX":0.15,"pY":0.1,"skX":-2.24,"skY":-2.24},"duration":2,"tweenEasing":0},{"transform":{"scX":0.69,"x":15.4,"scY":0.69,"y":-35.2,"pX":0,"pY":0,"skX":0,"skY":0},"z":0,"duration":1}],"offset":0},{"name":"鸭子d右脚","scale":1,"frame":[{"z":1,"transform":{"scX":0.69,"x":8.5,"scY":0.69,"y":-8.7,"pX":0,"pY":0,"skX":0,"skY":0},"duration":3,"tweenEasing":0},{"transform":{"scX":0.69,"x":8.5,"scY":0.69,"y":-8.7,"pX":0,"pY":0,"skX":0,"skY":0},"z":1,"duration":2},{"z":1,"transform":{"scX":0.67,"x":7.05,"scY":0.77,"y":-17.25,"pX":0.15,"pY":0.05,"skX":-11.8,"skY":0},"duration":4,"tweenEasing":0},{"z":1,"transform":{"scX":0.61,"x":7.9,"scY":0.71,"y":-36.4,"pX":-0.1,"pY":0,"skX":-10.07,"skY":0},"duration":6,"tweenEasing":0},{"transform":{"scX":0.65,"x":8.5,"scY":0.69,"y":-8.7,"pX":-0.1,"pY":0,"skX":-6.81,"skY":0},"z":1,"duration":1},{"z":1,"transform":{"scX":0.69,"x":8.5,"scY":0.69,"y":-8.7,"pX":0,"pY":0,"skX":0,"skY":0},"duration":2,"tweenEasing":0},{"z":1,"transform":{"scX":0.69,"x":8.5,"scY":0.69,"y":-8.7,"pX":0,"pY":0,"skX":0,"skY":0},"duration":3,"tweenEasing":0},{"transform":{"scX":0.69,"x":8.5,"scY":0.69,"y":-8.7,"pX":0,"pY":0,"skX":0,"skY":0},"z":1,"duration":2},{"z":1,"transform":{"scX":0.67,"x":7.05,"scY":0.77,"y":-17.25,"pX":0.15,"pY":0.05,"skX":-11.8,"skY":0},"duration":4,"tweenEasing":0},{"z":1,"transform":{"scX":0.61,"x":7.9,"scY":0.71,"y":-36.4,"pX":-0.1,"pY":0,"skX":-10.07,"skY":0},"duration":6,"tweenEasing":0},{"transform":{"scX":0.65,"x":8.5,"scY":0.69,"y":-8.7,"pX":-0.1,"pY":0,"skX":-6.81,"skY":0},"z":1,"duration":1},{"z":1,"transform":{"scX":0.69,"x":8.5,"scY":0.69,"y":-8.7,"pX":0,"pY":0,"skX":0,"skY":0},"duration":2,"tweenEasing":0},{"z":1,"transform":{"scX":0.69,"x":8.5,"scY":0.69,"y":-8.7,"pX":0,"pY":0,"skX":0,"skY":0},"duration":3,"tweenEasing":0},{"transform":{"scX":0.69,"x":8.5,"scY":0.69,"y":-8.7,"pX":0,"pY":0,"skX":0,"skY":0},"z":1,"duration":2},{"z":1,"transform":{"scX":0.67,"x":7.05,"scY":0.77,"y":-17.25,"pX":0.15,"pY":0.05,"skX":-11.8,"skY":0},"duration":4,"tweenEasing":0},{"z":1,"transform":{"scX":0.61,"x":7.9,"scY":0.71,"y":-36.4,"pX":-0.1,"pY":0,"skX":-10.07,"skY":0},"duration":6,"tweenEasing":0},{"transform":{"scX":0.65,"x":8.5,"scY":0.69,"y":-8.7,"pX":-0.1,"pY":0,"skX":-6.81,"skY":0},"z":1,"duration":1},{"z":1,"transform":{"scX":0.69,"x":8.5,"scY":0.69,"y":-8.7,"pX":0,"pY":0,"skX":0,"skY":0},"duration":2,"tweenEasing":0},{"transform":{"scX":0.69,"x":8.5,"scY":0.69,"y":-8.7,"pX":0,"pY":0,"skX":0,"skY":0},"z":1,"duration":1}],"offset":0},{"name":"鸭子d左脚","scale":1,"frame":[{"z":2,"transform":{"scX":0.69,"x":-9.1,"scY":0.69,"y":-9.85,"pX":0,"pY":0,"skX":0,"skY":0},"duration":3,"tweenEasing":0},{"transform":{"scX":0.69,"x":-9.1,"scY":0.69,"y":-9.85,"pX":0,"pY":0,"skX":0,"skY":0},"z":2,"duration":2},{"z":2,"transform":{"scX":0.63,"x":-8.45,"scY":0.8,"y":-18.85,"pX":0.05,"pY":0,"skX":-7.5,"skY":0},"duration":4,"tweenEasing":0},{"z":2,"transform":{"scX":0.61,"x":-8.1,"scY":0.71,"y":-37.55,"pX":0,"pY":0,"skX":-7.41,"skY":-0.45},"duration":6,"tweenEasing":0},{"transform":{"scX":0.62,"x":-9.1,"scY":0.69,"y":-9.85,"pX":-0.05,"pY":0,"skX":-6.91,"skY":0},"z":2,"duration":1},{"z":2,"transform":{"scX":0.69,"x":-9.1,"scY":0.69,"y":-9.85,"pX":0,"pY":0,"skX":0,"skY":0},"duration":2,"tweenEasing":0},{"z":2,"transform":{"scX":0.69,"x":-9.1,"scY":0.69,"y":-9.85,"pX":0,"pY":0,"skX":0,"skY":0},"duration":3,"tweenEasing":0},{"transform":{"scX":0.69,"x":-9.1,"scY":0.69,"y":-9.85,"pX":0,"pY":0,"skX":0,"skY":0},"z":2,"duration":2},{"z":2,"transform":{"scX":0.63,"x":-8.45,"scY":0.8,"y":-18.85,"pX":0.05,"pY":0,"skX":-7.5,"skY":0},"duration":4,"tweenEasing":0},{"z":2,"transform":{"scX":0.61,"x":-8.1,"scY":0.71,"y":-37.55,"pX":0,"pY":0,"skX":-7.41,"skY":-0.45},"duration":6,"tweenEasing":0},{"transform":{"scX":0.62,"x":-9.1,"scY":0.69,"y":-9.85,"pX":-0.05,"pY":0,"skX":-6.91,"skY":0},"z":2,"duration":1},{"z":2,"transform":{"scX":0.69,"x":-9.1,"scY":0.69,"y":-9.85,"pX":0,"pY":0,"skX":0,"skY":0},"duration":2,"tweenEasing":0},{"z":2,"transform":{"scX":0.69,"x":-9.1,"scY":0.69,"y":-9.85,"pX":0,"pY":0,"skX":0,"skY":0},"duration":3,"tweenEasing":0},{"transform":{"scX":0.69,"x":-9.1,"scY":0.69,"y":-9.85,"pX":0,"pY":0,"skX":0,"skY":0},"z":2,"duration":2},{"z":2,"transform":{"scX":0.63,"x":-8.45,"scY":0.8,"y":-18.85,"pX":0.05,"pY":0,"skX":-7.5,"skY":0},"duration":4,"tweenEasing":0},{"z":2,"transform":{"scX":0.61,"x":-8.1,"scY":0.71,"y":-37.55,"pX":0,"pY":0,"skX":-7.41,"skY":-0.45},"duration":6,"tweenEasing":0},{"transform":{"scX":0.62,"x":-9.1,"scY":0.69,"y":-9.85,"pX":-0.05,"pY":0,"skX":-6.91,"skY":0},"z":2,"duration":1},{"z":2,"transform":{"scX":0.69,"x":-9.1,"scY":0.69,"y":-9.85,"pX":0,"pY":0,"skX":0,"skY":0},"duration":2,"tweenEasing":0},{"transform":{"scX":0.69,"x":-9.1,"scY":0.69,"y":-9.85,"pX":0,"pY":0,"skX":0,"skY":0},"z":2,"duration":1}],"offset":0},{"name":"鸭子d尾","scale":1,"frame":[{"z":3,"transform":{"scX":0.69,"x":14.65,"scY":0.69,"y":-21.25,"pX":0,"pY":0,"skX":0,"skY":0},"duration":3,"tweenEasing":0},{"transform":{"scX":0.69,"x":13.75,"scY":0.69,"y":-21.05,"pX":0.1,"pY":0.05,"skX":-4.24,"skY":-4.24},"z":3,"duration":2},{"z":3,"transform":{"scX":0.69,"x":14.65,"scY":0.69,"y":-31.6,"pX":0,"pY":0,"skX":0,"skY":0},"duration":4,"tweenEasing":0},{"z":3,"transform":{"scX":0.67,"x":14.25,"scY":0.7,"y":-49.8,"pX":0.1,"pY":-0.05,"skX":0,"skY":0},"duration":6,"tweenEasing":0},{"transform":{"scX":0.69,"x":14.65,"scY":0.69,"y":-21.85,"pX":-0.05,"pY":0.15,"skX":0.21,"skY":0.21},"z":3,"duration":1},{"z":3,"transform":{"scX":0.69,"x":14.05,"scY":0.69,"y":-20.55,"pX":0.25,"pY":-0.05,"skX":-2.24,"skY":-2.24},"duration":2,"tweenEasing":0},{"z":3,"transform":{"scX":0.69,"x":14.65,"scY":0.69,"y":-21.25,"pX":0,"pY":0,"skX":0,"skY":0},"duration":3,"tweenEasing":0},{"transform":{"scX":0.69,"x":13.75,"scY":0.69,"y":-21.05,"pX":0.1,"pY":0.05,"skX":-4.24,"skY":-4.24},"z":3,"duration":2},{"z":3,"transform":{"scX":0.69,"x":14.65,"scY":0.69,"y":-31.6,"pX":0,"pY":0,"skX":0,"skY":0},"duration":4,"tweenEasing":0},{"z":3,"transform":{"scX":0.67,"x":14.25,"scY":0.7,"y":-49.8,"pX":0.1,"pY":-0.05,"skX":0,"skY":0},"duration":6,"tweenEasing":0},{"transform":{"scX":0.69,"x":14.65,"scY":0.69,"y":-21.85,"pX":-0.05,"pY":0.15,"skX":0.21,"skY":0.21},"z":3,"duration":1},{"z":3,"transform":{"scX":0.69,"x":14.05,"scY":0.69,"y":-20.55,"pX":0.25,"pY":-0.05,"skX":-2.24,"skY":-2.24},"duration":2,"tweenEasing":0},{"z":3,"transform":{"scX":0.69,"x":14.65,"scY":0.69,"y":-21.25,"pX":0,"pY":0,"skX":0,"skY":0},"duration":3,"tweenEasing":0},{"transform":{"scX":0.69,"x":13.75,"scY":0.69,"y":-21.05,"pX":0.1,"pY":0.05,"skX":-4.24,"skY":-4.24},"z":3,"duration":2},{"z":3,"transform":{"scX":0.69,"x":14.65,"scY":0.69,"y":-31.6,"pX":0,"pY":0,"skX":0,"skY":0},"duration":4,"tweenEasing":0},{"z":3,"transform":{"scX":0.67,"x":14.25,"scY":0.7,"y":-49.8,"pX":0.1,"pY":-0.05,"skX":0,"skY":0},"duration":6,"tweenEasing":0},{"transform":{"scX":0.69,"x":14.65,"scY":0.69,"y":-21.85,"pX":-0.05,"pY":0.15,"skX":0.21,"skY":0.21},"z":3,"duration":1},{"z":3,"transform":{"scX":0.69,"x":14.05,"scY":0.69,"y":-20.55,"pX":0.25,"pY":-0.05,"skX":-2.24,"skY":-2.24},"duration":2,"tweenEasing":0},{"transform":{"scX":0.69,"x":14.65,"scY":0.69,"y":-21.25,"pX":0,"pY":0,"skX":0,"skY":0},"z":3,"duration":1}],"offset":0},{"name":"鸭子d左翅","scale":1,"frame":[{"z":4,"transform":{"scX":0.69,"x":-9.4,"scY":0.69,"y":-32.1,"pX":0,"pY":0,"skX":0,"skY":0},"duration":3,"tweenEasing":0},{"transform":{"scX":0.69,"x":-10.85,"scY":0.69,"y":-27.05,"pX":-0.05,"pY":0.3,"skX":34.41,"skY":34.41},"z":4,"duration":2},{"z":4,"transform":{"scX":0.69,"x":-9.4,"scY":0.69,"y":-42.4,"pX":-0.05,"pY":0.05,"skX":23.24,"skY":23.24},"duration":4,"tweenEasing":0},{"z":4,"transform":{"scX":0.68,"x":-9.1,"scY":0.69,"y":-60.95,"pX":-0.05,"pY":0.2,"skX":34.79,"skY":37.21},"duration":3,"tweenEasing":0},{"z":4,"transform":{"scX":0.69,"x":-10,"scY":0.69,"y":-44.1,"pX":0,"pY":-0.05,"skX":54.82,"skY":54.82},"duration":3,"tweenEasing":0},{"transform":{"scX":0.69,"x":-9.35,"scY":0.69,"y":-32.7,"pX":0.1,"pY":-0.1,"skX":33.61,"skY":33.61},"z":4,"duration":1},{"z":4,"transform":{"scX":0.69,"x":-10.35,"scY":0.69,"y":-30.45,"pX":0.05,"pY":-0.05,"skX":33.64,"skY":33.64},"duration":2,"tweenEasing":0},{"z":4,"transform":{"scX":0.69,"x":-9.4,"scY":0.69,"y":-32.1,"pX":0,"pY":0,"skX":0,"skY":0},"duration":3,"tweenEasing":0},{"transform":{"scX":0.69,"x":-10.85,"scY":0.69,"y":-27.05,"pX":-0.05,"pY":0.3,"skX":34.41,"skY":34.41},"z":4,"duration":2},{"z":4,"transform":{"scX":0.69,"x":-9.4,"scY":0.69,"y":-42.4,"pX":-0.05,"pY":0.05,"skX":23.24,"skY":23.24},"duration":4,"tweenEasing":0},{"z":4,"transform":{"scX":0.68,"x":-9.1,"scY":0.69,"y":-60.95,"pX":-0.05,"pY":0.2,"skX":34.79,"skY":37.21},"duration":3,"tweenEasing":0},{"z":4,"transform":{"scX":0.69,"x":-10,"scY":0.69,"y":-44.1,"pX":0,"pY":-0.05,"skX":54.82,"skY":54.82},"duration":3,"tweenEasing":0},{"transform":{"scX":0.69,"x":-9.35,"scY":0.69,"y":-32.7,"pX":0.1,"pY":-0.1,"skX":33.61,"skY":33.61},"z":4,"duration":1},{"z":4,"transform":{"scX":0.69,"x":-10.35,"scY":0.69,"y":-30.45,"pX":0.05,"pY":-0.05,"skX":33.64,"skY":33.64},"duration":2,"tweenEasing":0},{"z":4,"transform":{"scX":0.69,"x":-9.4,"scY":0.69,"y":-32.1,"pX":0,"pY":0,"skX":0,"skY":0},"duration":3,"tweenEasing":0},{"transform":{"scX":0.69,"x":-10.85,"scY":0.69,"y":-27.05,"pX":-0.05,"pY":0.3,"skX":34.41,"skY":34.41},"z":4,"duration":2},{"z":4,"transform":{"scX":0.69,"x":-9.4,"scY":0.69,"y":-42.4,"pX":-0.05,"pY":0.05,"skX":23.24,"skY":23.24},"duration":4,"tweenEasing":0},{"z":4,"transform":{"scX":0.68,"x":-9.1,"scY":0.69,"y":-60.95,"pX":-0.05,"pY":0.2,"skX":34.79,"skY":37.21},"duration":3,"tweenEasing":0},{"z":4,"transform":{"scX":0.69,"x":-10,"scY":0.69,"y":-44.1,"pX":0,"pY":-0.05,"skX":54.82,"skY":54.82},"duration":3,"tweenEasing":0},{"transform":{"scX":0.69,"x":-9.35,"scY":0.69,"y":-32.7,"pX":0.1,"pY":-0.1,"skX":33.61,"skY":33.61},"z":4,"duration":1},{"z":4,"transform":{"scX":0.69,"x":-10.35,"scY":0.69,"y":-30.45,"pX":0.05,"pY":-0.05,"skX":33.64,"skY":33.64},"duration":2,"tweenEasing":0},{"transform":{"scX":0.69,"x":-9.4,"scY":0.69,"y":-32.1,"pX":0,"pY":0,"skX":0,"skY":0},"z":4,"duration":1}],"offset":0},{"name":"亚身体01","scale":1,"frame":[{"z":5,"transform":{"scX":0.69,"x":-0.7,"scY":0.69,"y":-9.55,"pX":0,"pY":0,"skX":0,"skY":0},"duration":3,"tweenEasing":0},{"transform":{"scX":0.71,"x":-0.65,"scY":0.67,"y":-8.3,"pX":-0.1,"pY":0.05,"skX":-4.23,"skY":-4.23},"z":5,"duration":2},{"z":5,"transform":{"scX":0.69,"x":-0.7,"scY":0.69,"y":-19.85,"pX":0,"pY":0,"skX":0,"skY":0},"duration":4,"tweenEasing":0},{"z":5,"transform":{"scX":0.67,"x":-0.65,"scY":0.72,"y":-38.35,"pX":-0.05,"pY":0.05,"skX":0,"skY":0},"duration":6,"tweenEasing":0},{"transform":{"scX":0.69,"x":-0.7,"scY":0.69,"y":-10.15,"pX":-0.05,"pY":-0.05,"skX":0.21,"skY":0.21},"z":5,"duration":1},{"z":5,"transform":{"scX":0.69,"x":-0.7,"scY":0.69,"y":-8.3,"pX":-0.1,"pY":0.1,"skX":-2.24,"skY":-2.24},"duration":2,"tweenEasing":0},{"z":5,"transform":{"scX":0.69,"x":-0.7,"scY":0.69,"y":-9.55,"pX":0,"pY":0,"skX":0,"skY":0},"duration":3,"tweenEasing":0},{"transform":{"scX":0.71,"x":-0.65,"scY":0.67,"y":-8.3,"pX":-0.1,"pY":0.05,"skX":-4.23,"skY":-4.23},"z":5,"duration":2},{"z":5,"transform":{"scX":0.69,"x":-0.7,"scY":0.69,"y":-19.85,"pX":0,"pY":0,"skX":0,"skY":0},"duration":4,"tweenEasing":0},{"z":5,"transform":{"scX":0.67,"x":-0.65,"scY":0.72,"y":-38.35,"pX":-0.05,"pY":0.05,"skX":0,"skY":0},"duration":6,"tweenEasing":0},{"transform":{"scX":0.69,"x":-0.7,"scY":0.69,"y":-10.15,"pX":-0.05,"pY":-0.05,"skX":0.21,"skY":0.21},"z":5,"duration":1},{"z":5,"transform":{"scX":0.69,"x":-0.7,"scY":0.69,"y":-8.3,"pX":-0.1,"pY":0.1,"skX":-2.24,"skY":-2.24},"duration":2,"tweenEasing":0},{"z":5,"transform":{"scX":0.69,"x":-0.7,"scY":0.69,"y":-9.55,"pX":0,"pY":0,"skX":0,"skY":0},"duration":3,"tweenEasing":0},{"transform":{"scX":0.71,"x":-0.65,"scY":0.67,"y":-8.3,"pX":-0.1,"pY":0.05,"skX":-4.23,"skY":-4.23},"z":5,"duration":2},{"z":5,"transform":{"scX":0.69,"x":-0.7,"scY":0.69,"y":-19.85,"pX":0,"pY":0,"skX":0,"skY":0},"duration":4,"tweenEasing":0},{"z":5,"transform":{"scX":0.67,"x":-0.65,"scY":0.72,"y":-38.35,"pX":-0.05,"pY":0.05,"skX":0,"skY":0},"duration":6,"tweenEasing":0},{"transform":{"scX":0.69,"x":-0.7,"scY":0.69,"y":-10.15,"pX":-0.05,"pY":-0.05,"skX":0.21,"skY":0.21},"z":5,"duration":1},{"z":5,"transform":{"scX":0.69,"x":-0.7,"scY":0.69,"y":-8.3,"pX":-0.1,"pY":0.1,"skX":-2.24,"skY":-2.24},"duration":2,"tweenEasing":0},{"transform":{"scX":0.69,"x":-0.7,"scY":0.69,"y":-9.55,"pX":0,"pY":0,"skX":0,"skY":0},"z":5,"duration":1}],"offset":0},{"name":"鸭子正头01","scale":1,"frame":[{"z":6,"transform":{"scX":0.69,"x":-2,"scY":0.69,"y":-31.75,"pX":0,"pY":0,"skX":2.22,"skY":2.22},"duration":3,"tweenEasing":0},{"transform":{"scX":0.7,"x":-3.55,"scY":0.69,"y":-28.4,"pX":0.25,"pY":-0.05,"skX":-3.83,"skY":-3.83},"z":6,"duration":2},{"z":6,"transform":{"scX":0.69,"x":-2,"scY":0.69,"y":-42.05,"pX":-0.05,"pY":-0.1,"skX":2.22,"skY":2.22},"duration":4,"tweenEasing":0},{"z":6,"transform":{"scX":0.67,"x":-1.95,"scY":0.7,"y":-61.55,"pX":0.05,"pY":-0.15,"skX":4.01,"skY":4.38},"duration":6,"tweenEasing":0},{"transform":{"scX":0.69,"x":-1.95,"scY":0.69,"y":-32.4,"pX":0.15,"pY":-0.05,"skX":3.87,"skY":3.87},"z":6,"duration":1},{"z":6,"transform":{"scX":0.69,"x":-3.05,"scY":0.69,"y":-30.6,"pX":0.35,"pY":0,"skX":2.76,"skY":2.76},"duration":2,"tweenEasing":0},{"z":6,"transform":{"scX":0.69,"x":-2,"scY":0.69,"y":-31.75,"pX":0,"pY":0,"skX":2.22,"skY":2.22},"duration":3,"tweenEasing":0},{"transform":{"scX":0.7,"x":-3.55,"scY":0.69,"y":-28.4,"pX":0.25,"pY":-0.05,"skX":-3.83,"skY":-3.83},"z":6,"duration":2},{"z":6,"transform":{"scX":0.69,"x":-2,"scY":0.69,"y":-42.05,"pX":-0.05,"pY":-0.1,"skX":2.22,"skY":2.22},"duration":4,"tweenEasing":0},{"z":6,"transform":{"scX":0.67,"x":-1.95,"scY":0.7,"y":-61.55,"pX":0.05,"pY":-0.15,"skX":4.01,"skY":4.38},"duration":6,"tweenEasing":0},{"transform":{"scX":0.69,"x":-1.95,"scY":0.69,"y":-32.4,"pX":0.15,"pY":-0.05,"skX":3.87,"skY":3.87},"z":6,"duration":1},{"z":6,"transform":{"scX":0.69,"x":-3.05,"scY":0.69,"y":-30.6,"pX":0.35,"pY":0,"skX":2.76,"skY":2.76},"duration":2,"tweenEasing":0},{"z":6,"transform":{"scX":0.69,"x":-2,"scY":0.69,"y":-31.75,"pX":0,"pY":0,"skX":2.22,"skY":2.22},"duration":3,"tweenEasing":0},{"transform":{"scX":0.7,"x":-3.55,"scY":0.69,"y":-28.4,"pX":0.25,"pY":-0.05,"skX":-3.83,"skY":-3.83},"z":6,"duration":2},{"z":6,"transform":{"scX":0.69,"x":-2,"scY":0.69,"y":-42.05,"pX":-0.05,"pY":-0.1,"skX":2.22,"skY":2.22},"duration":4,"tweenEasing":0},{"z":6,"transform":{"scX":0.67,"x":-1.95,"scY":0.7,"y":-61.55,"pX":0.05,"pY":-0.15,"skX":4.01,"skY":4.38},"duration":6,"tweenEasing":0},{"transform":{"scX":0.69,"x":-1.95,"scY":0.69,"y":-32.4,"pX":0.15,"pY":-0.05,"skX":3.87,"skY":3.87},"z":6,"duration":1},{"z":6,"transform":{"scX":0.69,"x":-3.05,"scY":0.69,"y":-30.6,"pX":0.35,"pY":0,"skX":2.76,"skY":2.76},"duration":2,"tweenEasing":0},{"transform":{"scX":0.69,"x":-2,"scY":0.69,"y":-31.75,"pX":0,"pY":0,"skX":2.22,"skY":2.22},"z":6,"duration":1}],"offset":0},{"name":"鸭帽子","scale":1,"frame":[{"z":7,"transform":{"scX":0.69,"x":0.25,"scY":0.69,"y":-56,"pX":0,"pY":0,"skX":2.22,"skY":2.22},"duration":3,"tweenEasing":0},{"transform":{"scX":0.69,"x":-3.7,"scY":0.69,"y":-53.8,"pX":-0.05,"pY":-0.1,"skX":-8.22,"skY":-8.17},"z":7,"duration":2},{"z":7,"transform":{"scX":0.69,"x":0.25,"scY":0.69,"y":-66.3,"pX":0,"pY":-0.15,"skX":2.22,"skY":2.22},"duration":4,"tweenEasing":0},{"z":7,"transform":{"scX":0.67,"x":1.15,"scY":0.7,"y":-86.25,"pX":-0.25,"pY":0.2,"skX":4.01,"skY":4.38},"duration":2,"tweenEasing":0},{"z":7,"transform":{"scX":0.68,"x":1.2,"scY":0.7,"y":-77.3,"pX":-0.2,"pY":-0.2,"skX":1.31,"skY":1.56},"duration":4,"tweenEasing":0},{"transform":{"scX":0.69,"x":1.1,"scY":0.69,"y":-57,"pX":-0.25,"pY":-0.15,"skX":1.15,"skY":1.15},"z":7,"duration":1},{"z":7,"transform":{"scX":0.69,"x":-0.4,"scY":0.69,"y":-54.75,"pX":-0.1,"pY":-0.1,"skX":2.76,"skY":2.76},"duration":2,"tweenEasing":0},{"z":7,"transform":{"scX":0.69,"x":0.25,"scY":0.69,"y":-56,"pX":0,"pY":0,"skX":2.22,"skY":2.22},"duration":3,"tweenEasing":0},{"transform":{"scX":0.69,"x":-3.7,"scY":0.69,"y":-53.25,"pX":-0.1,"pY":-0.15,"skX":-6.02,"skY":-5.98},"z":7,"duration":2},{"z":7,"transform":{"scX":0.69,"x":0.25,"scY":0.69,"y":-66.3,"pX":0,"pY":-0.15,"skX":2.22,"skY":2.22},"duration":4,"tweenEasing":0},{"z":7,"transform":{"scX":0.67,"x":1.15,"scY":0.7,"y":-86.25,"pX":-0.25,"pY":0.2,"skX":4.01,"skY":4.38},"duration":6,"tweenEasing":0},{"transform":{"scX":0.69,"x":1.1,"scY":0.69,"y":-56.45,"pX":-0.25,"pY":-0.15,"skX":3.87,"skY":3.87},"z":7,"duration":1},{"z":7,"transform":{"scX":0.69,"x":-0.4,"scY":0.69,"y":-54.75,"pX":-0.1,"pY":-0.1,"skX":2.76,"skY":2.76},"duration":2,"tweenEasing":0},{"z":7,"transform":{"scX":0.69,"x":0.25,"scY":0.69,"y":-56,"pX":0,"pY":0,"skX":2.22,"skY":2.22},"duration":3,"tweenEasing":0},{"transform":{"scX":0.69,"x":-3.7,"scY":0.69,"y":-53.25,"pX":-0.1,"pY":-0.15,"skX":-6.02,"skY":-5.98},"z":7,"duration":2},{"z":7,"transform":{"scX":0.69,"x":0.25,"scY":0.69,"y":-66.3,"pX":0,"pY":-0.15,"skX":2.22,"skY":2.22},"duration":4,"tweenEasing":0},{"z":7,"transform":{"scX":0.67,"x":1.15,"scY":0.7,"y":-86.25,"pX":-0.25,"pY":0.2,"skX":4.01,"skY":4.38},"duration":6,"tweenEasing":0},{"transform":{"scX":0.69,"x":1.1,"scY":0.69,"y":-56.45,"pX":-0.25,"pY":-0.15,"skX":3.87,"skY":3.87},"z":7,"duration":1},{"z":7,"transform":{"scX":0.69,"x":-0.4,"scY":0.69,"y":-54.75,"pX":-0.1,"pY":-0.1,"skX":2.76,"skY":2.76},"duration":2,"tweenEasing":0},{"transform":{"scX":0.69,"x":0.25,"scY":0.69,"y":-56,"pX":0,"pY":0,"skX":2.22,"skY":2.22},"z":7,"duration":1}],"offset":0},{"name":"鸭子头发01","scale":1,"frame":[{"z":8,"transform":{"scX":0.69,"x":-8.5,"scY":0.69,"y":-61.5,"pX":0,"pY":0,"skX":2.22,"skY":2.22},"duration":3,"tweenEasing":0},{"transform":{"scX":0.65,"x":-14,"scY":0.71,"y":-58.05,"pX":0,"pY":-0.3,"skX":-1.24,"skY":-3.31},"z":8,"duration":2},{"z":8,"transform":{"scX":0.69,"x":-8.5,"scY":0.64,"y":-71.85,"pX":-0.05,"pY":0.25,"skX":-13.82,"skY":-11.23},"duration":4,"tweenEasing":0},{"z":8,"transform":{"scX":0.67,"x":-7.25,"scY":0.63,"y":-92.15,"pX":0,"pY":0.1,"skX":-29.82,"skY":-32.24},"duration":3,"tweenEasing":0},{"z":8,"transform":{"scX":0.68,"x":-7.4,"scY":0.76,"y":-77.15,"pX":0,"pY":-0.15,"skX":-21.13,"skY":-19.77},"duration":3,"tweenEasing":0},{"transform":{"scX":0.69,"x":-7.5,"scY":0.72,"y":-62.4,"pX":-0.15,"pY":0.25,"skX":3.87,"skY":3.87},"z":8,"duration":1},{"z":8,"transform":{"scX":0.69,"x":-9.05,"scY":0.69,"y":-60.45,"pX":-0.1,"pY":0.2,"skX":-8.44,"skY":-8.44},"duration":2,"tweenEasing":0},{"z":8,"transform":{"scX":0.69,"x":-8.5,"scY":0.69,"y":-61.5,"pX":0,"pY":0,"skX":2.22,"skY":2.22},"duration":3,"tweenEasing":0},{"transform":{"scX":0.65,"x":-14,"scY":0.71,"y":-58.05,"pX":0,"pY":-0.3,"skX":-1.24,"skY":-3.31},"z":8,"duration":2},{"z":8,"transform":{"scX":0.69,"x":-8.5,"scY":0.64,"y":-71.85,"pX":-0.05,"pY":0.25,"skX":-13.82,"skY":-11.23},"duration":4,"tweenEasing":0},{"z":8,"transform":{"scX":0.67,"x":-7.25,"scY":0.63,"y":-92.15,"pX":0,"pY":0.1,"skX":-29.82,"skY":-32.24},"duration":3,"tweenEasing":0},{"z":8,"transform":{"scX":0.68,"x":-7.4,"scY":0.76,"y":-77.15,"pX":0,"pY":-0.15,"skX":-21.13,"skY":-19.77},"duration":3,"tweenEasing":0},{"transform":{"scX":0.69,"x":-7.5,"scY":0.72,"y":-62.4,"pX":-0.15,"pY":0.25,"skX":3.87,"skY":3.87},"z":8,"duration":1},{"z":8,"transform":{"scX":0.69,"x":-9.05,"scY":0.69,"y":-60.45,"pX":-0.1,"pY":0.2,"skX":-8.44,"skY":-8.44},"duration":2,"tweenEasing":0},{"z":8,"transform":{"scX":0.69,"x":-8.5,"scY":0.69,"y":-61.5,"pX":0,"pY":0,"skX":2.22,"skY":2.22},"duration":3,"tweenEasing":0},{"transform":{"scX":0.65,"x":-14,"scY":0.71,"y":-58.05,"pX":0,"pY":-0.3,"skX":-1.24,"skY":-3.31},"z":8,"duration":2},{"z":8,"transform":{"scX":0.69,"x":-8.5,"scY":0.64,"y":-71.85,"pX":-0.05,"pY":0.25,"skX":-13.82,"skY":-11.23},"duration":4,"tweenEasing":0},{"z":8,"transform":{"scX":0.67,"x":-7.25,"scY":0.63,"y":-92.15,"pX":0,"pY":0.1,"skX":-29.82,"skY":-32.24},"duration":3,"tweenEasing":0},{"z":8,"transform":{"scX":0.68,"x":-7.4,"scY":0.76,"y":-77.15,"pX":0,"pY":-0.15,"skX":-21.13,"skY":-19.77},"duration":3,"tweenEasing":0},{"transform":{"scX":0.69,"x":-7.5,"scY":0.72,"y":-62.4,"pX":-0.15,"pY":0.25,"skX":3.87,"skY":3.87},"z":8,"duration":1},{"z":8,"transform":{"scX":0.69,"x":-9.05,"scY":0.69,"y":-60.45,"pX":-0.1,"pY":0.2,"skX":-8.44,"skY":-8.44},"duration":2,"tweenEasing":0},{"transform":{"scX":0.69,"x":-8.5,"scY":0.69,"y":-61.5,"pX":0,"pY":0,"skX":2.22,"skY":2.22},"z":8,"duration":1}],"offset":0},{"name":"鸭子手bbd01","scale":1,"frame":[{"z":9,"transform":{"scX":0.69,"x":16.9,"scY":0.69,"y":-30.6,"pX":0,"pY":0,"skX":9.95,"skY":9.95},"duration":3,"tweenEasing":0},{"transform":{"scX":0.69,"x":15.85,"scY":0.69,"y":-30.5,"pX":-0.15,"pY":-0.1,"skX":-40.6,"skY":-40.6},"z":9,"duration":2},{"z":9,"transform":{"scX":0.69,"x":16.9,"scY":0.69,"y":-40.9,"pX":0.1,"pY":0,"skX":-10.25,"skY":-10.25},"duration":4,"tweenEasing":0},{"z":9,"transform":{"scX":0.68,"x":16.4,"scY":0.69,"y":-59.3,"pX":0.05,"pY":0,"skX":-41.27,"skY":-43.8},"duration":3,"tweenEasing":0},{"z":9,"transform":{"scX":0.69,"x":16.25,"scY":0.69,"y":-45.25,"pX":0.05,"pY":-0.1,"skX":-43.02,"skY":-43.02},"duration":3,"tweenEasing":0},{"transform":{"scX":0.69,"x":16.95,"scY":0.69,"y":-31.05,"pX":0.1,"pY":-0.15,"skX":-18.01,"skY":-18.01},"z":9,"duration":1},{"z":9,"transform":{"scX":0.69,"x":16,"scY":0.69,"y":-29.9,"pX":0,"pY":-0.25,"skX":-5.76,"skY":-5.76},"duration":2,"tweenEasing":0},{"z":9,"transform":{"scX":0.69,"x":16.9,"scY":0.69,"y":-30.6,"pX":0,"pY":0,"skX":9.95,"skY":9.95},"duration":3,"tweenEasing":0},{"transform":{"scX":0.69,"x":15.85,"scY":0.69,"y":-30.5,"pX":-0.15,"pY":-0.1,"skX":-40.6,"skY":-40.6},"z":9,"duration":2},{"z":9,"transform":{"scX":0.69,"x":16.9,"scY":0.69,"y":-40.9,"pX":0.1,"pY":0,"skX":-10.25,"skY":-10.25},"duration":4,"tweenEasing":0},{"z":9,"transform":{"scX":0.68,"x":16.4,"scY":0.69,"y":-59.3,"pX":0.05,"pY":0,"skX":-41.27,"skY":-43.8},"duration":3,"tweenEasing":0},{"z":9,"transform":{"scX":0.69,"x":16.25,"scY":0.69,"y":-45.25,"pX":0.05,"pY":-0.1,"skX":-43.02,"skY":-43.02},"duration":3,"tweenEasing":0},{"transform":{"scX":0.69,"x":16.95,"scY":0.69,"y":-31.05,"pX":0.1,"pY":-0.15,"skX":-18.01,"skY":-18.01},"z":9,"duration":1},{"z":9,"transform":{"scX":0.69,"x":16,"scY":0.69,"y":-29.9,"pX":0,"pY":-0.25,"skX":-5.76,"skY":-5.76},"duration":2,"tweenEasing":0},{"z":9,"transform":{"scX":0.69,"x":16.9,"scY":0.69,"y":-30.6,"pX":0,"pY":0,"skX":9.95,"skY":9.95},"duration":3,"tweenEasing":0},{"transform":{"scX":0.69,"x":15.85,"scY":0.69,"y":-30.5,"pX":-0.15,"pY":-0.1,"skX":-40.6,"skY":-40.6},"z":9,"duration":2},{"z":9,"transform":{"scX":0.69,"x":16.9,"scY":0.69,"y":-40.9,"pX":0.1,"pY":0,"skX":-10.25,"skY":-10.25},"duration":4,"tweenEasing":0},{"z":9,"transform":{"scX":0.68,"x":16.4,"scY":0.69,"y":-59.3,"pX":0.05,"pY":0,"skX":-41.27,"skY":-43.8},"duration":3,"tweenEasing":0},{"z":9,"transform":{"scX":0.69,"x":16.25,"scY":0.69,"y":-45.25,"pX":0.05,"pY":-0.1,"skX":-43.02,"skY":-43.02},"duration":3,"tweenEasing":0},{"transform":{"scX":0.69,"x":16.95,"scY":0.69,"y":-31.05,"pX":0.1,"pY":-0.15,"skX":-18.01,"skY":-18.01},"z":9,"duration":1},{"z":9,"transform":{"scX":0.69,"x":16,"scY":0.69,"y":-29.9,"pX":0,"pY":-0.25,"skX":-5.76,"skY":-5.76},"duration":2,"tweenEasing":0},{"transform":{"scX":0.69,"x":16.9,"scY":0.69,"y":-30.6,"pX":0,"pY":0,"skX":9.95,"skY":9.95},"z":9,"duration":1}],"offset":0},{"name":"图层 3","scale":1,"frame":[{"duration":12,"displayIndex":-1},{"transform":{"scX":0.68,"x":-2.2,"scY":0.68,"y":-63.45,"pX":0,"pY":0,"skX":3.23,"skY":3.23},"z":10,"duration":1},{"z":10,"displayIndex":1,"transform":{"scX":0.69,"x":-2.35,"scY":0.69,"y":-56.2,"pX":0,"pY":0,"skX":3.95,"skY":3.95},"duration":1},{"z":10,"displayIndex":1,"transform":{"scX":0.69,"x":-2.7,"scY":0.69,"y":-51.45,"pX":0.1,"pY":0,"skX":3.95,"skY":3.95},"duration":1},{"transform":{"scX":0.68,"x":-2.45,"scY":0.68,"y":-48.35,"pX":-0.05,"pY":0.05,"skX":5.2,"skY":5.2},"z":10,"duration":1},{"duration":39,"displayIndex":-1}],"offset":0}],"scale":1,"loop":0,"autoTween":0,"name":"standA","duration":55,"tweenEasing":null},{"fadeInTime":0,"timeline":[{"name":"鸭子后6d1右脚","scale":1,"frame":[{"z":11,"transform":{"scX":-0.69,"x":-4.95,"scY":0.69,"y":-10.8,"pX":0,"pY":0,"skX":0,"skY":0},"duration":3,"tweenEasing":0},{"transform":{"scX":-0.69,"x":-4.95,"scY":0.69,"y":-10.8,"pX":0,"pY":0,"skX":0,"skY":0},"z":11,"duration":2},{"z":11,"transform":{"scX":-0.7,"x":-3.9,"scY":0.68,"y":-21.05,"pX":0,"pY":-0.2,"skX":-2.19,"skY":-10.91},"duration":4,"tweenEasing":0},{"z":11,"transform":{"scX":-0.73,"x":-4.3,"scY":0.69,"y":-38.65,"pX":0,"pY":-0.15,"skX":-0.02,"skY":-19.65},"duration":6,"tweenEasing":0},{"transform":{"scX":-0.7,"x":-4.6,"scY":0.69,"y":-14.25,"pX":-0.05,"pY":0,"skX":-6.92,"skY":-16.29},"z":11,"duration":1},{"z":11,"transform":{"scX":-0.69,"x":-4.95,"scY":0.69,"y":-10.8,"pX":0,"pY":0,"skX":0,"skY":0},"duration":2,"tweenEasing":0},{"z":11,"transform":{"scX":-0.69,"x":-4.95,"scY":0.69,"y":-10.8,"pX":0,"pY":0,"skX":0,"skY":0},"duration":3,"tweenEasing":0},{"transform":{"scX":-0.69,"x":-4.95,"scY":0.69,"y":-10.8,"pX":0,"pY":0,"skX":0,"skY":0},"z":11,"duration":2},{"z":11,"transform":{"scX":-0.7,"x":-3.9,"scY":0.68,"y":-21.05,"pX":0,"pY":-0.2,"skX":-2.19,"skY":-10.91},"duration":4,"tweenEasing":0},{"z":11,"transform":{"scX":-0.73,"x":-4.3,"scY":0.69,"y":-38.65,"pX":0,"pY":-0.15,"skX":-0.02,"skY":-19.65},"duration":6,"tweenEasing":0},{"transform":{"scX":-0.7,"x":-4.6,"scY":0.69,"y":-14.25,"pX":-0.05,"pY":0,"skX":-6.92,"skY":-16.29},"z":11,"duration":1},{"z":11,"transform":{"scX":-0.69,"x":-4.95,"scY":0.69,"y":-10.8,"pX":0,"pY":0,"skX":0,"skY":0},"duration":2,"tweenEasing":0},{"z":11,"transform":{"scX":-0.69,"x":-4.95,"scY":0.69,"y":-10.8,"pX":0,"pY":0,"skX":0,"skY":0},"duration":3,"tweenEasing":0},{"transform":{"scX":-0.69,"x":-4.95,"scY":0.69,"y":-10.8,"pX":0,"pY":0,"skX":0,"skY":0},"z":11,"duration":2},{"z":11,"transform":{"scX":-0.7,"x":-3.9,"scY":0.68,"y":-21.05,"pX":0,"pY":-0.2,"skX":-2.19,"skY":-10.91},"duration":4,"tweenEasing":0},{"z":11,"transform":{"scX":-0.73,"x":-4.3,"scY":0.69,"y":-38.65,"pX":0,"pY":-0.15,"skX":-0.02,"skY":-19.65},"duration":6,"tweenEasing":0},{"transform":{"scX":-0.7,"x":-4.6,"scY":0.69,"y":-14.25,"pX":-0.05,"pY":0,"skX":-6.92,"skY":-16.29},"z":11,"duration":1},{"z":11,"transform":{"scX":-0.69,"x":-4.95,"scY":0.69,"y":-10.8,"pX":0,"pY":0,"skX":0,"skY":0},"duration":2,"tweenEasing":0},{"transform":{"scX":-0.69,"x":-4.95,"scY":0.69,"y":-10.8,"pX":0,"pY":0,"skX":0,"skY":0},"z":11,"duration":1}],"offset":0},{"name":"鸭子后左脚k01","scale":1,"frame":[{"z":12,"transform":{"scX":-0.69,"x":10.2,"scY":0.69,"y":-12.1,"pX":0,"pY":0,"skX":0,"skY":0},"duration":3,"tweenEasing":0},{"transform":{"scX":-0.69,"x":10.2,"scY":0.69,"y":-12.1,"pX":0,"pY":0,"skX":0,"skY":0},"z":12,"duration":2},{"z":12,"transform":{"scX":-0.69,"x":8.85,"scY":0.7,"y":-22,"pX":0.25,"pY":0,"skX":-11.82,"skY":-3.45},"duration":4,"tweenEasing":0},{"z":12,"transform":{"scX":-0.72,"x":9.5,"scY":0.69,"y":-39.95,"pX":0.15,"pY":0,"skX":-9.46,"skY":-26.22},"duration":6,"tweenEasing":0},{"transform":{"scX":-0.69,"x":8.85,"scY":0.69,"y":-15.5,"pX":0.25,"pY":0,"skX":-7.86,"skY":-11.95},"z":12,"duration":1},{"z":12,"transform":{"scX":-0.69,"x":10.2,"scY":0.69,"y":-12.1,"pX":0,"pY":0,"skX":0,"skY":0},"duration":2,"tweenEasing":0},{"z":12,"transform":{"scX":-0.69,"x":10.2,"scY":0.69,"y":-12.1,"pX":0,"pY":0,"skX":0,"skY":0},"duration":3,"tweenEasing":0},{"transform":{"scX":-0.69,"x":10.2,"scY":0.69,"y":-12.1,"pX":0,"pY":0,"skX":0,"skY":0},"z":12,"duration":2},{"z":12,"transform":{"scX":-0.69,"x":8.85,"scY":0.7,"y":-22,"pX":0.25,"pY":0,"skX":-11.82,"skY":-3.45},"duration":4,"tweenEasing":0},{"z":12,"transform":{"scX":-0.72,"x":9.5,"scY":0.69,"y":-39.95,"pX":0.15,"pY":0,"skX":-9.46,"skY":-26.22},"duration":6,"tweenEasing":0},{"transform":{"scX":-0.69,"x":8.85,"scY":0.69,"y":-15.5,"pX":0.25,"pY":0,"skX":-7.86,"skY":-11.95},"z":12,"duration":1},{"z":12,"transform":{"scX":-0.69,"x":10.2,"scY":0.69,"y":-12.1,"pX":0,"pY":0,"skX":0,"skY":0},"duration":2,"tweenEasing":0},{"z":12,"transform":{"scX":-0.69,"x":10.2,"scY":0.69,"y":-12.1,"pX":0,"pY":0,"skX":0,"skY":0},"duration":3,"tweenEasing":0},{"transform":{"scX":-0.69,"x":10.2,"scY":0.69,"y":-12.1,"pX":0,"pY":0,"skX":0,"skY":0},"z":12,"duration":2},{"z":12,"transform":{"scX":-0.69,"x":8.85,"scY":0.7,"y":-22,"pX":0.25,"pY":0,"skX":-11.82,"skY":-3.45},"duration":4,"tweenEasing":0},{"z":12,"transform":{"scX":-0.72,"x":9.5,"scY":0.69,"y":-39.95,"pX":0.15,"pY":0,"skX":-9.46,"skY":-26.22},"duration":6,"tweenEasing":0},{"transform":{"scX":-0.69,"x":8.85,"scY":0.69,"y":-15.5,"pX":0.25,"pY":0,"skX":-7.86,"skY":-11.95},"z":12,"duration":1},{"z":12,"transform":{"scX":-0.69,"x":10.2,"scY":0.69,"y":-12.1,"pX":0,"pY":0,"skX":0,"skY":0},"duration":2,"tweenEasing":0},{"transform":{"scX":-0.69,"x":10.2,"scY":0.69,"y":-12.1,"pX":0,"pY":0,"skX":0,"skY":0},"z":12,"duration":1}],"offset":0},{"name":"鸭子后左翅h01","scale":1,"frame":[{"z":13,"transform":{"scX":-0.69,"x":12.1,"scY":0.69,"y":-32.3,"pX":0,"pY":0,"skX":0,"skY":0},"duration":3,"tweenEasing":0},{"transform":{"scX":-0.69,"x":11.4,"scY":0.69,"y":-31,"pX":0,"pY":0.25,"skX":-24.24,"skY":-24.24},"z":13,"duration":2},{"z":13,"transform":{"scX":-0.69,"x":12.1,"scY":0.69,"y":-42.65,"pX":0,"pY":0.15,"skX":0,"skY":0},"duration":4,"tweenEasing":0},{"z":13,"transform":{"scX":-0.69,"x":12.25,"scY":0.69,"y":-60.1,"pX":0,"pY":0.1,"skX":-33.03,"skY":-33.03},"duration":6,"tweenEasing":0},{"transform":{"scX":-0.69,"x":12.1,"scY":0.69,"y":-35.75,"pX":0.05,"pY":0.05,"skX":-16.22,"skY":-16.22},"z":13,"duration":1},{"z":13,"transform":{"scX":-0.69,"x":11.9,"scY":0.69,"y":-30.4,"pX":0.05,"pY":0.1,"skX":-6.54,"skY":-6.54},"duration":2,"tweenEasing":0},{"z":13,"transform":{"scX":-0.69,"x":12.1,"scY":0.69,"y":-32.3,"pX":0,"pY":0,"skX":0,"skY":0},"duration":3,"tweenEasing":0},{"transform":{"scX":-0.69,"x":11.4,"scY":0.69,"y":-31,"pX":0,"pY":0.25,"skX":-24.24,"skY":-24.24},"z":13,"duration":2},{"z":13,"transform":{"scX":-0.69,"x":12.1,"scY":0.69,"y":-42.65,"pX":0,"pY":0.15,"skX":0,"skY":0},"duration":4,"tweenEasing":0},{"z":13,"transform":{"scX":-0.69,"x":12.25,"scY":0.69,"y":-60.1,"pX":0,"pY":0.1,"skX":-33.03,"skY":-33.03},"duration":6,"tweenEasing":0},{"transform":{"scX":-0.69,"x":12.1,"scY":0.69,"y":-35.75,"pX":0.05,"pY":0.05,"skX":-16.22,"skY":-16.22},"z":13,"duration":1},{"z":13,"transform":{"scX":-0.69,"x":11.9,"scY":0.69,"y":-30.4,"pX":0.05,"pY":0.1,"skX":-6.54,"skY":-6.54},"duration":2,"tweenEasing":0},{"z":13,"transform":{"scX":-0.69,"x":12.1,"scY":0.69,"y":-32.3,"pX":0,"pY":0,"skX":0,"skY":0},"duration":3,"tweenEasing":0},{"transform":{"scX":-0.69,"x":11.4,"scY":0.69,"y":-31,"pX":0,"pY":0.25,"skX":-24.24,"skY":-24.24},"z":13,"duration":2},{"z":13,"transform":{"scX":-0.69,"x":12.1,"scY":0.69,"y":-42.65,"pX":0,"pY":0.15,"skX":0,"skY":0},"duration":4,"tweenEasing":0},{"z":13,"transform":{"scX":-0.69,"x":12.25,"scY":0.69,"y":-60.1,"pX":0,"pY":0.1,"skX":-33.03,"skY":-33.03},"duration":6,"tweenEasing":0},{"transform":{"scX":-0.69,"x":12.1,"scY":0.69,"y":-35.75,"pX":0.05,"pY":0.05,"skX":-16.22,"skY":-16.22},"z":13,"duration":1},{"z":13,"transform":{"scX":-0.69,"x":11.9,"scY":0.69,"y":-30.4,"pX":0.05,"pY":0.1,"skX":-6.54,"skY":-6.54},"duration":2,"tweenEasing":0},{"transform":{"scX":-0.69,"x":12.1,"scY":0.69,"y":-32.3,"pX":0,"pY":0,"skX":0,"skY":0},"z":13,"duration":1}],"offset":0},{"name":"鸭子后身363","scale":1,"frame":[{"z":14,"transform":{"scX":-0.69,"x":0.9,"scY":0.69,"y":-9.95,"pX":0,"pY":0,"skX":0,"skY":0},"duration":3,"tweenEasing":0},{"transform":{"scX":-0.73,"x":0.25,"scY":0.68,"y":-8.55,"pX":0.15,"pY":-0.2,"skX":0,"skY":0},"z":14,"duration":2},{"z":14,"transform":{"scX":-0.69,"x":0.9,"scY":0.69,"y":-20.25,"pX":0,"pY":-0.25,"skX":0,"skY":0},"duration":4,"tweenEasing":0},{"z":14,"transform":{"scX":-0.69,"x":0.9,"scY":0.69,"y":-37.85,"pX":0.05,"pY":-0.15,"skX":0.45,"skY":0.45},"duration":6,"tweenEasing":0},{"transform":{"scX":-0.69,"x":0.9,"scY":0.69,"y":-13.35,"pX":0,"pY":-0.15,"skX":0,"skY":0},"z":14,"duration":1},{"z":14,"transform":{"scX":-0.71,"x":0.6,"scY":0.69,"y":-8.05,"pX":0.2,"pY":-0.15,"skX":0.21,"skY":0.21},"duration":2,"tweenEasing":0},{"z":14,"transform":{"scX":-0.69,"x":0.9,"scY":0.69,"y":-9.95,"pX":0,"pY":0,"skX":0,"skY":0},"duration":3,"tweenEasing":0},{"transform":{"scX":-0.73,"x":0.25,"scY":0.68,"y":-8.55,"pX":0.15,"pY":-0.2,"skX":0,"skY":0},"z":14,"duration":2},{"z":14,"transform":{"scX":-0.69,"x":0.9,"scY":0.69,"y":-20.25,"pX":0,"pY":-0.25,"skX":0,"skY":0},"duration":4,"tweenEasing":0},{"z":14,"transform":{"scX":-0.69,"x":0.9,"scY":0.69,"y":-37.85,"pX":0.05,"pY":-0.15,"skX":0.45,"skY":0.45},"duration":6,"tweenEasing":0},{"transform":{"scX":-0.69,"x":0.9,"scY":0.69,"y":-13.35,"pX":0,"pY":-0.15,"skX":0,"skY":0},"z":14,"duration":1},{"z":14,"transform":{"scX":-0.71,"x":0.6,"scY":0.69,"y":-8.05,"pX":0.2,"pY":-0.15,"skX":0.21,"skY":0.21},"duration":2,"tweenEasing":0},{"z":14,"transform":{"scX":-0.69,"x":0.9,"scY":0.69,"y":-9.95,"pX":0,"pY":0,"skX":0,"skY":0},"duration":3,"tweenEasing":0},{"transform":{"scX":-0.73,"x":0.25,"scY":0.68,"y":-8.55,"pX":0.15,"pY":-0.2,"skX":0,"skY":0},"z":14,"duration":2},{"z":14,"transform":{"scX":-0.69,"x":0.9,"scY":0.69,"y":-20.25,"pX":0,"pY":-0.25,"skX":0,"skY":0},"duration":4,"tweenEasing":0},{"z":14,"transform":{"scX":-0.69,"x":0.9,"scY":0.69,"y":-37.85,"pX":0.05,"pY":-0.15,"skX":0.45,"skY":0.45},"duration":6,"tweenEasing":0},{"transform":{"scX":-0.69,"x":0.9,"scY":0.69,"y":-13.35,"pX":0,"pY":-0.15,"skX":0,"skY":0},"z":14,"duration":1},{"z":14,"transform":{"scX":-0.71,"x":0.6,"scY":0.69,"y":-8.05,"pX":0.2,"pY":-0.15,"skX":0.21,"skY":0.21},"duration":2,"tweenEasing":0},{"transform":{"scX":-0.69,"x":0.9,"scY":0.69,"y":-9.95,"pX":0,"pY":0,"skX":0,"skY":0},"z":14,"duration":1}],"offset":0},{"name":"鸭子后头d032","scale":1,"frame":[{"z":15,"transform":{"scX":-0.69,"x":-1.15,"scY":0.69,"y":-31.45,"pX":0,"pY":0,"skX":0.58,"skY":0.58},"duration":3,"tweenEasing":0},{"transform":{"scX":-0.69,"x":-0.1,"scY":0.69,"y":-29.4,"pX":-0.1,"pY":0.05,"skX":-6.15,"skY":-6.15},"z":15,"duration":2},{"z":15,"transform":{"scX":-0.69,"x":-1.15,"scY":0.69,"y":-41.8,"pX":0,"pY":0.1,"skX":0.58,"skY":0.58},"duration":4,"tweenEasing":0},{"z":15,"transform":{"scX":-0.69,"x":-0.95,"scY":0.69,"y":-59.45,"pX":-0.2,"pY":0.15,"skX":1.02,"skY":1.02},"duration":6,"tweenEasing":0},{"transform":{"scX":-0.69,"x":-1.15,"scY":0.69,"y":-34.9,"pX":0,"pY":0.05,"skX":0.58,"skY":0.58},"z":15,"duration":1},{"z":15,"transform":{"scX":-0.69,"x":-1.35,"scY":0.69,"y":-29.6,"pX":0,"pY":0.05,"skX":0.79,"skY":0.79},"duration":2,"tweenEasing":0},{"z":15,"transform":{"scX":-0.69,"x":-1.15,"scY":0.69,"y":-31.45,"pX":0,"pY":0,"skX":0.58,"skY":0.58},"duration":3,"tweenEasing":0},{"transform":{"scX":-0.69,"x":-0.1,"scY":0.69,"y":-29.4,"pX":-0.1,"pY":0.05,"skX":-6.15,"skY":-6.15},"z":15,"duration":2},{"z":15,"transform":{"scX":-0.69,"x":-1.15,"scY":0.69,"y":-41.8,"pX":0,"pY":0.1,"skX":0.58,"skY":0.58},"duration":4,"tweenEasing":0},{"z":15,"transform":{"scX":-0.69,"x":-0.95,"scY":0.69,"y":-59.45,"pX":-0.2,"pY":0.15,"skX":1.02,"skY":1.02},"duration":6,"tweenEasing":0},{"transform":{"scX":-0.69,"x":-1.15,"scY":0.69,"y":-34.9,"pX":0,"pY":0.05,"skX":0.58,"skY":0.58},"z":15,"duration":1},{"z":15,"transform":{"scX":-0.69,"x":-1.35,"scY":0.69,"y":-29.6,"pX":0,"pY":0.05,"skX":0.79,"skY":0.79},"duration":2,"tweenEasing":0},{"z":15,"transform":{"scX":-0.69,"x":-1.15,"scY":0.69,"y":-31.45,"pX":0,"pY":0,"skX":0.58,"skY":0.58},"duration":3,"tweenEasing":0},{"transform":{"scX":-0.69,"x":-0.1,"scY":0.69,"y":-29.4,"pX":-0.1,"pY":0.05,"skX":-6.15,"skY":-6.15},"z":15,"duration":2},{"z":15,"transform":{"scX":-0.69,"x":-1.15,"scY":0.69,"y":-41.8,"pX":0,"pY":0.1,"skX":0.58,"skY":0.58},"duration":4,"tweenEasing":0},{"z":15,"transform":{"scX":-0.69,"x":-0.95,"scY":0.69,"y":-59.45,"pX":-0.2,"pY":0.15,"skX":1.02,"skY":1.02},"duration":6,"tweenEasing":0},{"transform":{"scX":-0.69,"x":-1.15,"scY":0.69,"y":-34.9,"pX":0,"pY":0.05,"skX":0.58,"skY":0.58},"z":15,"duration":1},{"z":15,"transform":{"scX":-0.69,"x":-1.35,"scY":0.69,"y":-29.6,"pX":0,"pY":0.05,"skX":0.79,"skY":0.79},"duration":2,"tweenEasing":0},{"transform":{"scX":-0.69,"x":-1.15,"scY":0.69,"y":-31.45,"pX":0,"pY":0,"skX":0.58,"skY":0.58},"z":15,"duration":1}],"offset":0},{"name":"鸭子后头毛p02","scale":1,"frame":[{"z":16,"transform":{"scX":-0.69,"x":-10.95,"scY":0.69,"y":-61.15,"pX":0,"pY":0,"skX":-6.12,"skY":-6.12},"duration":3,"tweenEasing":0},{"transform":{"scX":-0.69,"x":-13.75,"scY":0.69,"y":-57.65,"pX":-0.05,"pY":-0.15,"skX":-2.4,"skY":-2.4},"z":16,"duration":2},{"z":16,"transform":{"scX":-0.69,"x":-10.95,"scY":0.69,"y":-71.5,"pX":0,"pY":-0.1,"skX":-6.12,"skY":-6.12},"duration":4,"tweenEasing":0},{"z":16,"transform":{"scX":-0.69,"x":-10.55,"scY":0.73,"y":-89.3,"pX":0.2,"pY":0.05,"skX":-17.12,"skY":-17.12},"duration":6,"tweenEasing":0},{"transform":{"scX":-0.69,"x":-10.95,"scY":0.69,"y":-64.6,"pX":0.05,"pY":0,"skX":-6.12,"skY":-6.12},"z":16,"duration":1},{"z":16,"transform":{"scX":-0.69,"x":-11.1,"scY":0.69,"y":-59.4,"pX":0.1,"pY":-0.1,"skX":-5.91,"skY":-5.91},"duration":2,"tweenEasing":0},{"z":16,"transform":{"scX":-0.69,"x":-10.95,"scY":0.69,"y":-61.15,"pX":0,"pY":0,"skX":-6.12,"skY":-6.12},"duration":3,"tweenEasing":0},{"transform":{"scX":-0.69,"x":-13.75,"scY":0.69,"y":-57.65,"pX":-0.05,"pY":-0.15,"skX":-2.4,"skY":-2.4},"z":16,"duration":2},{"z":16,"transform":{"scX":-0.69,"x":-10.95,"scY":0.69,"y":-71.5,"pX":0,"pY":-0.1,"skX":-6.12,"skY":-6.12},"duration":4,"tweenEasing":0},{"z":16,"transform":{"scX":-0.69,"x":-10.55,"scY":0.73,"y":-89.3,"pX":0.2,"pY":0.05,"skX":-17.12,"skY":-17.12},"duration":6,"tweenEasing":0},{"transform":{"scX":-0.69,"x":-10.95,"scY":0.69,"y":-64.6,"pX":0.05,"pY":0,"skX":-6.12,"skY":-6.12},"z":16,"duration":1},{"z":16,"transform":{"scX":-0.69,"x":-11.1,"scY":0.69,"y":-59.4,"pX":0.1,"pY":-0.1,"skX":-5.91,"skY":-5.91},"duration":2,"tweenEasing":0},{"z":16,"transform":{"scX":-0.69,"x":-10.95,"scY":0.69,"y":-61.15,"pX":0,"pY":0,"skX":-6.12,"skY":-6.12},"duration":3,"tweenEasing":0},{"transform":{"scX":-0.69,"x":-13.75,"scY":0.69,"y":-57.65,"pX":-0.05,"pY":-0.15,"skX":-2.4,"skY":-2.4},"z":16,"duration":2},{"z":16,"transform":{"scX":-0.69,"x":-10.95,"scY":0.69,"y":-71.5,"pX":0,"pY":-0.1,"skX":-6.12,"skY":-6.12},"duration":4,"tweenEasing":0},{"z":16,"transform":{"scX":-0.69,"x":-10.55,"scY":0.73,"y":-89.3,"pX":0.2,"pY":0.05,"skX":-17.12,"skY":-17.12},"duration":6,"tweenEasing":0},{"transform":{"scX":-0.69,"x":-10.95,"scY":0.69,"y":-64.6,"pX":0.05,"pY":0,"skX":-6.12,"skY":-6.12},"z":16,"duration":1},{"z":16,"transform":{"scX":-0.69,"x":-11.1,"scY":0.69,"y":-59.4,"pX":0.1,"pY":-0.1,"skX":-5.91,"skY":-5.91},"duration":2,"tweenEasing":0},{"transform":{"scX":-0.69,"x":-10.95,"scY":0.69,"y":-61.15,"pX":0,"pY":0,"skX":-6.12,"skY":-6.12},"z":16,"duration":1}],"offset":0},{"name":"鸭子后帽儿03","scale":1,"frame":[{"z":17,"transform":{"scX":-0.69,"x":-0.95,"scY":0.69,"y":-45.75,"pX":0,"pY":0,"skX":0.58,"skY":0.58},"duration":3,"tweenEasing":0},{"transform":{"scX":-0.69,"x":-1.65,"scY":0.69,"y":-43.9,"pX":-0.05,"pY":0.05,"skX":-7.63,"skY":-7.63},"z":17,"duration":2},{"z":17,"transform":{"scX":-0.69,"x":-0.95,"scY":0.69,"y":-56.05,"pX":0,"pY":-0.05,"skX":0.58,"skY":0.58},"duration":4,"tweenEasing":0},{"z":17,"transform":{"scX":-0.69,"x":-0.65,"scY":0.69,"y":-73.7,"pX":-0.05,"pY":0.1,"skX":1.02,"skY":1.02},"duration":6,"tweenEasing":0},{"transform":{"scX":-0.69,"x":-0.95,"scY":0.69,"y":-49.2,"pX":0,"pY":0.1,"skX":0.58,"skY":0.58},"z":17,"duration":1},{"z":17,"transform":{"scX":-0.69,"x":-1.2,"scY":0.69,"y":-43.85,"pX":-0.05,"pY":0,"skX":0.79,"skY":0.79},"duration":2,"tweenEasing":0},{"z":17,"transform":{"scX":-0.69,"x":-0.95,"scY":0.69,"y":-45.75,"pX":0,"pY":0,"skX":0.58,"skY":0.58},"duration":3,"tweenEasing":0},{"transform":{"scX":-0.69,"x":-1.65,"scY":0.69,"y":-43.9,"pX":-0.05,"pY":0.05,"skX":-7.63,"skY":-7.63},"z":17,"duration":2},{"z":17,"transform":{"scX":-0.69,"x":-0.95,"scY":0.69,"y":-56.05,"pX":0,"pY":-0.05,"skX":0.58,"skY":0.58},"duration":4,"tweenEasing":0},{"z":17,"transform":{"scX":-0.69,"x":-0.65,"scY":0.69,"y":-73.7,"pX":-0.05,"pY":0.1,"skX":1.02,"skY":1.02},"duration":6,"tweenEasing":0},{"transform":{"scX":-0.69,"x":-0.95,"scY":0.69,"y":-49.2,"pX":0,"pY":0.1,"skX":0.58,"skY":0.58},"z":17,"duration":1},{"z":17,"transform":{"scX":-0.69,"x":-1.2,"scY":0.69,"y":-43.85,"pX":-0.05,"pY":0,"skX":0.79,"skY":0.79},"duration":2,"tweenEasing":0},{"z":17,"transform":{"scX":-0.69,"x":-0.95,"scY":0.69,"y":-45.75,"pX":0,"pY":0,"skX":0.58,"skY":0.58},"duration":3,"tweenEasing":0},{"transform":{"scX":-0.69,"x":-1.65,"scY":0.69,"y":-43.9,"pX":-0.05,"pY":0.05,"skX":-7.63,"skY":-7.63},"z":17,"duration":2},{"z":17,"transform":{"scX":-0.69,"x":-0.95,"scY":0.69,"y":-56.05,"pX":0,"pY":-0.05,"skX":0.58,"skY":0.58},"duration":4,"tweenEasing":0},{"z":17,"transform":{"scX":-0.69,"x":-0.65,"scY":0.69,"y":-73.7,"pX":-0.05,"pY":0.1,"skX":1.02,"skY":1.02},"duration":6,"tweenEasing":0},{"transform":{"scX":-0.69,"x":-0.95,"scY":0.69,"y":-49.2,"pX":0,"pY":0.1,"skX":0.58,"skY":0.58},"z":17,"duration":1},{"z":17,"transform":{"scX":-0.69,"x":-1.2,"scY":0.69,"y":-43.85,"pX":-0.05,"pY":0,"skX":0.79,"skY":0.79},"duration":2,"tweenEasing":0},{"transform":{"scX":-0.69,"x":-0.95,"scY":0.69,"y":-45.75,"pX":0,"pY":0,"skX":0.58,"skY":0.58},"z":17,"duration":1}],"offset":0},{"name":"鸭子后尾e01","scale":1,"frame":[{"z":18,"transform":{"scX":-0.69,"x":5.9,"scY":0.69,"y":-12.55,"pX":0,"pY":0,"skX":0,"skY":0},"duration":3,"tweenEasing":0},{"transform":{"scX":-0.69,"x":5.9,"scY":0.73,"y":-12.2,"pX":0.05,"pY":0.1,"skX":-10.43,"skY":-15.91},"z":18,"duration":2},{"z":18,"transform":{"scX":-0.69,"x":5.9,"scY":0.69,"y":-22.85,"pX":0,"pY":-0.1,"skX":9.7,"skY":9.7},"duration":4,"tweenEasing":0},{"z":18,"transform":{"scX":-0.69,"x":5.95,"scY":0.69,"y":-40.45,"pX":0,"pY":0.05,"skX":22.89,"skY":22.89},"duration":6,"tweenEasing":0},{"transform":{"scX":-0.69,"x":5.9,"scY":0.69,"y":-15.95,"pX":0,"pY":-0.05,"skX":0,"skY":0},"z":18,"duration":1},{"z":18,"transform":{"scX":-0.69,"x":5.6,"scY":0.69,"y":-10.65,"pX":0.15,"pY":0.05,"skX":8.44,"skY":8.44},"duration":2,"tweenEasing":0},{"z":18,"transform":{"scX":-0.69,"x":5.9,"scY":0.69,"y":-12.55,"pX":0,"pY":0,"skX":0,"skY":0},"duration":3,"tweenEasing":0},{"transform":{"scX":-0.69,"x":5.9,"scY":0.73,"y":-12.2,"pX":0.05,"pY":0.1,"skX":-10.43,"skY":-15.91},"z":18,"duration":2},{"z":18,"transform":{"scX":-0.69,"x":5.9,"scY":0.69,"y":-22.85,"pX":0,"pY":-0.1,"skX":9.7,"skY":9.7},"duration":4,"tweenEasing":0},{"z":18,"transform":{"scX":-0.69,"x":5.95,"scY":0.69,"y":-40.45,"pX":0,"pY":0.05,"skX":22.89,"skY":22.89},"duration":6,"tweenEasing":0},{"transform":{"scX":-0.69,"x":5.9,"scY":0.69,"y":-15.95,"pX":0,"pY":-0.05,"skX":0,"skY":0},"z":18,"duration":1},{"z":18,"transform":{"scX":-0.69,"x":5.6,"scY":0.69,"y":-10.65,"pX":0.15,"pY":0.05,"skX":8.44,"skY":8.44},"duration":2,"tweenEasing":0},{"z":18,"transform":{"scX":-0.69,"x":5.9,"scY":0.69,"y":-12.55,"pX":0,"pY":0,"skX":0,"skY":0},"duration":3,"tweenEasing":0},{"transform":{"scX":-0.69,"x":5.9,"scY":0.73,"y":-12.2,"pX":0.05,"pY":0.1,"skX":-10.43,"skY":-15.91},"z":18,"duration":2},{"z":18,"transform":{"scX":-0.69,"x":5.9,"scY":0.69,"y":-22.85,"pX":0,"pY":-0.1,"skX":9.7,"skY":9.7},"duration":4,"tweenEasing":0},{"z":18,"transform":{"scX":-0.69,"x":5.95,"scY":0.69,"y":-40.45,"pX":0,"pY":0.05,"skX":22.89,"skY":22.89},"duration":6,"tweenEasing":0},{"transform":{"scX":-0.69,"x":5.9,"scY":0.69,"y":-15.95,"pX":0,"pY":-0.05,"skX":0,"skY":0},"z":18,"duration":1},{"z":18,"transform":{"scX":-0.69,"x":5.6,"scY":0.69,"y":-10.65,"pX":0.15,"pY":0.05,"skX":8.44,"skY":8.44},"duration":2,"tweenEasing":0},{"transform":{"scX":-0.69,"x":5.9,"scY":0.69,"y":-12.55,"pX":0,"pY":0,"skX":0,"skY":0},"z":18,"duration":1}],"offset":0},{"name":"鸭子后右翅d20","scale":1,"frame":[{"z":19,"transform":{"scX":-0.69,"x":-11.65,"scY":0.69,"y":-30.8,"pX":0,"pY":0,"skX":0,"skY":0},"duration":3,"tweenEasing":0},{"transform":{"scX":-0.69,"x":-11.65,"scY":0.69,"y":-26.35,"pX":-0.1,"pY":0.05,"skX":24.49,"skY":24.49},"z":19,"duration":2},{"z":19,"transform":{"scX":-0.69,"x":-11.65,"scY":0.69,"y":-41.1,"pX":-0.1,"pY":-0.1,"skX":2.49,"skY":2.49},"duration":4,"tweenEasing":0},{"z":19,"transform":{"scX":-0.69,"x":-12.2,"scY":0.69,"y":-57.35,"pX":-0.2,"pY":-0.15,"skX":31.63,"skY":31.63},"duration":6,"tweenEasing":0},{"transform":{"scX":-0.69,"x":-11.65,"scY":0.69,"y":-34.25,"pX":-0.15,"pY":0.05,"skX":15.46,"skY":15.46},"z":19,"duration":1},{"z":19,"transform":{"scX":-0.69,"x":-11.95,"scY":0.69,"y":-29,"pX":-0.3,"pY":0.1,"skX":9.96,"skY":9.96},"duration":2,"tweenEasing":0},{"z":19,"transform":{"scX":-0.69,"x":-11.65,"scY":0.69,"y":-30.8,"pX":0,"pY":0,"skX":0,"skY":0},"duration":3,"tweenEasing":0},{"transform":{"scX":-0.69,"x":-11.65,"scY":0.69,"y":-26.35,"pX":-0.1,"pY":0.05,"skX":24.49,"skY":24.49},"z":19,"duration":2},{"z":19,"transform":{"scX":-0.69,"x":-11.65,"scY":0.69,"y":-41.1,"pX":-0.1,"pY":-0.1,"skX":2.49,"skY":2.49},"duration":4,"tweenEasing":0},{"z":19,"transform":{"scX":-0.69,"x":-12.2,"scY":0.69,"y":-57.35,"pX":-0.2,"pY":-0.15,"skX":31.63,"skY":31.63},"duration":6,"tweenEasing":0},{"transform":{"scX":-0.69,"x":-11.65,"scY":0.69,"y":-34.25,"pX":-0.15,"pY":0.05,"skX":15.46,"skY":15.46},"z":19,"duration":1},{"z":19,"transform":{"scX":-0.69,"x":-11.95,"scY":0.69,"y":-29,"pX":-0.3,"pY":0.1,"skX":9.96,"skY":9.96},"duration":2,"tweenEasing":0},{"z":19,"transform":{"scX":-0.69,"x":-11.65,"scY":0.69,"y":-30.8,"pX":0,"pY":0,"skX":0,"skY":0},"duration":3,"tweenEasing":0},{"transform":{"scX":-0.69,"x":-11.65,"scY":0.69,"y":-26.35,"pX":-0.1,"pY":0.05,"skX":24.49,"skY":24.49},"z":19,"duration":2},{"z":19,"transform":{"scX":-0.69,"x":-11.65,"scY":0.69,"y":-41.1,"pX":-0.1,"pY":-0.1,"skX":2.49,"skY":2.49},"duration":4,"tweenEasing":0},{"z":19,"transform":{"scX":-0.69,"x":-12.2,"scY":0.69,"y":-57.35,"pX":-0.2,"pY":-0.15,"skX":31.63,"skY":31.63},"duration":6,"tweenEasing":0},{"transform":{"scX":-0.69,"x":-11.65,"scY":0.69,"y":-34.25,"pX":-0.15,"pY":0.05,"skX":15.46,"skY":15.46},"z":19,"duration":1},{"z":19,"transform":{"scX":-0.69,"x":-11.95,"scY":0.69,"y":-29,"pX":-0.3,"pY":0.1,"skX":9.96,"skY":9.96},"duration":2,"tweenEasing":0},{"transform":{"scX":-0.69,"x":-11.65,"scY":0.69,"y":-30.8,"pX":0,"pY":0,"skX":0,"skY":0},"z":19,"duration":1}],"offset":0},{"name":"鸭子后围巾","scale":1,"frame":[{"z":20,"transform":{"scX":-0.69,"x":2.3,"scY":0.69,"y":-29.25,"pX":0,"pY":0,"skX":0,"skY":0},"duration":3,"tweenEasing":0},{"transform":{"scX":-0.71,"x":2.6,"scY":0.69,"y":-27.8,"pX":0,"pY":-0.05,"skX":-4.74,"skY":-4.74},"z":20,"duration":2},{"z":20,"transform":{"scX":-0.69,"x":2.3,"scY":0.69,"y":-39.6,"pX":0,"pY":0.05,"skX":0,"skY":0},"duration":4,"tweenEasing":0},{"z":20,"transform":{"scX":-0.69,"x":2.45,"scY":0.69,"y":-57.2,"pX":-0.05,"pY":0.15,"skX":0.45,"skY":0.45},"duration":6,"tweenEasing":0},{"transform":{"scX":-0.69,"x":2.3,"scY":0.69,"y":-32.7,"pX":0,"pY":0,"skX":0,"skY":0},"z":20,"duration":1},{"z":20,"transform":{"scX":-0.69,"x":2,"scY":0.69,"y":-27.35,"pX":-0.2,"pY":0,"skX":0.21,"skY":0.21},"duration":2,"tweenEasing":0},{"z":20,"transform":{"scX":-0.69,"x":2.3,"scY":0.69,"y":-29.25,"pX":0,"pY":0,"skX":0,"skY":0},"duration":3,"tweenEasing":0},{"transform":{"scX":-0.71,"x":2.6,"scY":0.69,"y":-27.8,"pX":0,"pY":-0.05,"skX":-4.74,"skY":-4.74},"z":20,"duration":2},{"z":20,"transform":{"scX":-0.69,"x":2.3,"scY":0.69,"y":-39.6,"pX":0,"pY":0.05,"skX":0,"skY":0},"duration":4,"tweenEasing":0},{"z":20,"transform":{"scX":-0.69,"x":2.45,"scY":0.69,"y":-57.2,"pX":-0.05,"pY":0.15,"skX":0.45,"skY":0.45},"duration":6,"tweenEasing":0},{"transform":{"scX":-0.69,"x":2.3,"scY":0.69,"y":-32.7,"pX":0,"pY":0,"skX":0,"skY":0},"z":20,"duration":1},{"z":20,"transform":{"scX":-0.69,"x":2,"scY":0.69,"y":-27.35,"pX":-0.2,"pY":0,"skX":0.21,"skY":0.21},"duration":2,"tweenEasing":0},{"z":20,"transform":{"scX":-0.69,"x":2.3,"scY":0.69,"y":-29.25,"pX":0,"pY":0,"skX":0,"skY":0},"duration":3,"tweenEasing":0},{"transform":{"scX":-0.71,"x":2.6,"scY":0.69,"y":-27.8,"pX":0,"pY":-0.05,"skX":-4.74,"skY":-4.74},"z":20,"duration":2},{"z":20,"transform":{"scX":-0.69,"x":2.3,"scY":0.69,"y":-39.6,"pX":0,"pY":0.05,"skX":0,"skY":0},"duration":4,"tweenEasing":0},{"z":20,"transform":{"scX":-0.69,"x":2.45,"scY":0.69,"y":-57.2,"pX":-0.05,"pY":0.15,"skX":0.45,"skY":0.45},"duration":6,"tweenEasing":0},{"transform":{"scX":-0.69,"x":2.3,"scY":0.69,"y":-32.7,"pX":0,"pY":0,"skX":0,"skY":0},"z":20,"duration":1},{"z":20,"transform":{"scX":-0.69,"x":2,"scY":0.69,"y":-27.35,"pX":-0.2,"pY":0,"skX":0.21,"skY":0.21},"duration":2,"tweenEasing":0},{"transform":{"scX":-0.69,"x":2.3,"scY":0.69,"y":-29.25,"pX":0,"pY":0,"skX":0,"skY":0},"z":20,"duration":1}],"offset":0}],"scale":1,"loop":0,"autoTween":0,"name":"standB","duration":55,"tweenEasing":null}]}],"name":"game.living.Living392","frameRate":24,"version":2.3}