{"armature":[{"skin":[{"name":"default","slot":[{"name":"nghfnjffn","z":10,"display":[{"transform":{"scX":1,"x":0,"scY":1,"y":0,"pX":12.5,"pY":23.5,"skX":0,"skY":0},"name":"Living406/gfwgerdss001","type":"image"},{"transform":{"scX":1,"x":0.05,"scY":1,"y":0,"pX":36.55,"pY":20.45,"skX":0,"skY":0},"name":"Living406/gfwgerdss002","type":"image"},{"transform":{"scX":1,"x":0,"scY":1,"y":0,"pX":28.55,"pY":22.7,"skX":0,"skY":0},"name":"Living406/gfwgerdss003","type":"image"},{"transform":{"scX":1,"x":0.05,"scY":1,"y":0.05,"pX":18.6,"pY":25.95,"skX":0,"skY":0},"name":"Living406/gfwgerdss004","type":"image"},{"transform":{"scX":1,"x":0,"scY":1,"y":0,"pX":16.5,"pY":24,"skX":0,"skY":0},"name":"Living406/gfwgerdss006","type":"image"},{"transform":{"scX":1,"x":0.05,"scY":1,"y":0,"pX":19.75,"pY":18.2,"skX":0,"skY":0},"name":"Living406/gfwgerdss007","type":"image"}],"parent":"nghfnjffn"},{"name":"dgerr","z":11,"display":[{"transform":{"scX":1,"x":0,"scY":1,"y":0,"pX":24.5,"pY":16,"skX":0,"skY":0},"name":"Living406/kwhkfgdsqw001","type":"image"},{"transform":{"scX":1,"x":0,"scY":1,"y":0,"pX":25,"pY":16,"skX":0,"skY":0},"name":"Living406/kwhkfgdsqw002","type":"image"},{"transform":{"scX":1,"x":0,"scY":1,"y":0,"pX":27.05,"pY":18.9,"skX":0,"skY":0},"name":"Living406/kwhkfgdsqw003","type":"image"},{"transform":{"scX":1,"x":0,"scY":1,"y":0,"pX":25.6,"pY":16.75,"skX":0,"skY":0},"name":"Living406/kwhkfgdsqw004","type":"image"},{"transform":{"scX":1,"x":0,"scY":1,"y":0,"pX":25.05,"pY":19,"skX":0,"skY":0},"name":"Living406/kwhkfgdsqw005","type":"image"},{"transform":{"scX":1,"x":0,"scY":1,"y":0.05,"pX":25.85,"pY":18.2,"skX":0,"skY":0},"name":"Living406/kwhkfgdsqw006","type":"image"}],"parent":"dgerr"},{"name":"bbbrid007","z":12,"display":[{"transform":{"scX":1,"x":0,"scY":1,"y":0,"pX":42.25,"pY":29.5,"skX":0,"skY":0},"name":"Living406/hbbbrid007","type":"image"}],"parent":"bbbrid007"},{"name":"bbbrid005","z":13,"display":[{"transform":{"scX":1,"x":-2.75,"scY":1,"y":1.5,"pX":7,"pY":6,"skX":0,"skY":0},"name":"Living406/hbbbrid005","type":"image"}],"parent":"bbbrid005"},{"name":"bbbrid004","z":14,"display":[{"transform":{"scX":1,"x":-6.5,"scY":1,"y":3.5,"pX":10.5,"pY":13.5,"skX":0,"skY":0},"name":"Living406/hbbbrid004","type":"image"}],"parent":"bbbrid004"},{"name":"bbbrid020","z":15,"display":[{"transform":{"scX":1,"x":-3.8,"scY":1,"y":6.5,"pX":9.5,"pY":9.5,"skX":0,"skY":0},"name":"Living406/hbbbrid020","type":"image"}],"parent":"bbbrid020"},{"name":"bbbrid006","z":16,"display":[{"transform":{"scX":1,"x":0.95,"scY":1,"y":1.85,"pX":7.75,"pY":23,"skX":0,"skY":0},"name":"Living406/hbbbrid006","type":"image"}],"parent":"bbbrid006"},{"name":"bbbrid002","z":17,"display":[{"transform":{"scX":1,"x":-2,"scY":1,"y":1.25,"pX":4,"pY":4.5,"skX":0,"skY":0},"name":"Living406/hbbbrid002","type":"image"}],"parent":"bbbrid002"},{"name":"sffef","z":18,"display":[{"transform":{"scX":1,"x":24.55,"scY":1,"y":-19.75,"pX":27,"pY":29.5,"skX":0,"skY":0},"name":"Living406/fhjfsjf001","type":"image"},{"transform":{"scX":1,"x":29.75,"scY":1,"y":-13.8,"pX":37.4,"pY":27.95,"skX":0,"skY":0},"name":"Living406/fhjfsjf002","type":"image"},{"transform":{"scX":1,"x":28.6,"scY":1,"y":12.2,"pX":32.8,"pY":18.05,"skX":0,"skY":0},"name":"Living406/fhjfsjf003","type":"image"},{"transform":{"scX":1,"x":0,"scY":1,"y":0,"pX":27.5,"pY":32.75,"skX":0,"skY":0},"name":"Living406/fhjfsjf004","type":"image"},{"transform":{"scX":1,"x":0,"scY":1,"y":0,"pX":22.5,"pY":23.2,"skX":0,"skY":0},"name":"Living406/fhjfsjf005","type":"image"},{"transform":{"scX":1,"x":17.8,"scY":1,"y":2.85,"pX":22.5,"pY":26.5,"skX":0,"skY":0},"name":"Living406/fhjfsjf006","type":"image"}],"parent":"sffef"},{"name":"fewfefe","z":19,"display":[{"transform":{"scX":1,"x":-6.5,"scY":1,"y":-3.5,"pX":0,"pY":0,"skX":0,"skY":0},"name":"Living406/dfefe","type":"image"},{"transform":{"scX":1,"x":-6.5,"scY":1,"y":-5,"pX":0,"pY":0,"skX":0,"skY":0},"name":"Living406/wfweffew","type":"image"}],"parent":"fewfefe"},{"name":"bbbrid018","z":0,"display":[{"transform":{"scX":1,"x":0,"scY":1,"y":0,"pX":7,"pY":4,"skX":0,"skY":0},"name":"Living406/hbbbrid018","type":"image"}],"parent":"bbbrid018"},{"name":"bbbrid017","z":1,"display":[{"transform":{"scX":1,"x":0,"scY":1,"y":0,"pX":10.5,"pY":8.5,"skX":0,"skY":0},"name":"Living406/hbbbrid017","type":"image"}],"parent":"bbbrid017"},{"name":"bbbrid015","z":2,"display":[{"transform":{"scX":1,"x":0.8,"scY":1,"y":1.75,"pX":4.5,"pY":5,"skX":0,"skY":0},"name":"Living406/hbbbrid015","type":"image"}],"parent":"bbbrid015"},{"name":"rgbndf","z":3,"display":[{"transform":{"scX":1,"x":0,"scY":1,"y":0,"pX":12,"pY":26.5,"skX":0,"skY":0},"name":"Living406/kfkegk001","type":"image"},{"transform":{"scX":1,"x":0.05,"scY":1,"y":0,"pX":25.65,"pY":27.25,"skX":0,"skY":0},"name":"Living406/kfkegk002","type":"image"},{"transform":{"scX":1,"x":0,"scY":1,"y":0,"pX":23.55,"pY":16.2,"skX":0,"skY":0},"name":"Living406/kfkegk003","type":"image"},{"transform":{"scX":1,"x":0,"scY":1,"y":0,"pX":13.3,"pY":28.6,"skX":0,"skY":0},"name":"Living406/kfkegk004","type":"image"},{"transform":{"scX":1,"x":0,"scY":1,"y":0,"pX":15.15,"pY":23.15,"skX":0,"skY":0},"name":"Living406/kfkegk005","type":"image"},{"transform":{"scX":1,"x":0,"scY":1,"y":0,"pX":13.5,"pY":15.7,"skX":0,"skY":0},"name":"Living406/kfkegk006","type":"image"}],"parent":"rgbndf"},{"name":"bbbrid013","z":4,"display":[{"transform":{"scX":1,"x":-25,"scY":1,"y":-21.5,"pX":-2.1,"pY":32.05,"skX":0,"skY":0},"name":"Living406/hbbbrid013","type":"image"}],"parent":"bbbrid013"},{"name":"bbbrid012","z":5,"display":[{"transform":{"scX":1,"x":-14.75,"scY":1,"y":-10.2,"pX":18.5,"pY":15.5,"skX":0,"skY":0},"name":"Living406/hbbbrid012","type":"image"}],"parent":"bbbrid012"},{"name":"dsfrbfdbd","z":6,"display":[{"transform":{"scX":1,"x":0,"scY":1,"y":0,"pX":27,"pY":18.5,"skX":0,"skY":0},"name":"Living406/fesfgswkbgn001","type":"image"},{"transform":{"scX":1,"x":0.05,"scY":1,"y":0,"pX":25.15,"pY":15.7,"skX":0,"skY":0},"name":"Living406/fesfgswkbgn002","type":"image"},{"transform":{"scX":1,"x":0,"scY":1,"y":0,"pX":26.4,"pY":17.85,"skX":0,"skY":0},"name":"Living406/fesfgswkbgn003","type":"image"},{"transform":{"scX":1,"x":0,"scY":1,"y":0,"pX":24,"pY":16.5,"skX":0,"skY":0},"name":"Living406/fesfgswkbgn004","type":"image"},{"transform":{"scX":1,"x":0,"scY":1,"y":0.05,"pX":28.8,"pY":23.35,"skX":0,"skY":0},"name":"Living406/fesfgswkbgn005","type":"image"},{"transform":{"scX":1,"x":0,"scY":1,"y":0,"pX":27.55,"pY":21.55,"skX":0,"skY":0},"name":"Living406/fesfgswkbgn006","type":"image"}],"parent":"dsfrbfdbd"},{"name":"sw","z":7,"display":[{"transform":{"scX":1,"x":0,"scY":1,"y":0,"pX":8.05,"pY":7.6,"skX":0,"skY":0},"name":"Living406/sfsgrgrsds","type":"image"}],"parent":"sw"},{"name":"bbbrid016","z":8,"display":[{"transform":{"scX":1,"x":4,"scY":1,"y":6.25,"pX":10,"pY":9.5,"skX":0,"skY":0},"name":"Living406/hbbbrid016","type":"image"}],"parent":"bbbrid016"},{"name":"dgvrgg","z":9,"display":[{"transform":{"scX":1,"x":0,"scY":1,"y":0,"pX":27,"pY":29.5,"skX":0,"skY":0},"name":"Living406/wfhgvsg001","type":"image"},{"transform":{"scX":1,"x":0,"scY":1,"y":0,"pX":37.55,"pY":31.95,"skX":0,"skY":0},"name":"Living406/wfhgvsg002","type":"image"},{"transform":{"scX":1,"x":0,"scY":1,"y":0,"pX":30.55,"pY":18.25,"skX":0,"skY":0},"name":"Living406/wfhgvsg003","type":"image"},{"transform":{"scX":1,"x":0,"scY":1,"y":0,"pX":17.15,"pY":30.4,"skX":0,"skY":0},"name":"Living406/wfhgvsg004","type":"image"},{"transform":{"scX":1,"x":0.05,"scY":1,"y":0,"pX":19,"pY":22.1,"skX":0,"skY":0},"name":"Living406/wfhgvsg005","type":"image"},{"transform":{"scX":1,"x":0.05,"scY":1,"y":0,"pX":20.75,"pY":20.35,"skX":0,"skY":0},"name":"Living406/wfhgvsg006","type":"image"}],"parent":"dgvrgg"}]}],"name":"game.living.Living406","bone":[{"transform":{"scX":1,"x":-12.25,"skX":-18.07,"scY":1,"y":-66.25,"skY":-18.07},"name":"nghfnjffn"},{"transform":{"scX":1,"x":37.75,"skX":0,"scY":1,"y":-14,"skY":0},"name":"dgerr"},{"transform":{"scX":0.95,"x":14.05,"skX":0,"scY":0.95,"y":-38.45,"skY":0},"name":"bbbrid007"},{"transform":{"scX":1,"x":-13,"skX":0,"scY":1,"y":-39,"skY":0},"name":"bbbrid005"},{"transform":{"scX":1,"x":-12.75,"skX":0,"scY":1,"y":-43.5,"skY":0},"name":"bbbrid004"},{"transform":{"scX":0.95,"x":11.95,"skX":0,"scY":0.95,"y":-19.45,"skY":0},"name":"bbbrid020"},{"transform":{"scX":0.95,"x":-17.65,"skX":-8.63,"scY":0.95,"y":-53,"skY":-8.3},"name":"bbbrid006"},{"transform":{"scX":0.95,"x":-8.25,"skX":0,"scY":0.95,"y":-12.55,"skY":0},"name":"bbbrid002"},{"transform":{"scX":1,"x":5.45,"skX":-16.48,"scY":1,"y":-36.5,"skY":-16.48},"name":"sffef"},{"transform":{"scX":1.04,"x":-4.65,"skX":0,"scY":1,"y":-55.6,"skY":0},"name":"fewfefe"},{"transform":{"scX":-0.95,"x":-17.75,"skX":0,"scY":0.95,"y":-36.55,"skY":0},"name":"bbbrid018"},{"transform":{"scX":-0.95,"x":-20.1,"skX":0,"scY":0.95,"y":-40.8,"skY":0},"name":"bbbrid017"},{"transform":{"scX":-0.95,"x":9.1,"skX":0,"scY":0.95,"y":-12.55,"skY":0},"name":"bbbrid015"},{"transform":{"scX":-1,"x":20.9,"skX":0,"scY":1,"y":-56,"skY":0},"name":"rgbndf"},{"transform":{"scX":-0.95,"x":2.2,"skX":0,"scY":0.95,"y":-15.15,"skY":0},"name":"bbbrid013"},{"transform":{"scX":-0.94,"x":-20.85,"skX":-6.98,"scY":0.95,"y":-49.25,"skY":-5.95},"name":"bbbrid012"},{"transform":{"scX":-1,"x":37.85,"skX":0,"scY":1,"y":-11,"skY":0},"name":"dsfrbfdbd"},{"transform":{"scX":1,"x":15.7,"skX":0,"scY":1,"y":-24.45,"skY":0},"name":"sw"},{"transform":{"scX":-0.95,"x":-4.9,"skX":0,"scY":0.95,"y":-13.75,"skY":0},"name":"bbbrid016"},{"transform":{"scX":-1,"x":-22.65,"skX":0,"scY":1,"y":-49.5,"skY":0},"name":"dgvrgg"}],"animation":[{"fadeInTime":0,"timeline":[{"name":"nghfnjffn","scale":1,"frame":[{"transform":{"scX":1,"x":-12.25,"scY":1,"y":-66.25,"pX":0,"pY":0,"skX":-18.07,"skY":-18.07},"z":10,"duration":1},{"transform":{"scX":1,"x":-12.25,"scY":1,"y":-67,"pX":0,"pY":0,"skX":-18.07,"skY":-18.07},"z":10,"duration":1},{"transform":{"scX":1,"x":-8.55,"scY":1,"y":-42.75,"pX":4.05,"pY":-24.2,"skX":-30.07,"skY":-30.07},"z":10,"duration":1},{"z":10,"displayIndex":1,"transform":{"scX":1,"x":-35,"scY":1,"y":-56.15,"pX":0,"pY":0,"skX":6.04,"skY":6.04},"duration":1},{"z":10,"displayIndex":1,"transform":{"scX":1,"x":-9.75,"scY":1,"y":-43.25,"pX":-25.1,"pY":-13.25,"skX":-33.41,"skY":-33.41},"duration":1},{"z":10,"displayIndex":2,"transform":{"scX":1,"x":-22.2,"scY":1,"y":-21.15,"pX":0,"pY":0,"skX":-33.7,"skY":-33.7},"duration":1},{"z":10,"displayIndex":3,"transform":{"scX":1,"x":-14.65,"scY":1,"y":-18.85,"pX":0,"pY":0,"skX":-24.74,"skY":-24.74},"duration":1},{"z":10,"displayIndex":4,"transform":{"scX":1,"x":-23.45,"scY":1,"y":-26.35,"pX":0,"pY":0,"skX":0,"skY":0},"duration":1},{"z":10,"displayIndex":4,"transform":{"scX":1,"x":-30.7,"scY":1,"y":-28.85,"pX":0,"pY":0,"skX":20.74,"skY":20.74},"duration":1},{"z":10,"displayIndex":5,"transform":{"scX":1,"x":-29.2,"scY":1,"y":-43.15,"pX":0,"pY":0,"skX":0,"skY":0},"duration":1},{"transform":{"scX":1,"x":-12.25,"scY":1,"y":-66.25,"pX":0,"pY":0,"skX":-18.07,"skY":-18.07},"z":10,"duration":1},{"transform":{"scX":1,"x":-12.25,"scY":1,"y":-67,"pX":0,"pY":0,"skX":-18.07,"skY":-18.07},"z":10,"duration":1},{"transform":{"scX":1,"x":-8.55,"scY":1,"y":-42.75,"pX":4.05,"pY":-24.2,"skX":-30.07,"skY":-30.07},"z":10,"duration":1},{"z":10,"displayIndex":1,"transform":{"scX":1,"x":-35,"scY":1,"y":-56.15,"pX":0,"pY":0,"skX":6.04,"skY":6.04},"duration":1},{"z":10,"displayIndex":1,"transform":{"scX":1,"x":-9.75,"scY":1,"y":-43.25,"pX":-25.1,"pY":-13.25,"skX":-33.41,"skY":-33.41},"duration":1},{"z":10,"displayIndex":2,"transform":{"scX":1,"x":-22.2,"scY":1,"y":-21.15,"pX":0,"pY":0,"skX":-33.7,"skY":-33.7},"duration":1},{"z":10,"displayIndex":3,"transform":{"scX":1,"x":-14.65,"scY":1,"y":-18.85,"pX":0,"pY":0,"skX":-24.74,"skY":-24.74},"duration":1},{"z":10,"displayIndex":4,"transform":{"scX":1,"x":-23.45,"scY":1,"y":-26.35,"pX":0,"pY":0,"skX":0,"skY":0},"duration":1},{"z":10,"displayIndex":4,"transform":{"scX":1,"x":-30.7,"scY":1,"y":-28.85,"pX":0,"pY":0,"skX":20.74,"skY":20.74},"duration":1},{"z":10,"displayIndex":5,"transform":{"scX":1,"x":-29.2,"scY":1,"y":-43.15,"pX":0,"pY":0,"skX":0,"skY":0},"duration":1},{"transform":{"scX":1,"x":-12.25,"scY":1,"y":-66.25,"pX":0,"pY":0,"skX":-18.07,"skY":-18.07},"z":10,"duration":1},{"transform":{"scX":1,"x":-12.25,"scY":1,"y":-67,"pX":0,"pY":0,"skX":-18.07,"skY":-18.07},"z":10,"duration":1},{"transform":{"scX":1,"x":-8.55,"scY":1,"y":-42.75,"pX":4.05,"pY":-24.2,"skX":-30.07,"skY":-30.07},"z":10,"duration":1},{"z":10,"displayIndex":1,"transform":{"scX":1,"x":-35,"scY":1,"y":-56.15,"pX":0,"pY":0,"skX":6.04,"skY":6.04},"duration":1},{"z":10,"displayIndex":1,"transform":{"scX":1,"x":-9.75,"scY":1,"y":-43.25,"pX":-25.1,"pY":-13.25,"skX":-33.41,"skY":-33.41},"duration":1},{"z":10,"displayIndex":2,"transform":{"scX":1,"x":-22.2,"scY":1,"y":-21.15,"pX":0,"pY":0,"skX":-33.7,"skY":-33.7},"duration":1},{"z":10,"displayIndex":3,"transform":{"scX":1,"x":-14.65,"scY":1,"y":-18.85,"pX":0,"pY":0,"skX":-24.74,"skY":-24.74},"duration":1},{"z":10,"displayIndex":4,"transform":{"scX":1,"x":-23.45,"scY":1,"y":-26.35,"pX":0,"pY":0,"skX":0,"skY":0},"duration":1},{"z":10,"displayIndex":4,"transform":{"scX":1,"x":-30.7,"scY":1,"y":-28.85,"pX":0,"pY":0,"skX":20.74,"skY":20.74},"duration":1},{"z":10,"displayIndex":5,"transform":{"scX":1,"x":-29.2,"scY":1,"y":-43.15,"pX":0,"pY":0,"skX":0,"skY":0},"duration":1},{"transform":{"scX":1,"x":-12.25,"scY":1,"y":-66.25,"pX":0,"pY":0,"skX":-18.07,"skY":-18.07},"z":10,"duration":1},{"transform":{"scX":1,"x":-12.25,"scY":1,"y":-67,"pX":0,"pY":0,"skX":-18.07,"skY":-18.07},"z":10,"duration":1},{"transform":{"scX":1,"x":-8.55,"scY":1,"y":-42.75,"pX":4.05,"pY":-24.2,"skX":-30.07,"skY":-30.07},"z":10,"duration":1},{"z":10,"displayIndex":1,"transform":{"scX":1,"x":-35,"scY":1,"y":-56.15,"pX":0,"pY":0,"skX":6.04,"skY":6.04},"duration":1},{"z":10,"displayIndex":1,"transform":{"scX":1,"x":-9.75,"scY":1,"y":-43.25,"pX":-25.1,"pY":-13.25,"skX":-33.41,"skY":-33.41},"duration":1},{"z":10,"displayIndex":2,"transform":{"scX":1,"x":-22.2,"scY":1,"y":-21.15,"pX":0,"pY":0,"skX":-33.7,"skY":-33.7},"duration":1},{"z":10,"displayIndex":3,"transform":{"scX":1,"x":-14.65,"scY":1,"y":-18.85,"pX":0,"pY":0,"skX":-24.74,"skY":-24.74},"duration":1},{"z":10,"displayIndex":4,"transform":{"scX":1,"x":-23.45,"scY":1,"y":-26.35,"pX":0,"pY":0,"skX":0,"skY":0},"duration":1},{"z":10,"displayIndex":4,"transform":{"scX":1,"x":-30.7,"scY":1,"y":-28.85,"pX":0,"pY":0,"skX":20.74,"skY":20.74},"duration":1},{"z":10,"displayIndex":5,"transform":{"scX":1,"x":-29.2,"scY":1,"y":-43.15,"pX":0,"pY":0,"skX":0,"skY":0},"duration":1},{"transform":{"scX":1,"x":-12.25,"scY":1,"y":-66.25,"pX":0,"pY":0,"skX":-18.07,"skY":-18.07},"z":10,"duration":1},{"transform":{"scX":1,"x":-12.25,"scY":1,"y":-67,"pX":0,"pY":0,"skX":-18.07,"skY":-18.07},"z":10,"duration":1},{"transform":{"scX":1,"x":-8.55,"scY":1,"y":-42.75,"pX":4.05,"pY":-24.2,"skX":-30.07,"skY":-30.07},"z":10,"duration":1},{"z":10,"displayIndex":1,"transform":{"scX":1,"x":-35,"scY":1,"y":-56.15,"pX":0,"pY":0,"skX":6.04,"skY":6.04},"duration":1},{"z":10,"displayIndex":1,"transform":{"scX":1,"x":-9.75,"scY":1,"y":-43.25,"pX":-25.1,"pY":-13.25,"skX":-33.41,"skY":-33.41},"duration":1},{"z":10,"displayIndex":2,"transform":{"scX":1,"x":-22.2,"scY":1,"y":-21.15,"pX":0,"pY":0,"skX":-33.7,"skY":-33.7},"duration":1},{"z":10,"displayIndex":3,"transform":{"scX":1,"x":-14.65,"scY":1,"y":-18.85,"pX":0,"pY":0,"skX":-24.74,"skY":-24.74},"duration":1},{"z":10,"displayIndex":4,"transform":{"scX":1,"x":-23.45,"scY":1,"y":-26.35,"pX":0,"pY":0,"skX":0,"skY":0},"duration":1},{"z":10,"displayIndex":4,"transform":{"scX":1,"x":-30.7,"scY":1,"y":-28.85,"pX":0,"pY":0,"skX":20.74,"skY":20.74},"duration":1},{"z":10,"displayIndex":5,"transform":{"scX":1,"x":-29.2,"scY":1,"y":-43.15,"pX":0,"pY":0,"skX":0,"skY":0},"duration":1},{"transform":{"scX":1,"x":-12.25,"scY":1,"y":-66.25,"pX":0,"pY":0,"skX":-18.07,"skY":-18.07},"z":10,"duration":1}],"offset":0},{"name":"dgerr","scale":1,"frame":[{"transform":{"scX":1,"x":37.75,"scY":1,"y":-14,"pX":0,"pY":0,"skX":0,"skY":0},"z":11,"duration":1},{"transform":{"scX":1,"x":37.75,"scY":1,"y":-15.25,"pX":0,"pY":0,"skX":0,"skY":0},"z":11,"duration":1},{"z":11,"displayIndex":1,"transform":{"scX":1,"x":35.5,"scY":1,"y":-14.5,"pX":0,"pY":0,"skX":0,"skY":0},"duration":1},{"z":11,"displayIndex":1,"transform":{"scX":1,"x":35.5,"scY":1,"y":-14.75,"pX":0,"pY":0,"skX":0,"skY":0},"duration":1},{"z":11,"displayIndex":2,"transform":{"scX":1,"x":30.95,"scY":1,"y":-13.75,"pX":0,"pY":0,"skX":0,"skY":0},"duration":1},{"z":11,"displayIndex":2,"transform":{"scX":1,"x":31.7,"scY":1,"y":-14.5,"pX":0,"pY":0,"skX":0,"skY":0},"duration":1},{"z":11,"displayIndex":3,"transform":{"scX":1,"x":32.2,"scY":1,"y":-15.2,"pX":0,"pY":0,"skX":0,"skY":0},"duration":1},{"z":11,"displayIndex":3,"transform":{"scX":1,"x":32.45,"scY":1,"y":-14.45,"pX":0,"pY":0,"skX":0,"skY":0},"duration":1},{"z":11,"displayIndex":4,"transform":{"scX":1,"x":37.85,"scY":1,"y":-21.4,"pX":0,"pY":0,"skX":0,"skY":0},"duration":1},{"z":11,"displayIndex":5,"transform":{"scX":1,"x":38.05,"scY":1,"y":-17.25,"pX":0,"pY":0,"skX":0,"skY":0},"duration":1},{"transform":{"scX":1,"x":37.75,"scY":1,"y":-14,"pX":0,"pY":0,"skX":0,"skY":0},"z":11,"duration":1},{"transform":{"scX":1,"x":37.75,"scY":1,"y":-15.25,"pX":0,"pY":0,"skX":0,"skY":0},"z":11,"duration":1},{"z":11,"displayIndex":1,"transform":{"scX":1,"x":35.5,"scY":1,"y":-14.5,"pX":0,"pY":0,"skX":0,"skY":0},"duration":1},{"z":11,"displayIndex":1,"transform":{"scX":1,"x":35.5,"scY":1,"y":-14.75,"pX":0,"pY":0,"skX":0,"skY":0},"duration":1},{"z":11,"displayIndex":2,"transform":{"scX":1,"x":30.95,"scY":1,"y":-13.75,"pX":0,"pY":0,"skX":0,"skY":0},"duration":1},{"z":11,"displayIndex":2,"transform":{"scX":1,"x":31.7,"scY":1,"y":-14.5,"pX":0,"pY":0,"skX":0,"skY":0},"duration":1},{"z":11,"displayIndex":3,"transform":{"scX":1,"x":32.2,"scY":1,"y":-15.2,"pX":0,"pY":0,"skX":0,"skY":0},"duration":1},{"z":11,"displayIndex":3,"transform":{"scX":1,"x":32.45,"scY":1,"y":-14.45,"pX":0,"pY":0,"skX":0,"skY":0},"duration":1},{"z":11,"displayIndex":4,"transform":{"scX":1,"x":37.85,"scY":1,"y":-21.4,"pX":0,"pY":0,"skX":0,"skY":0},"duration":1},{"z":11,"displayIndex":5,"transform":{"scX":1,"x":38.05,"scY":1,"y":-17.25,"pX":0,"pY":0,"skX":0,"skY":0},"duration":1},{"transform":{"scX":1,"x":37.75,"scY":1,"y":-14,"pX":0,"pY":0,"skX":0,"skY":0},"z":11,"duration":1},{"transform":{"scX":1,"x":37.75,"scY":1,"y":-15.25,"pX":0,"pY":0,"skX":0,"skY":0},"z":11,"duration":1},{"z":11,"displayIndex":1,"transform":{"scX":1,"x":35.5,"scY":1,"y":-14.5,"pX":0,"pY":0,"skX":0,"skY":0},"duration":1},{"z":11,"displayIndex":1,"transform":{"scX":1,"x":35.5,"scY":1,"y":-14.75,"pX":0,"pY":0,"skX":0,"skY":0},"duration":1},{"z":11,"displayIndex":2,"transform":{"scX":1,"x":30.95,"scY":1,"y":-13.75,"pX":0,"pY":0,"skX":0,"skY":0},"duration":1},{"z":11,"displayIndex":2,"transform":{"scX":1,"x":31.7,"scY":1,"y":-14.5,"pX":0,"pY":0,"skX":0,"skY":0},"duration":1},{"z":11,"displayIndex":3,"transform":{"scX":1,"x":32.2,"scY":1,"y":-15.2,"pX":0,"pY":0,"skX":0,"skY":0},"duration":1},{"z":11,"displayIndex":3,"transform":{"scX":1,"x":32.45,"scY":1,"y":-14.45,"pX":0,"pY":0,"skX":0,"skY":0},"duration":1},{"z":11,"displayIndex":4,"transform":{"scX":1,"x":37.85,"scY":1,"y":-21.4,"pX":0,"pY":0,"skX":0,"skY":0},"duration":1},{"z":11,"displayIndex":5,"transform":{"scX":1,"x":38.05,"scY":1,"y":-17.25,"pX":0,"pY":0,"skX":0,"skY":0},"duration":1},{"transform":{"scX":1,"x":37.75,"scY":1,"y":-14,"pX":0,"pY":0,"skX":0,"skY":0},"z":11,"duration":1},{"transform":{"scX":1,"x":37.75,"scY":1,"y":-15.25,"pX":0,"pY":0,"skX":0,"skY":0},"z":11,"duration":1},{"z":11,"displayIndex":1,"transform":{"scX":1,"x":35.5,"scY":1,"y":-14.5,"pX":0,"pY":0,"skX":0,"skY":0},"duration":1},{"z":11,"displayIndex":1,"transform":{"scX":1,"x":35.5,"scY":1,"y":-14.75,"pX":0,"pY":0,"skX":0,"skY":0},"duration":1},{"z":11,"displayIndex":2,"transform":{"scX":1,"x":30.95,"scY":1,"y":-13.75,"pX":0,"pY":0,"skX":0,"skY":0},"duration":1},{"z":11,"displayIndex":2,"transform":{"scX":1,"x":31.7,"scY":1,"y":-14.5,"pX":0,"pY":0,"skX":0,"skY":0},"duration":1},{"z":11,"displayIndex":3,"transform":{"scX":1,"x":32.2,"scY":1,"y":-15.2,"pX":0,"pY":0,"skX":0,"skY":0},"duration":1},{"z":11,"displayIndex":3,"transform":{"scX":1,"x":32.45,"scY":1,"y":-14.45,"pX":0,"pY":0,"skX":0,"skY":0},"duration":1},{"z":11,"displayIndex":4,"transform":{"scX":1,"x":37.85,"scY":1,"y":-21.4,"pX":0,"pY":0,"skX":0,"skY":0},"duration":1},{"z":11,"displayIndex":5,"transform":{"scX":1,"x":38.05,"scY":1,"y":-17.25,"pX":0,"pY":0,"skX":0,"skY":0},"duration":1},{"transform":{"scX":1,"x":37.75,"scY":1,"y":-14,"pX":0,"pY":0,"skX":0,"skY":0},"z":11,"duration":1},{"transform":{"scX":1,"x":37.75,"scY":1,"y":-15.25,"pX":0,"pY":0,"skX":0,"skY":0},"z":11,"duration":1},{"z":11,"displayIndex":1,"transform":{"scX":1,"x":35.5,"scY":1,"y":-14.5,"pX":0,"pY":0,"skX":0,"skY":0},"duration":1},{"z":11,"displayIndex":1,"transform":{"scX":1,"x":35.5,"scY":1,"y":-14.75,"pX":0,"pY":0,"skX":0,"skY":0},"duration":1},{"z":11,"displayIndex":2,"transform":{"scX":1,"x":30.95,"scY":1,"y":-13.75,"pX":0,"pY":0,"skX":0,"skY":0},"duration":1},{"z":11,"displayIndex":2,"transform":{"scX":1,"x":31.7,"scY":1,"y":-14.5,"pX":0,"pY":0,"skX":0,"skY":0},"duration":1},{"z":11,"displayIndex":3,"transform":{"scX":1,"x":32.2,"scY":1,"y":-15.2,"pX":0,"pY":0,"skX":0,"skY":0},"duration":1},{"z":11,"displayIndex":3,"transform":{"scX":1,"x":32.45,"scY":1,"y":-14.45,"pX":0,"pY":0,"skX":0,"skY":0},"duration":1},{"z":11,"displayIndex":4,"transform":{"scX":1,"x":37.85,"scY":1,"y":-21.4,"pX":0,"pY":0,"skX":0,"skY":0},"duration":1},{"z":11,"displayIndex":5,"transform":{"scX":1,"x":38.05,"scY":1,"y":-17.25,"pX":0,"pY":0,"skX":0,"skY":0},"duration":1},{"transform":{"scX":1,"x":37.75,"scY":1,"y":-14,"pX":0,"pY":0,"skX":0,"skY":0},"z":11,"duration":1}],"offset":0},{"name":"bbbrid007","scale":1,"frame":[{"z":12,"transform":{"scX":0.95,"x":14.05,"scY":0.95,"y":-38.45,"pX":0,"pY":0,"skX":0,"skY":0},"duration":5,"tweenEasing":0},{"z":12,"transform":{"scX":0.95,"x":14.05,"scY":0.94,"y":-41.9,"pX":0,"pY":0,"skX":0,"skY":0},"duration":5,"tweenEasing":0},{"z":12,"transform":{"scX":0.95,"x":14.05,"scY":0.95,"y":-38.45,"pX":0,"pY":0,"skX":0,"skY":0},"duration":5,"tweenEasing":0},{"z":12,"transform":{"scX":0.95,"x":14.05,"scY":0.94,"y":-41.9,"pX":0,"pY":0,"skX":0,"skY":0},"duration":5,"tweenEasing":0},{"z":12,"transform":{"scX":0.95,"x":14.05,"scY":0.95,"y":-38.45,"pX":0,"pY":0,"skX":0,"skY":0},"duration":5,"tweenEasing":0},{"z":12,"transform":{"scX":0.95,"x":14.05,"scY":0.94,"y":-41.9,"pX":0,"pY":0,"skX":0,"skY":0},"duration":5,"tweenEasing":0},{"z":12,"transform":{"scX":0.95,"x":14.05,"scY":0.95,"y":-38.45,"pX":0,"pY":0,"skX":0,"skY":0},"duration":5,"tweenEasing":0},{"z":12,"transform":{"scX":0.95,"x":14.05,"scY":0.94,"y":-41.9,"pX":0,"pY":0,"skX":0,"skY":0},"duration":5,"tweenEasing":0},{"z":12,"transform":{"scX":0.95,"x":14.05,"scY":0.95,"y":-38.45,"pX":0,"pY":0,"skX":0,"skY":0},"duration":5,"tweenEasing":0},{"z":12,"transform":{"scX":0.95,"x":14.05,"scY":0.94,"y":-41.9,"pX":0,"pY":0,"skX":0,"skY":0},"duration":5,"tweenEasing":0},{"transform":{"scX":0.95,"x":14.05,"scY":0.95,"y":-38.45,"pX":0,"pY":0,"skX":0,"skY":0},"z":12,"duration":1}],"offset":0},{"name":"bbbrid005","scale":1,"frame":[{"z":13,"transform":{"scX":1,"x":-13,"scY":1,"y":-39,"pX":0,"pY":0,"skX":0,"skY":0},"duration":5,"tweenEasing":0},{"z":13,"transform":{"scX":1,"x":-12.75,"scY":1,"y":-42.25,"pX":-0.1,"pY":0,"skX":-13.49,"skY":-13.49},"duration":5,"tweenEasing":0},{"z":13,"transform":{"scX":1,"x":-13,"scY":1,"y":-39,"pX":0,"pY":0,"skX":0,"skY":0},"duration":5,"tweenEasing":0},{"z":13,"transform":{"scX":1,"x":-12.75,"scY":1,"y":-42.25,"pX":-0.1,"pY":0,"skX":-13.49,"skY":-13.49},"duration":5,"tweenEasing":0},{"z":13,"transform":{"scX":1,"x":-13,"scY":1,"y":-39,"pX":0,"pY":0,"skX":0,"skY":0},"duration":5,"tweenEasing":0},{"z":13,"transform":{"scX":1,"x":-12.75,"scY":1,"y":-42.25,"pX":-0.1,"pY":0,"skX":-13.49,"skY":-13.49},"duration":5,"tweenEasing":0},{"z":13,"transform":{"scX":1,"x":-13,"scY":1,"y":-39,"pX":0,"pY":0,"skX":0,"skY":0},"duration":5,"tweenEasing":0},{"z":13,"transform":{"scX":1,"x":-12.75,"scY":1,"y":-42.25,"pX":-0.1,"pY":0,"skX":-13.49,"skY":-13.49},"duration":5,"tweenEasing":0},{"z":13,"transform":{"scX":1,"x":-13,"scY":1,"y":-39,"pX":0,"pY":0,"skX":0,"skY":0},"duration":5,"tweenEasing":0},{"z":13,"transform":{"scX":1,"x":-12.75,"scY":1,"y":-42.25,"pX":-0.1,"pY":0,"skX":-13.49,"skY":-13.49},"duration":5,"tweenEasing":0},{"transform":{"scX":1,"x":-13,"scY":1,"y":-39,"pX":0,"pY":0,"skX":0,"skY":0},"z":13,"duration":1}],"offset":0},{"name":"bbbrid004","scale":1,"frame":[{"z":14,"transform":{"scX":1,"x":-12.75,"scY":1,"y":-43.5,"pX":0,"pY":0,"skX":0,"skY":0},"duration":5,"tweenEasing":0},{"z":14,"transform":{"scX":1,"x":-12.5,"scY":1,"y":-46.75,"pX":0,"pY":0,"skX":0,"skY":0},"duration":5,"tweenEasing":0},{"z":14,"transform":{"scX":1,"x":-12.75,"scY":1,"y":-43.5,"pX":0,"pY":0,"skX":0,"skY":0},"duration":5,"tweenEasing":0},{"z":14,"transform":{"scX":1,"x":-12.5,"scY":1,"y":-46.75,"pX":0,"pY":0,"skX":0,"skY":0},"duration":5,"tweenEasing":0},{"z":14,"transform":{"scX":1,"x":-12.75,"scY":1,"y":-43.5,"pX":0,"pY":0,"skX":0,"skY":0},"duration":5,"tweenEasing":0},{"z":14,"transform":{"scX":1,"x":-12.5,"scY":1,"y":-46.75,"pX":0,"pY":0,"skX":0,"skY":0},"duration":5,"tweenEasing":0},{"z":14,"transform":{"scX":1,"x":-12.75,"scY":1,"y":-43.5,"pX":0,"pY":0,"skX":0,"skY":0},"duration":5,"tweenEasing":0},{"z":14,"transform":{"scX":1,"x":-12.5,"scY":1,"y":-46.75,"pX":0,"pY":0,"skX":0,"skY":0},"duration":5,"tweenEasing":0},{"z":14,"transform":{"scX":1,"x":-12.75,"scY":1,"y":-43.5,"pX":0,"pY":0,"skX":0,"skY":0},"duration":5,"tweenEasing":0},{"z":14,"transform":{"scX":1,"x":-12.5,"scY":1,"y":-46.75,"pX":0,"pY":0,"skX":0,"skY":0},"duration":5,"tweenEasing":0},{"transform":{"scX":1,"x":-12.75,"scY":1,"y":-43.5,"pX":0,"pY":0,"skX":0,"skY":0},"z":14,"duration":1}],"offset":0},{"name":"bbbrid020","scale":1,"frame":[{"z":15,"transform":{"scX":0.95,"x":11.95,"scY":0.95,"y":-19.45,"pX":0,"pY":0,"skX":0,"skY":0},"duration":5,"tweenEasing":0},{"z":15,"transform":{"scX":0.95,"x":11.95,"scY":0.94,"y":-23.2,"pX":0,"pY":0,"skX":-12.88,"skY":-12.53},"duration":5,"tweenEasing":0},{"z":15,"transform":{"scX":0.95,"x":11.95,"scY":0.95,"y":-19.45,"pX":0,"pY":0,"skX":0,"skY":0},"duration":5,"tweenEasing":0},{"z":15,"transform":{"scX":0.95,"x":11.95,"scY":0.94,"y":-23.2,"pX":0,"pY":0,"skX":-12.88,"skY":-12.53},"duration":5,"tweenEasing":0},{"z":15,"transform":{"scX":0.95,"x":11.95,"scY":0.95,"y":-19.45,"pX":0,"pY":0,"skX":0,"skY":0},"duration":5,"tweenEasing":0},{"z":15,"transform":{"scX":0.95,"x":11.95,"scY":0.94,"y":-23.2,"pX":0,"pY":0,"skX":-12.88,"skY":-12.53},"duration":5,"tweenEasing":0},{"z":15,"transform":{"scX":0.95,"x":11.95,"scY":0.95,"y":-19.45,"pX":0,"pY":0,"skX":0,"skY":0},"duration":5,"tweenEasing":0},{"z":15,"transform":{"scX":0.95,"x":11.95,"scY":0.94,"y":-23.2,"pX":0,"pY":0,"skX":-12.88,"skY":-12.53},"duration":5,"tweenEasing":0},{"z":15,"transform":{"scX":0.95,"x":11.95,"scY":0.95,"y":-19.45,"pX":0,"pY":0,"skX":0,"skY":0},"duration":5,"tweenEasing":0},{"z":15,"transform":{"scX":0.95,"x":11.95,"scY":0.94,"y":-23.2,"pX":0,"pY":0,"skX":-12.88,"skY":-12.53},"duration":5,"tweenEasing":0},{"transform":{"scX":0.95,"x":11.95,"scY":0.95,"y":-19.45,"pX":0,"pY":0,"skX":0,"skY":0},"z":15,"duration":1}],"offset":0},{"name":"bbbrid006","scale":1,"frame":[{"z":16,"transform":{"scX":0.95,"x":-17.65,"scY":0.95,"y":-53,"pX":0,"pY":0,"skX":-8.63,"skY":-8.3},"duration":5,"tweenEasing":0},{"z":16,"transform":{"scX":0.98,"x":-17.75,"scY":0.95,"y":-56,"pX":0.05,"pY":-0.1,"skX":-0.71,"skY":-0.71},"duration":5,"tweenEasing":0},{"z":16,"transform":{"scX":0.95,"x":-17.65,"scY":0.95,"y":-53,"pX":0,"pY":0,"skX":-8.63,"skY":-8.3},"duration":5,"tweenEasing":0},{"z":16,"transform":{"scX":0.98,"x":-17.75,"scY":0.95,"y":-56,"pX":0.05,"pY":-0.1,"skX":-0.71,"skY":-0.71},"duration":5,"tweenEasing":0},{"z":16,"transform":{"scX":0.95,"x":-17.65,"scY":0.95,"y":-53,"pX":0,"pY":0,"skX":-8.63,"skY":-8.3},"duration":5,"tweenEasing":0},{"z":16,"transform":{"scX":0.98,"x":-17.75,"scY":0.95,"y":-56,"pX":0.05,"pY":-0.1,"skX":-0.71,"skY":-0.71},"duration":5,"tweenEasing":0},{"z":16,"transform":{"scX":0.95,"x":-17.65,"scY":0.95,"y":-53,"pX":0,"pY":0,"skX":-8.63,"skY":-8.3},"duration":5,"tweenEasing":0},{"z":16,"transform":{"scX":0.98,"x":-17.75,"scY":0.95,"y":-56,"pX":0.05,"pY":-0.1,"skX":-0.71,"skY":-0.71},"duration":5,"tweenEasing":0},{"z":16,"transform":{"scX":0.95,"x":-17.65,"scY":0.95,"y":-53,"pX":0,"pY":0,"skX":-8.63,"skY":-8.3},"duration":5,"tweenEasing":0},{"z":16,"transform":{"scX":0.98,"x":-17.75,"scY":0.95,"y":-56,"pX":0.05,"pY":-0.1,"skX":-0.71,"skY":-0.71},"duration":5,"tweenEasing":0},{"transform":{"scX":0.95,"x":-17.65,"scY":0.95,"y":-53,"pX":0,"pY":0,"skX":-8.63,"skY":-8.3},"z":16,"duration":1}],"offset":0},{"name":"bbbrid002","scale":1,"frame":[{"z":17,"transform":{"scX":0.95,"x":-8.25,"scY":0.95,"y":-12.55,"pX":0,"pY":0,"skX":0,"skY":0},"duration":5,"tweenEasing":0},{"z":17,"transform":{"scX":0.95,"x":-7.05,"scY":0.94,"y":-15.7,"pX":0,"pY":0.05,"skX":-6.58,"skY":-6.4},"duration":5,"tweenEasing":0},{"z":17,"transform":{"scX":0.95,"x":-8.25,"scY":0.95,"y":-12.55,"pX":0,"pY":0,"skX":0,"skY":0},"duration":5,"tweenEasing":0},{"z":17,"transform":{"scX":0.95,"x":-7.05,"scY":0.94,"y":-15.7,"pX":0,"pY":0.05,"skX":-6.58,"skY":-6.4},"duration":5,"tweenEasing":0},{"z":17,"transform":{"scX":0.95,"x":-8.25,"scY":0.95,"y":-12.55,"pX":0,"pY":0,"skX":0,"skY":0},"duration":5,"tweenEasing":0},{"z":17,"transform":{"scX":0.95,"x":-7.05,"scY":0.94,"y":-15.7,"pX":0,"pY":0.05,"skX":-6.58,"skY":-6.4},"duration":5,"tweenEasing":0},{"z":17,"transform":{"scX":0.95,"x":-8.25,"scY":0.95,"y":-12.55,"pX":0,"pY":0,"skX":0,"skY":0},"duration":5,"tweenEasing":0},{"z":17,"transform":{"scX":0.95,"x":-7.05,"scY":0.94,"y":-15.7,"pX":0,"pY":0.05,"skX":-6.58,"skY":-6.4},"duration":5,"tweenEasing":0},{"z":17,"transform":{"scX":0.95,"x":-8.25,"scY":0.95,"y":-12.55,"pX":0,"pY":0,"skX":0,"skY":0},"duration":5,"tweenEasing":0},{"z":17,"transform":{"scX":0.95,"x":-7.05,"scY":0.94,"y":-15.7,"pX":0,"pY":0.05,"skX":-6.58,"skY":-6.4},"duration":5,"tweenEasing":0},{"transform":{"scX":0.95,"x":-8.25,"scY":0.95,"y":-12.55,"pX":0,"pY":0,"skX":0,"skY":0},"z":17,"duration":1}],"offset":0},{"name":"sffef","scale":1,"frame":[{"transform":{"scX":1,"x":5.45,"scY":1,"y":-36.5,"pX":0,"pY":0,"skX":-16.48,"skY":-16.48},"z":18,"duration":1},{"transform":{"scX":1,"x":5.95,"scY":1,"y":-37.25,"pX":0.05,"pY":0,"skX":-17.66,"skY":-17.66},"z":18,"duration":1},{"z":18,"displayIndex":1,"transform":{"scX":0.84,"x":7.9,"scY":1.2,"y":-38.65,"pX":0,"pY":0,"skX":-20.79,"skY":-20.8},"duration":1},{"z":18,"displayIndex":1,"transform":{"scX":0.87,"x":8.45,"scY":1.2,"y":-39.1,"pX":-0.05,"pY":-0.05,"skX":-10.26,"skY":-10.26},"duration":1},{"z":18,"displayIndex":2,"transform":{"scX":1,"x":8.75,"scY":1,"y":-41.25,"pX":0,"pY":0,"skX":-15.72,"skY":-15.72},"duration":1},{"z":18,"displayIndex":3,"transform":{"scX":1,"x":4.2,"scY":1,"y":-17.1,"pX":0,"pY":0,"skX":0,"skY":0},"duration":1},{"z":18,"displayIndex":3,"transform":{"scX":1,"x":11.95,"scY":1,"y":-18.1,"pX":0,"pY":0,"skX":-18.21,"skY":-18.21},"duration":1},{"z":18,"displayIndex":4,"transform":{"scX":1,"x":25.9,"scY":1,"y":-30.7,"pX":0,"pY":0,"skX":0,"skY":0},"duration":1},{"z":18,"displayIndex":4,"transform":{"scX":1,"x":26.9,"scY":1,"y":-31.95,"pX":0,"pY":0,"skX":-8.98,"skY":-8.98},"duration":1},{"z":18,"displayIndex":5,"transform":{"scX":1,"x":6.6,"scY":1,"y":-42.25,"pX":0,"pY":0,"skX":-13.47,"skY":-13.47},"duration":1},{"transform":{"scX":1,"x":5.45,"scY":1,"y":-36.5,"pX":0,"pY":0,"skX":-16.48,"skY":-16.48},"z":18,"duration":1},{"transform":{"scX":1,"x":5.95,"scY":1,"y":-37.25,"pX":0.05,"pY":0,"skX":-17.66,"skY":-17.66},"z":18,"duration":1},{"z":18,"displayIndex":1,"transform":{"scX":0.84,"x":7.9,"scY":1.2,"y":-38.65,"pX":0,"pY":0,"skX":-20.79,"skY":-20.8},"duration":1},{"z":18,"displayIndex":1,"transform":{"scX":0.87,"x":8.45,"scY":1.2,"y":-39.1,"pX":-0.05,"pY":-0.05,"skX":-10.26,"skY":-10.26},"duration":1},{"z":18,"displayIndex":2,"transform":{"scX":1,"x":8.75,"scY":1,"y":-41.25,"pX":0,"pY":0,"skX":-15.72,"skY":-15.72},"duration":1},{"z":18,"displayIndex":3,"transform":{"scX":1,"x":4.2,"scY":1,"y":-17.1,"pX":0,"pY":0,"skX":0,"skY":0},"duration":1},{"z":18,"displayIndex":3,"transform":{"scX":1,"x":11.95,"scY":1,"y":-18.1,"pX":0,"pY":0,"skX":-18.21,"skY":-18.21},"duration":1},{"z":18,"displayIndex":4,"transform":{"scX":1,"x":25.9,"scY":1,"y":-30.7,"pX":0,"pY":0,"skX":0,"skY":0},"duration":1},{"z":18,"displayIndex":4,"transform":{"scX":1,"x":26.9,"scY":1,"y":-31.95,"pX":0,"pY":0,"skX":-8.98,"skY":-8.98},"duration":1},{"z":18,"displayIndex":5,"transform":{"scX":1,"x":6.6,"scY":1,"y":-42.25,"pX":0,"pY":0,"skX":-13.47,"skY":-13.47},"duration":1},{"transform":{"scX":1,"x":5.45,"scY":1,"y":-36.5,"pX":0,"pY":0,"skX":-16.48,"skY":-16.48},"z":18,"duration":1},{"transform":{"scX":1,"x":5.95,"scY":1,"y":-37.25,"pX":0.05,"pY":0,"skX":-17.66,"skY":-17.66},"z":18,"duration":1},{"z":18,"displayIndex":1,"transform":{"scX":0.84,"x":7.9,"scY":1.2,"y":-38.65,"pX":0,"pY":0,"skX":-20.79,"skY":-20.8},"duration":1},{"z":18,"displayIndex":1,"transform":{"scX":0.87,"x":8.45,"scY":1.2,"y":-39.1,"pX":-0.05,"pY":-0.05,"skX":-10.26,"skY":-10.26},"duration":1},{"z":18,"displayIndex":2,"transform":{"scX":1,"x":8.75,"scY":1,"y":-41.25,"pX":0,"pY":0,"skX":-15.72,"skY":-15.72},"duration":1},{"z":18,"displayIndex":3,"transform":{"scX":1,"x":4.2,"scY":1,"y":-17.1,"pX":0,"pY":0,"skX":0,"skY":0},"duration":1},{"z":18,"displayIndex":3,"transform":{"scX":1,"x":11.95,"scY":1,"y":-18.1,"pX":0,"pY":0,"skX":-18.21,"skY":-18.21},"duration":1},{"z":18,"displayIndex":4,"transform":{"scX":1,"x":25.9,"scY":1,"y":-30.7,"pX":0,"pY":0,"skX":0,"skY":0},"duration":1},{"z":18,"displayIndex":4,"transform":{"scX":1,"x":26.9,"scY":1,"y":-31.95,"pX":0,"pY":0,"skX":-8.98,"skY":-8.98},"duration":1},{"z":18,"displayIndex":5,"transform":{"scX":1,"x":6.6,"scY":1,"y":-42.25,"pX":0,"pY":0,"skX":-13.47,"skY":-13.47},"duration":1},{"transform":{"scX":1,"x":5.45,"scY":1,"y":-36.5,"pX":0,"pY":0,"skX":-16.48,"skY":-16.48},"z":18,"duration":1},{"transform":{"scX":1,"x":5.95,"scY":1,"y":-37.25,"pX":0.05,"pY":0,"skX":-17.66,"skY":-17.66},"z":18,"duration":1},{"z":18,"displayIndex":1,"transform":{"scX":0.84,"x":7.9,"scY":1.2,"y":-38.65,"pX":0,"pY":0,"skX":-20.79,"skY":-20.8},"duration":1},{"z":18,"displayIndex":1,"transform":{"scX":0.87,"x":8.45,"scY":1.2,"y":-39.1,"pX":-0.05,"pY":-0.05,"skX":-10.26,"skY":-10.26},"duration":1},{"z":18,"displayIndex":2,"transform":{"scX":1,"x":8.75,"scY":1,"y":-41.25,"pX":0,"pY":0,"skX":-15.72,"skY":-15.72},"duration":1},{"z":18,"displayIndex":3,"transform":{"scX":1,"x":4.2,"scY":1,"y":-17.1,"pX":0,"pY":0,"skX":0,"skY":0},"duration":1},{"z":18,"displayIndex":3,"transform":{"scX":1,"x":11.95,"scY":1,"y":-18.1,"pX":0,"pY":0,"skX":-18.21,"skY":-18.21},"duration":1},{"z":18,"displayIndex":4,"transform":{"scX":1,"x":25.9,"scY":1,"y":-30.7,"pX":0,"pY":0,"skX":0,"skY":0},"duration":1},{"z":18,"displayIndex":4,"transform":{"scX":1,"x":26.9,"scY":1,"y":-31.95,"pX":0,"pY":0,"skX":-8.98,"skY":-8.98},"duration":1},{"z":18,"displayIndex":5,"transform":{"scX":1,"x":6.6,"scY":1,"y":-42.25,"pX":0,"pY":0,"skX":-13.47,"skY":-13.47},"duration":1},{"transform":{"scX":1,"x":5.45,"scY":1,"y":-36.5,"pX":0,"pY":0,"skX":-16.48,"skY":-16.48},"z":18,"duration":1},{"transform":{"scX":1,"x":5.95,"scY":1,"y":-37.25,"pX":0.05,"pY":0,"skX":-17.66,"skY":-17.66},"z":18,"duration":1},{"z":18,"displayIndex":1,"transform":{"scX":0.84,"x":7.9,"scY":1.2,"y":-38.65,"pX":0,"pY":0,"skX":-20.79,"skY":-20.8},"duration":1},{"z":18,"displayIndex":1,"transform":{"scX":0.87,"x":8.45,"scY":1.2,"y":-39.1,"pX":-0.05,"pY":-0.05,"skX":-10.26,"skY":-10.26},"duration":1},{"z":18,"displayIndex":2,"transform":{"scX":1,"x":8.75,"scY":1,"y":-41.25,"pX":0,"pY":0,"skX":-15.72,"skY":-15.72},"duration":1},{"z":18,"displayIndex":3,"transform":{"scX":1,"x":4.2,"scY":1,"y":-17.1,"pX":0,"pY":0,"skX":0,"skY":0},"duration":1},{"z":18,"displayIndex":3,"transform":{"scX":1,"x":11.95,"scY":1,"y":-18.1,"pX":0,"pY":0,"skX":-18.21,"skY":-18.21},"duration":1},{"z":18,"displayIndex":4,"transform":{"scX":1,"x":25.9,"scY":1,"y":-30.7,"pX":0,"pY":0,"skX":0,"skY":0},"duration":1},{"z":18,"displayIndex":4,"transform":{"scX":1,"x":26.9,"scY":1,"y":-31.95,"pX":0,"pY":0,"skX":-8.98,"skY":-8.98},"duration":1},{"z":18,"displayIndex":5,"transform":{"scX":1,"x":6.6,"scY":1,"y":-42.25,"pX":0,"pY":0,"skX":-13.47,"skY":-13.47},"duration":1},{"transform":{"scX":1,"x":5.45,"scY":1,"y":-36.5,"pX":0,"pY":0,"skX":-16.48,"skY":-16.48},"z":18,"duration":1}],"offset":0},{"name":"fewfefe","scale":1,"frame":[{"duration":35,"displayIndex":-1},{"transform":{"scX":1.04,"x":-4.65,"scY":1,"y":-55.6,"pX":0,"pY":0,"skX":0,"skY":0},"z":19,"duration":1},{"z":19,"displayIndex":1,"transform":{"scX":1,"x":-4.4,"scY":1,"y":-52.35,"pX":0,"pY":0,"skX":0,"skY":0},"duration":1},{"z":19,"displayIndex":1,"transform":{"scX":1,"x":-4.4,"scY":1,"y":-52.1,"pX":0,"pY":0,"skX":0,"skY":0},"duration":1},{"transform":{"scX":1.04,"x":-4.65,"scY":1,"y":-53.1,"pX":0,"pY":0,"skX":0,"skY":0},"z":19,"duration":1},{"duration":12,"displayIndex":-1}],"offset":0}],"scale":1,"loop":0,"autoTween":0,"name":"standA","duration":51,"tweenEasing":null},{"fadeInTime":0,"timeline":[{"name":"bbbrid018","scale":1,"frame":[{"z":0,"transform":{"scX":-0.95,"x":-17.75,"scY":0.95,"y":-36.55,"pX":0,"pY":0,"skX":0,"skY":0},"duration":5,"tweenEasing":0},{"z":0,"transform":{"scX":-0.95,"x":-17.75,"scY":0.95,"y":-39.65,"pX":0,"pY":0,"skX":0,"skY":0},"duration":5,"tweenEasing":0},{"transform":{"scX":-0.95,"x":-17.75,"scY":0.95,"y":-36.55,"pX":0,"pY":0,"skX":0,"skY":0},"z":0,"duration":1}],"offset":0},{"name":"bbbrid017","scale":1,"frame":[{"z":1,"transform":{"scX":-0.95,"x":-20.1,"scY":0.95,"y":-40.8,"pX":0,"pY":0,"skX":0,"skY":0},"duration":5,"tweenEasing":0},{"z":1,"transform":{"scX":-0.95,"x":-20.1,"scY":0.95,"y":-43.9,"pX":0,"pY":0,"skX":0,"skY":0},"duration":5,"tweenEasing":0},{"transform":{"scX":-0.95,"x":-20.1,"scY":0.95,"y":-40.8,"pX":0,"pY":0,"skX":0,"skY":0},"z":1,"duration":1}],"offset":0},{"name":"bbbrid015","scale":1,"frame":[{"z":2,"transform":{"scX":-0.95,"x":9.1,"scY":0.95,"y":-12.55,"pX":0,"pY":0,"skX":0,"skY":0},"duration":5,"tweenEasing":0},{"z":2,"transform":{"scX":-0.95,"x":9.8,"scY":0.94,"y":-15.7,"pX":0,"pY":0,"skX":-11.05,"skY":-10.83},"duration":5,"tweenEasing":0},{"transform":{"scX":-0.95,"x":9.1,"scY":0.95,"y":-12.55,"pX":0,"pY":0,"skX":0,"skY":0},"z":2,"duration":1}],"offset":0},{"name":"rgbndf","scale":1,"frame":[{"transform":{"scX":-1,"x":20.9,"scY":1,"y":-56,"pX":0,"pY":0,"skX":0,"skY":0},"z":3,"duration":1},{"transform":{"scX":-1,"x":20.9,"scY":1,"y":-57.5,"pX":0,"pY":0,"skX":0,"skY":0},"z":3,"duration":1},{"transform":{"scX":-1,"x":21.4,"scY":1,"y":-57.5,"pX":0,"pY":0,"skX":0,"skY":0},"z":3,"duration":1},{"z":3,"displayIndex":1,"transform":{"scX":-1,"x":23.15,"scY":1,"y":-48.05,"pX":0,"pY":0,"skX":0,"skY":0},"duration":1},{"z":3,"displayIndex":1,"transform":{"scX":-1,"x":23.65,"scY":1,"y":-49.05,"pX":0,"pY":0,"skX":0,"skY":0},"duration":1},{"z":3,"displayIndex":2,"transform":{"scX":-1,"x":23.8,"scY":1,"y":-37.4,"pX":0,"pY":0,"skX":0,"skY":0},"duration":1},{"z":3,"displayIndex":3,"transform":{"scX":-1,"x":1.9,"scY":1,"y":-17.1,"pX":0,"pY":0,"skX":0,"skY":0},"duration":1},{"z":3,"displayIndex":3,"transform":{"scX":-1,"x":1.9,"scY":1,"y":-16.1,"pX":0,"pY":0,"skX":0,"skY":0},"duration":1},{"z":3,"displayIndex":4,"transform":{"scX":-1,"x":15.8,"scY":1,"y":-31.4,"pX":0,"pY":0,"skX":0,"skY":0},"duration":1},{"z":3,"displayIndex":4,"transform":{"scX":-1,"x":15.8,"scY":1,"y":-30.9,"pX":0,"pY":0,"skX":0,"skY":0},"duration":1},{"z":3,"displayIndex":5,"transform":{"scX":-1,"x":16.5,"scY":1,"y":-46.85,"pX":0,"pY":0,"skX":0,"skY":0},"duration":1}],"offset":0},{"name":"bbbrid013","scale":1,"frame":[{"z":4,"transform":{"scX":-0.95,"x":2.2,"scY":0.95,"y":-15.15,"pX":0,"pY":0,"skX":0,"skY":0},"duration":5,"tweenEasing":0},{"z":4,"transform":{"scX":-0.95,"x":2.2,"scY":0.94,"y":-18.8,"pX":0,"pY":0.1,"skX":0,"skY":0},"duration":5,"tweenEasing":0},{"transform":{"scX":-0.95,"x":2.2,"scY":0.95,"y":-15.15,"pX":0,"pY":0,"skX":0,"skY":0},"z":4,"duration":1}],"offset":0},{"name":"bbbrid012","scale":1,"frame":[{"z":5,"transform":{"scX":-0.94,"x":-20.85,"scY":0.95,"y":-49.25,"pX":0,"pY":0,"skX":-6.98,"skY":-5.95},"duration":5,"tweenEasing":0},{"z":5,"transform":{"scX":-0.95,"x":-20.85,"scY":0.95,"y":-52.2,"pX":-0.05,"pY":-0.05,"skX":0,"skY":0},"duration":5,"tweenEasing":0},{"transform":{"scX":-0.94,"x":-20.85,"scY":0.95,"y":-49.25,"pX":0,"pY":0,"skX":-6.98,"skY":-5.95},"z":5,"duration":1}],"offset":0},{"name":"dsfrbfdbd","scale":1,"frame":[{"transform":{"scX":-1,"x":37.85,"scY":1,"y":-11,"pX":0,"pY":0,"skX":0,"skY":0},"z":6,"duration":1},{"transform":{"scX":-1,"x":37.85,"scY":1,"y":-11.5,"pX":0,"pY":0,"skX":0,"skY":0},"z":6,"duration":1},{"z":6,"displayIndex":1,"transform":{"scX":-1,"x":38.8,"scY":1,"y":-13.8,"pX":0,"pY":0,"skX":0,"skY":0},"duration":1},{"z":6,"displayIndex":1,"transform":{"scX":-1,"x":38.8,"scY":1,"y":-15.05,"pX":0,"pY":0,"skX":0,"skY":0},"duration":1},{"z":6,"displayIndex":2,"transform":{"scX":-1,"x":38.1,"scY":1,"y":-15.05,"pX":0,"pY":0,"skX":0,"skY":0},"duration":1},{"z":6,"displayIndex":2,"transform":{"scX":-1,"x":38.1,"scY":1,"y":-15.55,"pX":0,"pY":0,"skX":0,"skY":0},"duration":1},{"z":6,"displayIndex":3,"transform":{"scX":-1,"x":34.1,"scY":1,"y":-13.5,"pX":0,"pY":0,"skX":0,"skY":0},"duration":1},{"z":6,"displayIndex":3,"transform":{"scX":-1,"x":34.1,"scY":1,"y":-13,"pX":0,"pY":0,"skX":0,"skY":0},"duration":1},{"z":6,"displayIndex":4,"transform":{"scX":-1,"x":30.25,"scY":1,"y":-13.35,"pX":0,"pY":0,"skX":0,"skY":0},"duration":1},{"z":6,"displayIndex":4,"transform":{"scX":-1,"x":30.25,"scY":1,"y":-12.85,"pX":0,"pY":0,"skX":0,"skY":0},"duration":1},{"z":6,"displayIndex":5,"transform":{"scX":-1,"x":31.65,"scY":1,"y":-12.75,"pX":0,"pY":0,"skX":0,"skY":0},"duration":1}],"offset":0},{"name":"sw","scale":1,"frame":[{"z":7,"transform":{"scX":1,"x":15.7,"scY":1,"y":-24.45,"pX":0,"pY":0,"skX":0,"skY":0},"duration":5,"tweenEasing":0},{"z":7,"transform":{"scX":1,"x":15.7,"scY":1,"y":-28.45,"pX":0,"pY":0,"skX":0,"skY":0},"duration":5,"tweenEasing":0},{"transform":{"scX":1,"x":15.7,"scY":1,"y":-24.45,"pX":0,"pY":0,"skX":0,"skY":0},"z":7,"duration":1}],"offset":0},{"name":"bbbrid016","scale":1,"frame":[{"z":8,"transform":{"scX":-0.95,"x":-4.9,"scY":0.95,"y":-13.75,"pX":0,"pY":0,"skX":0,"skY":0},"duration":5,"tweenEasing":0},{"z":8,"transform":{"scX":-0.95,"x":-4.7,"scY":0.94,"y":-16.9,"pX":0,"pY":0.05,"skX":-18.12,"skY":-17.79},"duration":5,"tweenEasing":0},{"transform":{"scX":-0.95,"x":-4.9,"scY":0.95,"y":-13.75,"pX":0,"pY":0,"skX":0,"skY":0},"z":8,"duration":1}],"offset":0},{"name":"dgvrgg","scale":1,"frame":[{"transform":{"scX":-1,"x":-22.65,"scY":1,"y":-49.5,"pX":0,"pY":0,"skX":0,"skY":0},"z":9,"duration":1},{"transform":{"scX":-1,"x":-22.65,"scY":1,"y":-51,"pX":0,"pY":0,"skX":0,"skY":0},"z":9,"duration":1},{"transform":{"scX":-1,"x":-22.15,"scY":1,"y":-51,"pX":0,"pY":0,"skX":0,"skY":0},"z":9,"duration":1},{"z":9,"displayIndex":1,"transform":{"scX":-1,"x":-27.8,"scY":1,"y":-42.5,"pX":0,"pY":0,"skX":0,"skY":0},"duration":1},{"z":9,"displayIndex":1,"transform":{"scX":-1,"x":-27.8,"scY":1,"y":-43.5,"pX":0,"pY":0,"skX":0,"skY":0},"duration":1},{"z":9,"displayIndex":2,"transform":{"scX":-1,"x":-29.9,"scY":1,"y":-27,"pX":0,"pY":0,"skX":0,"skY":0},"duration":1},{"z":9,"displayIndex":3,"transform":{"scX":-1,"x":-15.3,"scY":1,"y":-13.7,"pX":0,"pY":0,"skX":0,"skY":0},"duration":1},{"z":9,"displayIndex":3,"transform":{"scX":-1,"x":-15.3,"scY":1,"y":-12.2,"pX":0,"pY":0,"skX":0,"skY":0},"duration":1},{"z":9,"displayIndex":4,"transform":{"scX":-1,"x":-19.5,"scY":1,"y":-23.45,"pX":0,"pY":0,"skX":0,"skY":0},"duration":1},{"z":9,"displayIndex":4,"transform":{"scX":-1,"x":-19.5,"scY":1,"y":-22.45,"pX":0,"pY":0,"skX":0,"skY":0},"duration":1},{"z":9,"displayIndex":5,"transform":{"scX":-1,"x":-21.25,"scY":1,"y":-33.5,"pX":0,"pY":0,"skX":0,"skY":0},"duration":1}],"offset":0}],"scale":1,"loop":0,"autoTween":0,"name":"standB","duration":11,"tweenEasing":null}]}],"name":"game.living.Living406","frameRate":24,"version":2.3}