{"armature":[{"skin":[{"name":"default","slot":[{"name":"bddg016","z":0,"display":[{"transform":{"scX":1,"x":4.05,"scY":1,"y":2.4,"pX":6.5,"pY":6.5,"skX":0,"skY":0},"name":"Living408/gbddg016","type":"image"}],"parent":"bddg016"},{"name":"bddg015","z":1,"display":[{"transform":{"scX":1,"x":-3.2,"scY":1,"y":-12.75,"pX":16,"pY":17.1,"skX":0,"skY":0},"name":"Living408/gbddg015","type":"image"}],"parent":"bddg015"},{"name":"bddg014","z":2,"display":[{"transform":{"scX":1,"x":-3.85,"scY":1,"y":-4.1,"pX":11.25,"pY":20.5,"skX":0,"skY":0},"name":"Living408/gbddg014","type":"image"}],"parent":"bddg014"},{"name":"gedd","z":3,"display":[{"transform":{"scX":1,"x":2.25,"scY":1,"y":6.25,"pX":8,"pY":9.5,"skX":0,"skY":0},"name":"Living408/bs002","type":"image"}],"parent":"gedd"},{"name":"debherbh","z":4,"display":[{"transform":{"scX":1,"x":0,"scY":1,"y":7.55,"pX":6,"pY":9.5,"skX":0,"skY":0},"name":"Living408/bs001","type":"image"}],"parent":"debherbh"},{"name":"bdbn","z":5,"display":[{"transform":{"scX":1,"x":-0.75,"scY":1,"y":7.55,"pX":6,"pY":10,"skX":0,"skY":0},"name":"Living408/db002","type":"image"}],"parent":"bdbn"},{"name":"fderbr","z":6,"display":[{"transform":{"scX":1,"x":1.25,"scY":1,"y":5.75,"pX":8,"pY":9.5,"skX":0,"skY":0},"name":"Living408/db001","type":"image"}],"parent":"fderbr"},{"name":"bddg009","z":7,"display":[{"transform":{"scX":1,"x":-6.55,"scY":1,"y":3.6,"pX":8.5,"pY":7,"skX":0,"skY":0},"name":"Living408/bgddg009","type":"image"}],"parent":"bddg009"},{"name":"bddg003","z":8,"display":[{"transform":{"scX":1,"x":-3.85,"scY":1,"y":11.15,"pX":9.5,"pY":17,"skX":0,"skY":0},"name":"Living408/gbddg003","type":"image"}],"parent":"bddg003"},{"name":"bddg002","z":9,"display":[{"transform":{"scX":1,"x":0.8,"scY":1,"y":-5.2,"pX":18,"pY":11.5,"skX":0,"skY":0},"name":"Living408/gbddg002","type":"image"}],"parent":"bddg002"},{"name":"bddg008","z":10,"display":[{"transform":{"scX":1,"x":4.25,"scY":1,"y":1,"pX":5.35,"pY":5.9,"skX":0,"skY":0},"name":"Living408/gbddg008","type":"image"}],"parent":"bddg008"},{"name":"bddg007","z":11,"display":[{"transform":{"scX":1,"x":-0.95,"scY":1,"y":-6.75,"pX":12,"pY":24,"skX":0,"skY":0},"name":"Living408/gbddg007","type":"image"}],"parent":"bddg007"},{"name":"bddg004","z":12,"display":[{"transform":{"scX":1,"x":-2.7,"scY":1,"y":-14,"pX":16,"pY":16,"skX":0,"skY":0},"name":"Living408/gbddg004","type":"image"}],"parent":"bddg004"},{"name":"bddg001","z":13,"display":[{"transform":{"scX":1,"x":-7.55,"scY":1,"y":2.6,"pX":8.5,"pY":7,"skX":0,"skY":0},"name":"Living408/gbddg001","type":"image"}],"parent":"bddg001"},{"name":"egregr","z":16,"display":[{"transform":{"scX":1,"x":-0.1,"scY":1,"y":6.65,"pX":6.25,"pY":9.7,"skX":0,"skY":0},"name":"Living408/bum001","type":"image"}],"parent":"egregr"},{"name":"ergegxcc","z":17,"display":[{"transform":{"scX":1,"x":1,"scY":1,"y":5,"pX":7.55,"pY":8.65,"skX":0,"skY":0},"name":"Living408/bum002","type":"image"}],"parent":"ergegxcc"},{"name":"ggee","z":18,"display":[{"transform":{"scX":1,"x":-2.2,"scY":1,"y":6.05,"pX":7.9,"pY":9.15,"skX":0,"skY":0},"name":"Living408/bum003","type":"image"}],"parent":"ggee"},{"name":"regdgb","z":19,"display":[{"transform":{"scX":1,"x":-1.05,"scY":1,"y":6.95,"pX":5.8,"pY":10,"skX":0,"skY":0},"name":"Living408/bum004","type":"image"}],"parent":"regdgb"}]}],"name":"game.living.Living408","bone":[{"transform":{"scX":-1,"x":-19.55,"skX":15.38,"scY":1,"y":-37.45,"skY":15.38},"name":"bddg016"},{"transform":{"scX":-1,"x":-14.25,"skX":-17.27,"scY":1,"y":-42.1,"skY":-17.27},"name":"bddg015"},{"transform":{"scX":-1,"x":-7.95,"skX":-17.27,"scY":1,"y":-19.9,"skY":-17.27},"name":"bddg014"},{"transform":{"scX":1,"x":0.5,"skX":-19.23,"scY":1,"y":-23.5,"skY":-19.23},"name":"gedd"},{"transform":{"scX":1,"x":-11.25,"skX":-4.93,"scY":1,"y":-18.5,"skY":-4.93},"name":"debherbh"},{"transform":{"scX":-1,"x":6,"skX":-12.44,"scY":1.03,"y":-33,"skY":-12.45},"name":"bdbn"},{"transform":{"scX":-1,"x":-9.25,"skX":-17.22,"scY":1,"y":-32.75,"skY":-17.22},"name":"fderbr"},{"transform":{"scX":-1,"x":-5.05,"skX":-48.74,"scY":1,"y":-40.7,"skY":-48.74},"name":"bddg009"},{"transform":{"scX":1,"x":-32.85,"skX":-15.65,"scY":0.96,"y":-72,"skY":-19.31},"name":"bddg003"},{"transform":{"scX":1,"x":-20.55,"skX":-15.03,"scY":1,"y":-63.55,"skY":-15.03},"name":"bddg002"},{"transform":{"scX":1,"x":-2.25,"skX":-43.61,"scY":1,"y":-39.2,"skY":-43.61},"name":"bddg008"},{"transform":{"scX":1,"x":-3.55,"skX":-14.45,"scY":1,"y":-19.25,"skY":-14.45},"name":"bddg007"},{"transform":{"scX":1,"x":-7.85,"skX":-14.45,"scY":1,"y":-42.95,"skY":-14.45},"name":"bddg004"},{"transform":{"scX":1,"x":-14.75,"skX":10.23,"scY":1,"y":-36.65,"skY":10.23},"name":"bddg001"},{"transform":{"scX":1,"x":8.55,"skX":-15.26,"scY":0.99,"y":-32.75,"skY":-15.26},"name":"egregr"},{"transform":{"scX":1,"x":2.75,"skX":0,"scY":1,"y":-21.5,"skY":0},"name":"ergegxcc"},{"transform":{"scX":1,"x":-4.95,"skX":8.98,"scY":1,"y":-33.25,"skY":8.98},"name":"ggee"},{"transform":{"scX":1.06,"x":-10.3,"skX":5.98,"scY":1,"y":-17,"skY":5.98},"name":"regdgb"}],"animation":[{"fadeInTime":0,"timeline":[{"name":"bddg016","scale":1,"frame":[{"z":0,"transform":{"scX":-1,"x":-19.55,"scY":1,"y":-37.45,"pX":0,"pY":0,"skX":15.38,"skY":15.38},"duration":4,"tweenEasing":0},{"z":0,"transform":{"scX":-1,"x":-10.35,"scY":1,"y":-51.9,"pX":-0.05,"pY":-0.05,"skX":-10.83,"skY":-10.83},"duration":5,"tweenEasing":0},{"z":0,"transform":{"scX":-1,"x":8.5,"scY":1,"y":-42.6,"pX":-0.15,"pY":0.05,"skX":51.62,"skY":51.62},"duration":4,"tweenEasing":0},{"z":0,"transform":{"scX":-1,"x":-10.6,"scY":1,"y":-51.85,"pX":0,"pY":-0.1,"skX":-14.23,"skY":-14.23},"duration":5,"tweenEasing":0},{"z":0,"transform":{"scX":-1,"x":-19.55,"scY":1,"y":-37.45,"pX":0,"pY":0,"skX":15.38,"skY":15.38},"duration":4,"tweenEasing":0},{"z":0,"transform":{"scX":-1,"x":-10.35,"scY":1,"y":-51.9,"pX":-0.05,"pY":-0.05,"skX":-10.83,"skY":-10.83},"duration":5,"tweenEasing":0},{"z":0,"transform":{"scX":-1,"x":8.5,"scY":1,"y":-42.6,"pX":-0.15,"pY":0.05,"skX":51.62,"skY":51.62},"duration":4,"tweenEasing":0},{"z":0,"transform":{"scX":-1,"x":-10.6,"scY":1,"y":-51.85,"pX":0,"pY":-0.1,"skX":-14.23,"skY":-14.23},"duration":5,"tweenEasing":0},{"z":0,"transform":{"scX":-1,"x":-19.55,"scY":1,"y":-37.45,"pX":0,"pY":0,"skX":15.38,"skY":15.38},"duration":4,"tweenEasing":0},{"z":0,"transform":{"scX":-1,"x":-10.35,"scY":1,"y":-51.9,"pX":-0.05,"pY":-0.05,"skX":-10.83,"skY":-10.83},"duration":5,"tweenEasing":0},{"z":0,"transform":{"scX":-1,"x":8.5,"scY":1,"y":-42.6,"pX":-0.15,"pY":0.05,"skX":51.62,"skY":51.62},"duration":4,"tweenEasing":0},{"z":0,"transform":{"scX":-1,"x":-10.6,"scY":1,"y":-51.85,"pX":0,"pY":-0.1,"skX":-14.23,"skY":-14.23},"duration":5,"tweenEasing":0},{"transform":{"scX":-1,"x":-19.55,"scY":1,"y":-37.45,"pX":0,"pY":0,"skX":15.38,"skY":15.38},"z":0,"duration":1}],"offset":0},{"name":"bddg015","scale":1,"frame":[{"z":1,"transform":{"scX":-1,"x":-14.25,"scY":1,"y":-42.1,"pX":0,"pY":0,"skX":-17.27,"skY":-17.27},"duration":4,"tweenEasing":0},{"z":1,"transform":{"scX":-1,"x":-4.35,"scY":1,"y":-56.85,"pX":-0.05,"pY":-0.05,"skX":-1.78,"skY":-1.78},"duration":5,"tweenEasing":0},{"z":1,"transform":{"scX":-1,"x":15.8,"scY":1,"y":-43.3,"pX":-0.1,"pY":-0.1,"skX":18.69,"skY":18.69},"duration":4,"tweenEasing":0},{"z":1,"transform":{"scX":-1,"x":-4.35,"scY":1,"y":-56.6,"pX":-0.05,"pY":-0.05,"skX":-1.78,"skY":-1.78},"duration":5,"tweenEasing":0},{"z":1,"transform":{"scX":-1,"x":-14.25,"scY":1,"y":-42.1,"pX":0,"pY":0,"skX":-17.27,"skY":-17.27},"duration":4,"tweenEasing":0},{"z":1,"transform":{"scX":-1,"x":-4.35,"scY":1,"y":-56.85,"pX":-0.05,"pY":-0.05,"skX":-1.78,"skY":-1.78},"duration":5,"tweenEasing":0},{"z":1,"transform":{"scX":-1,"x":15.8,"scY":1,"y":-43.3,"pX":-0.1,"pY":-0.1,"skX":18.69,"skY":18.69},"duration":4,"tweenEasing":0},{"z":1,"transform":{"scX":-1,"x":-4.35,"scY":1,"y":-56.6,"pX":-0.05,"pY":-0.05,"skX":-1.78,"skY":-1.78},"duration":5,"tweenEasing":0},{"z":1,"transform":{"scX":-1,"x":-14.25,"scY":1,"y":-42.1,"pX":0,"pY":0,"skX":-17.27,"skY":-17.27},"duration":4,"tweenEasing":0},{"z":1,"transform":{"scX":-1,"x":-4.35,"scY":1,"y":-56.85,"pX":-0.05,"pY":-0.05,"skX":-1.78,"skY":-1.78},"duration":5,"tweenEasing":0},{"z":1,"transform":{"scX":-1,"x":15.8,"scY":1,"y":-43.3,"pX":-0.1,"pY":-0.1,"skX":18.69,"skY":18.69},"duration":4,"tweenEasing":0},{"z":1,"transform":{"scX":-1,"x":-4.35,"scY":1,"y":-56.6,"pX":-0.05,"pY":-0.05,"skX":-1.78,"skY":-1.78},"duration":5,"tweenEasing":0},{"transform":{"scX":-1,"x":-14.25,"scY":1,"y":-42.1,"pX":0,"pY":0,"skX":-17.27,"skY":-17.27},"z":1,"duration":1}],"offset":0},{"name":"bddg014","scale":1,"frame":[{"z":2,"transform":{"scX":-1,"x":-7.95,"scY":1,"y":-19.9,"pX":0,"pY":0,"skX":-17.27,"skY":-17.27},"duration":4,"tweenEasing":0},{"z":2,"transform":{"scX":-1,"x":-4.2,"scY":1,"y":-33.5,"pX":0.05,"pY":0.05,"skX":-1.78,"skY":-1.78},"duration":5,"tweenEasing":0},{"z":2,"transform":{"scX":-1,"x":7.9,"scY":1,"y":-21.7,"pX":0.1,"pY":0.05,"skX":18.69,"skY":18.69},"duration":4,"tweenEasing":0},{"z":2,"transform":{"scX":-1,"x":-4.2,"scY":1,"y":-33.5,"pX":0.05,"pY":0.05,"skX":-1.78,"skY":-1.78},"duration":5,"tweenEasing":0},{"z":2,"transform":{"scX":-1,"x":-7.95,"scY":1,"y":-19.9,"pX":0,"pY":0,"skX":-17.27,"skY":-17.27},"duration":4,"tweenEasing":0},{"z":2,"transform":{"scX":-1,"x":-4.2,"scY":1,"y":-33.5,"pX":0.05,"pY":0.05,"skX":-1.78,"skY":-1.78},"duration":5,"tweenEasing":0},{"z":2,"transform":{"scX":-1,"x":7.9,"scY":1,"y":-21.7,"pX":0.1,"pY":0.05,"skX":18.69,"skY":18.69},"duration":4,"tweenEasing":0},{"z":2,"transform":{"scX":-1,"x":-4.2,"scY":1,"y":-33.5,"pX":0.05,"pY":0.05,"skX":-1.78,"skY":-1.78},"duration":5,"tweenEasing":0},{"z":2,"transform":{"scX":-1,"x":-7.95,"scY":1,"y":-19.9,"pX":0,"pY":0,"skX":-17.27,"skY":-17.27},"duration":4,"tweenEasing":0},{"z":2,"transform":{"scX":-1,"x":-4.2,"scY":1,"y":-33.5,"pX":0.05,"pY":0.05,"skX":-1.78,"skY":-1.78},"duration":5,"tweenEasing":0},{"z":2,"transform":{"scX":-1,"x":7.9,"scY":1,"y":-21.7,"pX":0.1,"pY":0.05,"skX":18.69,"skY":18.69},"duration":4,"tweenEasing":0},{"z":2,"transform":{"scX":-1,"x":-4.2,"scY":1,"y":-33.5,"pX":0.05,"pY":0.05,"skX":-1.78,"skY":-1.78},"duration":5,"tweenEasing":0},{"transform":{"scX":-1,"x":-7.95,"scY":1,"y":-19.9,"pX":0,"pY":0,"skX":-17.27,"skY":-17.27},"z":2,"duration":1}],"offset":0},{"name":"gedd","scale":1,"frame":[{"z":3,"transform":{"scX":1,"x":0.5,"scY":1,"y":-23.5,"pX":0,"pY":0,"skX":-19.23,"skY":-19.23},"duration":3,"tweenEasing":0},{"transform":{"scX":1,"x":3,"scY":1,"y":-30.75,"pX":-0.05,"pY":-0.05,"skX":-19.23,"skY":-19.23},"z":3,"duration":1},{"duration":9,"displayIndex":-1},{"z":3,"transform":{"scX":1,"x":5,"scY":1,"y":-34.75,"pX":-0.05,"pY":-0.05,"skX":-17.5,"skY":-17.5},"duration":5,"tweenEasing":0},{"z":3,"transform":{"scX":1,"x":0.5,"scY":1,"y":-23.5,"pX":0,"pY":0,"skX":-19.23,"skY":-19.23},"duration":3,"tweenEasing":0},{"transform":{"scX":1,"x":3,"scY":1,"y":-30.75,"pX":-0.05,"pY":-0.05,"skX":-19.23,"skY":-19.23},"z":3,"duration":1},{"duration":9,"displayIndex":-1},{"z":3,"transform":{"scX":1,"x":5,"scY":1,"y":-34.75,"pX":-0.05,"pY":-0.05,"skX":-17.5,"skY":-17.5},"duration":5,"tweenEasing":0},{"z":3,"transform":{"scX":1,"x":0.5,"scY":1,"y":-23.5,"pX":0,"pY":0,"skX":-19.23,"skY":-19.23},"duration":3,"tweenEasing":0},{"transform":{"scX":1,"x":3,"scY":1,"y":-30.75,"pX":-0.05,"pY":-0.05,"skX":-19.23,"skY":-19.23},"z":3,"duration":1},{"duration":9,"displayIndex":-1},{"z":3,"transform":{"scX":1,"x":5,"scY":1,"y":-34.75,"pX":-0.05,"pY":-0.05,"skX":-17.5,"skY":-17.5},"duration":5,"tweenEasing":0},{"transform":{"scX":1,"x":0.5,"scY":1,"y":-23.5,"pX":0,"pY":0,"skX":-19.23,"skY":-19.23},"z":3,"duration":1}],"offset":0},{"name":"debherbh","scale":1,"frame":[{"z":4,"transform":{"scX":1,"x":-11.25,"scY":1,"y":-18.5,"pX":0,"pY":0,"skX":-4.93,"skY":-4.93},"duration":3,"tweenEasing":0},{"transform":{"scX":1,"x":-8.75,"scY":1,"y":-29,"pX":0,"pY":0,"skX":-4.93,"skY":-4.93},"z":4,"duration":1},{"duration":9,"displayIndex":-1},{"z":4,"transform":{"scX":1,"x":-7.8,"scY":0.96,"y":-33.95,"pX":0,"pY":-0.15,"skX":14.28,"skY":14.28},"duration":5,"tweenEasing":0},{"z":4,"transform":{"scX":1,"x":-11.25,"scY":1,"y":-18.5,"pX":0,"pY":0,"skX":-4.93,"skY":-4.93},"duration":3,"tweenEasing":0},{"transform":{"scX":1,"x":-8.75,"scY":1,"y":-29,"pX":0,"pY":0,"skX":-4.93,"skY":-4.93},"z":4,"duration":1},{"duration":9,"displayIndex":-1},{"z":4,"transform":{"scX":1,"x":-7.8,"scY":0.96,"y":-33.95,"pX":0,"pY":-0.15,"skX":14.28,"skY":14.28},"duration":5,"tweenEasing":0},{"z":4,"transform":{"scX":1,"x":-11.25,"scY":1,"y":-18.5,"pX":0,"pY":0,"skX":-4.93,"skY":-4.93},"duration":3,"tweenEasing":0},{"transform":{"scX":1,"x":-8.75,"scY":1,"y":-29,"pX":0,"pY":0,"skX":-4.93,"skY":-4.93},"z":4,"duration":1},{"duration":9,"displayIndex":-1},{"z":4,"transform":{"scX":1,"x":-7.8,"scY":0.96,"y":-33.95,"pX":0,"pY":-0.15,"skX":14.28,"skY":14.28},"duration":5,"tweenEasing":0},{"transform":{"scX":1,"x":-11.25,"scY":1,"y":-18.5,"pX":0,"pY":0,"skX":-4.93,"skY":-4.93},"z":4,"duration":1}],"offset":0},{"name":"bdbn","scale":1,"frame":[{"duration":4,"displayIndex":-1},{"z":5,"transform":{"scX":-1,"x":6,"scY":1.03,"y":-33,"pX":0,"pY":0,"skX":-12.44,"skY":-12.45},"duration":5,"tweenEasing":0},{"z":5,"transform":{"scX":-1,"x":17,"scY":1,"y":-18.25,"pX":0,"pY":-0.05,"skX":0.32,"skY":0.32},"duration":3,"tweenEasing":0},{"transform":{"scX":-1,"x":8.5,"scY":1,"y":-28.75,"pX":0.05,"pY":-0.1,"skX":-7.97,"skY":-7.97},"z":5,"duration":1},{"duration":9,"displayIndex":-1},{"z":5,"transform":{"scX":-1,"x":6,"scY":1.03,"y":-33,"pX":0,"pY":0,"skX":-12.44,"skY":-12.45},"duration":5,"tweenEasing":0},{"z":5,"transform":{"scX":-1,"x":17,"scY":1,"y":-18.25,"pX":0,"pY":-0.05,"skX":0.32,"skY":0.32},"duration":3,"tweenEasing":0},{"transform":{"scX":-1,"x":8.5,"scY":1,"y":-28.75,"pX":0.05,"pY":-0.1,"skX":-7.97,"skY":-7.97},"z":5,"duration":1},{"duration":9,"displayIndex":-1},{"z":5,"transform":{"scX":-1,"x":6,"scY":1.03,"y":-33,"pX":0,"pY":0,"skX":-12.44,"skY":-12.45},"duration":5,"tweenEasing":0},{"z":5,"transform":{"scX":-1,"x":17,"scY":1,"y":-18.25,"pX":0,"pY":-0.05,"skX":0.32,"skY":0.32},"duration":3,"tweenEasing":0},{"transform":{"scX":-1,"x":8.5,"scY":1,"y":-28.75,"pX":0.05,"pY":-0.1,"skX":-7.97,"skY":-7.97},"z":5,"duration":1},{"duration":6,"displayIndex":-1}],"offset":0},{"name":"fderbr","scale":1,"frame":[{"duration":4,"displayIndex":-1},{"z":6,"transform":{"scX":-1,"x":-9.25,"scY":1,"y":-32.75,"pX":0,"pY":0,"skX":-17.22,"skY":-17.22},"duration":5,"tweenEasing":0},{"z":6,"transform":{"scX":-1,"x":4,"scY":1,"y":-25.25,"pX":0.05,"pY":0,"skX":18.98,"skY":18.98},"duration":3,"tweenEasing":0},{"transform":{"scX":-1,"x":-5.75,"scY":1,"y":-29.2,"pX":0.05,"pY":0,"skX":-9.72,"skY":-9.72},"z":6,"duration":1},{"duration":9,"displayIndex":-1},{"z":6,"transform":{"scX":-1,"x":-9.25,"scY":1,"y":-32.75,"pX":0,"pY":0,"skX":-17.22,"skY":-17.22},"duration":5,"tweenEasing":0},{"z":6,"transform":{"scX":-1,"x":4,"scY":1,"y":-25.25,"pX":0.05,"pY":0,"skX":18.98,"skY":18.98},"duration":3,"tweenEasing":0},{"transform":{"scX":-1,"x":-5.75,"scY":1,"y":-29.2,"pX":0.05,"pY":0,"skX":-9.72,"skY":-9.72},"z":6,"duration":1},{"duration":9,"displayIndex":-1},{"z":6,"transform":{"scX":-1,"x":-9.25,"scY":1,"y":-32.75,"pX":0,"pY":0,"skX":-17.22,"skY":-17.22},"duration":5,"tweenEasing":0},{"z":6,"transform":{"scX":-1,"x":4,"scY":1,"y":-25.25,"pX":0.05,"pY":0,"skX":18.98,"skY":18.98},"duration":3,"tweenEasing":0},{"transform":{"scX":-1,"x":-5.75,"scY":1,"y":-29.2,"pX":0.05,"pY":0,"skX":-9.72,"skY":-9.72},"z":6,"duration":1},{"duration":6,"displayIndex":-1}],"offset":0},{"name":"bddg009","scale":1,"frame":[{"z":7,"transform":{"scX":-1,"x":-5.05,"scY":1,"y":-40.7,"pX":0,"pY":0,"skX":-48.74,"skY":-48.74},"duration":4,"tweenEasing":0},{"z":7,"transform":{"scX":-1,"x":5,"scY":1,"y":-52.8,"pX":0.15,"pY":-0.05,"skX":9.77,"skY":9.77},"duration":5,"tweenEasing":0},{"z":7,"transform":{"scX":-1,"x":23.25,"scY":1,"y":-37.05,"pX":0.05,"pY":0.05,"skX":-17.99,"skY":-17.99},"duration":4,"tweenEasing":0},{"z":7,"transform":{"scX":-1,"x":4.75,"scY":1,"y":-52.85,"pX":0,"pY":-0.15,"skX":11.51,"skY":11.51},"duration":5,"tweenEasing":0},{"z":7,"transform":{"scX":-1,"x":-5.05,"scY":1,"y":-40.7,"pX":0,"pY":0,"skX":-48.74,"skY":-48.74},"duration":4,"tweenEasing":0},{"z":7,"transform":{"scX":-1,"x":5,"scY":1,"y":-52.8,"pX":0.15,"pY":-0.05,"skX":9.77,"skY":9.77},"duration":5,"tweenEasing":0},{"z":7,"transform":{"scX":-1,"x":23.25,"scY":1,"y":-37.05,"pX":0.05,"pY":0.05,"skX":-17.99,"skY":-17.99},"duration":4,"tweenEasing":0},{"z":7,"transform":{"scX":-1,"x":4.75,"scY":1,"y":-52.85,"pX":0,"pY":-0.15,"skX":11.51,"skY":11.51},"duration":5,"tweenEasing":0},{"z":7,"transform":{"scX":-1,"x":-5.05,"scY":1,"y":-40.7,"pX":0,"pY":0,"skX":-48.74,"skY":-48.74},"duration":4,"tweenEasing":0},{"z":7,"transform":{"scX":-1,"x":5,"scY":1,"y":-52.8,"pX":0.15,"pY":-0.05,"skX":9.77,"skY":9.77},"duration":5,"tweenEasing":0},{"z":7,"transform":{"scX":-1,"x":23.25,"scY":1,"y":-37.05,"pX":0.05,"pY":0.05,"skX":-17.99,"skY":-17.99},"duration":4,"tweenEasing":0},{"z":7,"transform":{"scX":-1,"x":4.75,"scY":1,"y":-52.85,"pX":0,"pY":-0.15,"skX":11.51,"skY":11.51},"duration":5,"tweenEasing":0},{"transform":{"scX":-1,"x":-5.05,"scY":1,"y":-40.7,"pX":0,"pY":0,"skX":-48.74,"skY":-48.74},"z":7,"duration":1}],"offset":0},{"name":"bddg003","scale":1,"frame":[{"z":8,"transform":{"scX":1,"x":-32.85,"scY":0.96,"y":-72,"pX":0,"pY":0,"skX":-15.65,"skY":-19.31},"duration":4,"tweenEasing":0},{"z":8,"transform":{"scX":1,"x":-14.3,"scY":1,"y":-91.6,"pX":-0.05,"pY":0,"skX":23.25,"skY":19.6},"duration":5,"tweenEasing":0},{"z":8,"transform":{"scX":1,"x":18.4,"scY":1.01,"y":-78.45,"pX":-0.2,"pY":0.05,"skX":70.21,"skY":65.52},"duration":4,"tweenEasing":0},{"z":8,"transform":{"scX":1,"x":-14.3,"scY":1,"y":-89.85,"pX":-0.05,"pY":0.05,"skX":0.11,"skY":-3.54},"duration":5,"tweenEasing":0},{"z":8,"transform":{"scX":1,"x":-32.85,"scY":0.96,"y":-72,"pX":0,"pY":0,"skX":-15.65,"skY":-19.31},"duration":4,"tweenEasing":0},{"z":8,"transform":{"scX":1,"x":-14.3,"scY":1,"y":-91.6,"pX":-0.05,"pY":0,"skX":23.25,"skY":19.6},"duration":5,"tweenEasing":0},{"z":8,"transform":{"scX":1,"x":18.4,"scY":1.01,"y":-78.45,"pX":-0.2,"pY":0.05,"skX":70.21,"skY":65.52},"duration":4,"tweenEasing":0},{"z":8,"transform":{"scX":1,"x":-14.3,"scY":1,"y":-89.85,"pX":-0.05,"pY":0.05,"skX":0.11,"skY":-3.54},"duration":5,"tweenEasing":0},{"z":8,"transform":{"scX":1,"x":-32.85,"scY":0.96,"y":-72,"pX":0,"pY":0,"skX":-15.65,"skY":-19.31},"duration":4,"tweenEasing":0},{"z":8,"transform":{"scX":1,"x":-14.3,"scY":1,"y":-91.6,"pX":-0.05,"pY":0,"skX":23.25,"skY":19.6},"duration":5,"tweenEasing":0},{"z":8,"transform":{"scX":1,"x":18.4,"scY":1.01,"y":-78.45,"pX":-0.2,"pY":0.05,"skX":70.21,"skY":65.52},"duration":4,"tweenEasing":0},{"z":8,"transform":{"scX":1,"x":-14.3,"scY":1,"y":-89.85,"pX":-0.05,"pY":0.05,"skX":0.11,"skY":-3.54},"duration":5,"tweenEasing":0},{"transform":{"scX":1,"x":-32.85,"scY":0.96,"y":-72,"pX":0,"pY":0,"skX":-15.65,"skY":-19.31},"z":8,"duration":1}],"offset":0},{"name":"bddg002","scale":1,"frame":[{"z":9,"transform":{"scX":1,"x":-20.55,"scY":1,"y":-63.55,"pX":0,"pY":0,"skX":-15.03,"skY":-15.03},"duration":4,"tweenEasing":0},{"z":9,"transform":{"scX":1,"x":-4.65,"scY":1,"y":-79.25,"pX":0,"pY":0,"skX":0.46,"skY":0.46},"duration":5,"tweenEasing":0},{"z":9,"transform":{"scX":1,"x":23.35,"scY":1,"y":-64.45,"pX":0,"pY":0.05,"skX":20.93,"skY":20.93},"duration":4,"tweenEasing":0},{"z":9,"transform":{"scX":1,"x":-4.65,"scY":1,"y":-79,"pX":0.05,"pY":0,"skX":0.46,"skY":0.46},"duration":5,"tweenEasing":0},{"z":9,"transform":{"scX":1,"x":-20.55,"scY":1,"y":-63.55,"pX":0,"pY":0,"skX":-15.03,"skY":-15.03},"duration":4,"tweenEasing":0},{"z":9,"transform":{"scX":1,"x":-4.65,"scY":1,"y":-79.25,"pX":0,"pY":0,"skX":0.46,"skY":0.46},"duration":5,"tweenEasing":0},{"z":9,"transform":{"scX":1,"x":23.35,"scY":1,"y":-64.45,"pX":0,"pY":0.05,"skX":20.93,"skY":20.93},"duration":4,"tweenEasing":0},{"z":9,"transform":{"scX":1,"x":-4.65,"scY":1,"y":-79,"pX":0.05,"pY":0,"skX":0.46,"skY":0.46},"duration":5,"tweenEasing":0},{"z":9,"transform":{"scX":1,"x":-20.55,"scY":1,"y":-63.55,"pX":0,"pY":0,"skX":-15.03,"skY":-15.03},"duration":4,"tweenEasing":0},{"z":9,"transform":{"scX":1,"x":-4.65,"scY":1,"y":-79.25,"pX":0,"pY":0,"skX":0.46,"skY":0.46},"duration":5,"tweenEasing":0},{"z":9,"transform":{"scX":1,"x":23.35,"scY":1,"y":-64.45,"pX":0,"pY":0.05,"skX":20.93,"skY":20.93},"duration":4,"tweenEasing":0},{"z":9,"transform":{"scX":1,"x":-4.65,"scY":1,"y":-79,"pX":0.05,"pY":0,"skX":0.46,"skY":0.46},"duration":5,"tweenEasing":0},{"transform":{"scX":1,"x":-20.55,"scY":1,"y":-63.55,"pX":0,"pY":0,"skX":-15.03,"skY":-15.03},"z":9,"duration":1}],"offset":0}],"scale":1,"loop":0,"autoTween":0,"name":"standA","duration":55,"tweenEasing":null},{"fadeInTime":0,"timeline":[{"name":"bddg008","scale":1,"frame":[{"z":10,"transform":{"scX":1,"x":-2.25,"scY":1,"y":-39.2,"pX":0,"pY":0,"skX":-43.61,"skY":-43.61},"duration":4,"tweenEasing":0},{"z":10,"transform":{"scX":1,"x":8.45,"scY":1,"y":-50.75,"pX":-0.1,"pY":-0.05,"skX":9.87,"skY":9.87},"duration":5,"tweenEasing":0},{"z":10,"transform":{"scX":1,"x":22.55,"scY":1,"y":-34.9,"pX":0,"pY":-0.05,"skX":-5.66,"skY":-5.66},"duration":4,"tweenEasing":0},{"z":10,"transform":{"scX":1,"x":8,"scY":1,"y":-50.1,"pX":-0.1,"pY":-0.1,"skX":13.56,"skY":13.56},"duration":5,"tweenEasing":0},{"transform":{"scX":1,"x":-2.25,"scY":1,"y":-39.2,"pX":0,"pY":0,"skX":-43.61,"skY":-43.61},"z":10,"duration":1}],"offset":0},{"name":"bddg007","scale":1,"frame":[{"z":11,"transform":{"scX":1,"x":-3.55,"scY":1,"y":-19.25,"pX":0,"pY":0,"skX":-14.45,"skY":-14.45},"duration":4,"tweenEasing":0},{"z":11,"transform":{"scX":1,"x":1.55,"scY":1,"y":-31.65,"pX":-0.05,"pY":-0.3,"skX":1.59,"skY":1.59},"duration":5,"tweenEasing":0},{"z":11,"transform":{"scX":1,"x":9.6,"scY":1,"y":-19.75,"pX":-0.1,"pY":0.05,"skX":22.28,"skY":22.28},"duration":4,"tweenEasing":0},{"z":11,"transform":{"scX":1,"x":1.65,"scY":1,"y":-31.2,"pX":-0.1,"pY":0.05,"skX":0.3,"skY":0.3},"duration":5,"tweenEasing":0},{"transform":{"scX":1,"x":-3.55,"scY":1,"y":-19.25,"pX":0,"pY":0,"skX":-14.45,"skY":-14.45},"z":11,"duration":1}],"offset":0},{"name":"bddg004","scale":1,"frame":[{"z":12,"transform":{"scX":1,"x":-7.85,"scY":1,"y":-42.95,"pX":0,"pY":0,"skX":-14.45,"skY":-14.45},"duration":4,"tweenEasing":0},{"z":12,"transform":{"scX":1,"x":4,"scY":1,"y":-55.95,"pX":-0.1,"pY":0.05,"skX":1.59,"skY":1.59},"duration":5,"tweenEasing":0},{"z":12,"transform":{"scX":1,"x":20.35,"scY":1,"y":-41.3,"pX":-0.1,"pY":0,"skX":22.28,"skY":22.28},"duration":4,"tweenEasing":0},{"z":12,"transform":{"scX":1,"x":3.55,"scY":1,"y":-55.25,"pX":-0.1,"pY":0.1,"skX":0.3,"skY":0.3},"duration":5,"tweenEasing":0},{"transform":{"scX":1,"x":-7.85,"scY":1,"y":-42.95,"pX":0,"pY":0,"skX":-14.45,"skY":-14.45},"z":12,"duration":1}],"offset":0},{"name":"bddg001","scale":1,"frame":[{"z":13,"transform":{"scX":1,"x":-14.75,"scY":1,"y":-36.65,"pX":0,"pY":0,"skX":10.23,"skY":10.23},"duration":4,"tweenEasing":0},{"z":13,"transform":{"scX":1,"x":-4.45,"scY":1,"y":-51.7,"pX":0.1,"pY":-0.05,"skX":-4.69,"skY":-4.69},"duration":5,"tweenEasing":0},{"z":13,"transform":{"scX":1,"x":11,"scY":1,"y":-40.3,"pX":-0.05,"pY":-0.05,"skX":44.44,"skY":44.44},"duration":4,"tweenEasing":0},{"z":13,"transform":{"scX":1,"x":-4.8,"scY":1,"y":-50.75,"pX":0.1,"pY":-0.05,"skX":-9.87,"skY":-9.87},"duration":5,"tweenEasing":0},{"transform":{"scX":1,"x":-14.75,"scY":1,"y":-36.65,"pX":0,"pY":0,"skX":10.23,"skY":10.23},"z":13,"duration":1}],"offset":0},{"name":"bddg003","scale":1,"frame":[{"z":14,"transform":{"scX":1,"x":-28.8,"scY":1,"y":-72.15,"pX":-1.35,"pY":-0.65,"skX":-9.06,"skY":-9.06},"duration":4,"tweenEasing":0},{"z":14,"transform":{"scX":1,"x":-8.05,"scY":1,"y":-90,"pX":-1.5,"pY":-0.6,"skX":32.73,"skY":32.73},"duration":5,"tweenEasing":0},{"z":14,"transform":{"scX":1,"x":20.3,"scY":1,"y":-76.65,"pX":-1.45,"pY":-0.7,"skX":67.67,"skY":66.72},"duration":4,"tweenEasing":0},{"z":14,"transform":{"scX":1,"x":-9.3,"scY":1,"y":-89.25,"pX":-1.4,"pY":-0.65,"skX":18.7,"skY":18.7},"duration":5,"tweenEasing":0},{"transform":{"scX":1,"x":-28.8,"scY":1,"y":-72.15,"pX":-1.35,"pY":-0.65,"skX":-9.06,"skY":-9.06},"z":14,"duration":1}],"offset":0},{"name":"bddg002","scale":1,"frame":[{"z":15,"transform":{"scX":1,"x":-15.5,"scY":1,"y":-64.7,"pX":-2.55,"pY":-0.35,"skX":-14.45,"skY":-14.45},"duration":4,"tweenEasing":0},{"z":15,"transform":{"scX":1,"x":2.65,"scY":1,"y":-78.95,"pX":-2.55,"pY":-0.35,"skX":1.59,"skY":1.59},"duration":5,"tweenEasing":0},{"z":15,"transform":{"scX":1,"x":27.2,"scY":1,"y":-63.3,"pX":-2.5,"pY":-0.35,"skX":22.28,"skY":22.28},"duration":4,"tweenEasing":0},{"z":15,"transform":{"scX":1,"x":1.7,"scY":1,"y":-78.15,"pX":-2.6,"pY":-0.3,"skX":0.3,"skY":0.3},"duration":5,"tweenEasing":0},{"transform":{"scX":1,"x":-15.5,"scY":1,"y":-64.7,"pX":-2.55,"pY":-0.35,"skX":-14.45,"skY":-14.45},"z":15,"duration":1}],"offset":0},{"name":"egregr","scale":1,"frame":[{"duration":4,"displayIndex":-1},{"z":16,"transform":{"scX":1,"x":8.55,"scY":0.99,"y":-32.75,"pX":0,"pY":0,"skX":-15.26,"skY":-15.26},"duration":5,"tweenEasing":0},{"z":16,"transform":{"scX":1,"x":16.8,"scY":1.06,"y":-17.2,"pX":-0.2,"pY":-0.05,"skX":-5.47,"skY":-5.47},"duration":3,"tweenEasing":0},{"transform":{"scX":1,"x":10.8,"scY":1.21,"y":-29.5,"pX":-0.15,"pY":0.05,"skX":-16.07,"skY":-16.07},"z":16,"duration":1},{"duration":6,"displayIndex":-1}],"offset":0},{"name":"ergegxcc","scale":1,"frame":[{"z":17,"transform":{"scX":1,"x":2.75,"scY":1,"y":-21.5,"pX":0,"pY":0,"skX":0,"skY":0},"duration":3,"tweenEasing":0},{"transform":{"scX":1,"x":7.4,"scY":1,"y":-30.5,"pX":0,"pY":-0.1,"skX":4.22,"skY":4.22},"z":17,"duration":1},{"duration":9,"displayIndex":-1},{"z":17,"transform":{"scX":1,"x":8.75,"scY":1.14,"y":-32.75,"pX":0.05,"pY":-0.05,"skX":-2.49,"skY":-2.49},"duration":5,"tweenEasing":0},{"transform":{"scX":1,"x":2.75,"scY":1,"y":-21.5,"pX":0,"pY":0,"skX":0,"skY":0},"z":17,"duration":1}],"offset":0},{"name":"ggee","scale":1,"frame":[{"duration":4,"displayIndex":-1},{"z":18,"transform":{"scX":1,"x":-4.95,"scY":1,"y":-33.25,"pX":0,"pY":0,"skX":8.98,"skY":8.98},"duration":5,"tweenEasing":0},{"z":18,"transform":{"scX":1,"x":3.55,"scY":1,"y":-22.25,"pX":-0.1,"pY":-0.05,"skX":27.93,"skY":27.93},"duration":3,"tweenEasing":0},{"transform":{"scX":1,"x":-3.25,"scY":1.01,"y":-28.95,"pX":0,"pY":-0.05,"skX":8.09,"skY":4.72},"z":18,"duration":1},{"duration":6,"displayIndex":-1}],"offset":0},{"name":"regdgb","scale":1,"frame":[{"z":19,"transform":{"scX":1.06,"x":-10.3,"scY":1,"y":-17,"pX":0,"pY":0,"skX":5.98,"skY":5.98},"duration":3,"tweenEasing":0},{"transform":{"scX":1.1,"x":-6.3,"scY":0.93,"y":-28.5,"pX":0.05,"pY":0.05,"skX":9.95,"skY":9.95},"z":19,"duration":1},{"duration":9,"displayIndex":-1},{"z":19,"transform":{"scX":1.05,"x":-5.3,"scY":1,"y":-31.5,"pX":0.1,"pY":0,"skX":9.47,"skY":9.47},"duration":5,"tweenEasing":0},{"transform":{"scX":1.06,"x":-10.3,"scY":1,"y":-17,"pX":0,"pY":0,"skX":5.98,"skY":5.98},"z":19,"duration":1}],"offset":0}],"scale":1,"loop":0,"autoTween":0,"name":"standB","duration":19,"tweenEasing":null}]}],"name":"game.living.Living408","frameRate":24,"version":2.3}