{"armature":[{"skin":[{"name":"default","slot":[{"name":"图层 145","z":0,"display":[{"transform":{"scX":1,"x":-21.45,"scY":1,"y":-4.45,"pX":0,"pY":0,"skX":0,"skY":0},"name":"Living440/图层 1451","type":"image"}],"parent":"图层 145"},{"name":"图层 148","z":1,"display":[{"transform":{"scX":1,"x":-8,"scY":1,"y":-27.25,"pX":0,"pY":0,"skX":0,"skY":0},"name":"Living440/图层 1481","type":"image"}],"parent":"图层 148"},{"name":"图层 173","z":2,"display":[{"transform":{"scX":1,"x":-4.3,"scY":1,"y":-26.15,"pX":0,"pY":0,"skX":0,"skY":0},"name":"Living440/图层 1731","type":"image"}],"parent":"图层 173"},{"name":"图层 172","z":3,"display":[{"transform":{"scX":1,"x":-4.75,"scY":1,"y":-3.8,"pX":0,"pY":0,"skX":0,"skY":0},"name":"Living440/图层 1721","type":"image"},{"transform":{"scX":1,"x":-32.25,"scY":1,"y":-59.5,"pX":0,"pY":0,"skX":0,"skY":0},"name":"Living440/图层 140_11","type":"image"}],"parent":"图层 172"},{"name":"图层 171","z":4,"display":[{"transform":{"scX":1,"x":-13.4,"scY":1,"y":-3.05,"pX":0,"pY":0,"skX":0,"skY":0},"name":"Living440/图层 1711","type":"image"},{"transform":{"scX":1,"x":-26.75,"scY":1,"y":-31.8,"pX":0,"pY":0,"skX":0,"skY":0},"name":"Living440/图层 1581","type":"image"}],"parent":"图层 171"},{"name":"图层 153","z":5,"display":[{"transform":{"scX":1,"x":-16.1,"scY":1,"y":-11.4,"pX":0,"pY":0,"skX":0,"skY":0},"name":"Living440/图层 1531","type":"image"},{"transform":{"scX":1,"x":-10.05,"scY":1,"y":-7.5,"pX":0,"pY":0,"skX":0,"skY":0},"name":"Living440/图层 153_11","type":"image"}],"parent":"图层 153"},{"name":"图层 156","z":6,"display":[{"transform":{"scX":1,"x":-5.2,"scY":1,"y":-3.8,"pX":0,"pY":0,"skX":0,"skY":0},"name":"Living440/图层 1561","type":"image"},{"transform":{"scX":1,"x":-4.15,"scY":1,"y":-8.65,"pX":0,"pY":0,"skX":0,"skY":0},"name":"Living440/图层 1661","type":"image"}],"parent":"图层 156"},{"name":"图层 162","z":7,"display":[{"transform":{"scX":1,"x":-10.9,"scY":1,"y":-4.15,"pX":0,"pY":0,"skX":0,"skY":0},"name":"Living440/图层 1621","type":"image"},{"transform":{"scX":1,"x":-13.45,"scY":1,"y":-5.6,"pX":0,"pY":0,"skX":0,"skY":0},"name":"Living440/图层 156_11","type":"image"}],"parent":"图层 162"},{"name":"图层 147","z":8,"display":[{"transform":{"scX":1,"x":-8.2,"scY":1,"y":-3.4,"pX":0,"pY":0,"skX":0,"skY":0},"name":"Living440/图层 1471","type":"image"},{"transform":{"scX":1,"x":-13.45,"scY":1,"y":-5.6,"pX":0,"pY":0,"skX":0,"skY":0},"name":"Living440/图层 156_11","type":"image"}],"parent":"图层 147"},{"name":"图层 143","z":9,"display":[{"transform":{"scX":1,"x":-14.85,"scY":1,"y":-4.3,"pX":0,"pY":0,"skX":0,"skY":0},"name":"Living440/图层 1431","type":"image"},{"transform":{"scX":1,"x":-4.15,"scY":1,"y":-8.65,"pX":0,"pY":0,"skX":0,"skY":0},"name":"Living440/图层 1661","type":"image"}],"parent":"图层 143"},{"name":"图层 164","z":10,"display":[{"transform":{"scX":1,"x":-12.55,"scY":1,"y":-12.45,"pX":0,"pY":0,"skX":0,"skY":0},"name":"Living440/图层 1641","type":"image"},{"transform":{"scX":1,"x":-7.95,"scY":1,"y":-10.5,"pX":0,"pY":0,"skX":0,"skY":0},"name":"Living440/图层 1671","type":"image"}],"parent":"图层 164"},{"name":"图层 157","z":11,"display":[{"transform":{"scX":1,"x":-8.05,"scY":1,"y":-5.95,"pX":0,"pY":0,"skX":0,"skY":0},"name":"Living440/图层 1571","type":"image"},{"transform":{"scX":1,"x":-17.5,"scY":1,"y":-11,"pX":0,"pY":0,"skX":0,"skY":0},"name":"Living440/图层 143_11","type":"image"}],"parent":"图层 157"},{"name":"图层 152","z":12,"display":[{"transform":{"scX":1,"x":-18.6,"scY":1,"y":-10.75,"pX":0,"pY":0,"skX":0,"skY":0},"name":"Living440/图层 1521","type":"image"},{"transform":{"scX":1,"x":-16.15,"scY":1,"y":-3.45,"pX":0,"pY":0,"skX":0,"skY":0},"name":"Living440/图层 1741","type":"image"}],"parent":"图层 152"},{"name":"图层 155","z":13,"display":[{"transform":{"scX":1,"x":-4.15,"scY":1,"y":-0.95,"pX":0,"pY":0,"skX":0,"skY":0},"name":"Living440/图层 1551","type":"image"},{"transform":{"scX":1,"x":-17.6,"scY":1,"y":-6.1,"pX":0,"pY":0,"skX":0,"skY":0},"name":"Living440/图层 154_11","type":"image"}],"parent":"图层 155"},{"name":"图层 161","z":14,"display":[{"transform":{"scX":1,"x":-13.3,"scY":1,"y":-4.95,"pX":0,"pY":0,"skX":0,"skY":0},"name":"Living440/图层 1611","type":"image"},{"transform":{"scX":1,"x":-9.75,"scY":1,"y":-5.7,"pX":0,"pY":0,"skX":0,"skY":0},"name":"Living440/图层 1601","type":"image"}],"parent":"图层 161"},{"name":"图层 154","z":15,"display":[{"transform":{"scX":1,"x":-1.85,"scY":1,"y":-6.15,"pX":0,"pY":0,"skX":0,"skY":0},"name":"Living440/图层 1541","type":"image"},{"transform":{"scX":1,"x":-3.9,"scY":1,"y":-8.95,"pX":0,"pY":0,"skX":0,"skY":0},"name":"Living440/图层 1651","type":"image"}],"parent":"图层 154"},{"name":"图层 144","z":16,"display":[{"transform":{"scX":1,"x":-9,"scY":1,"y":-3.3,"pX":0,"pY":0,"skX":0,"skY":0},"name":"Living440/图层 1441","type":"image"},{"transform":{"scX":1,"x":-24.3,"scY":1,"y":-18.7,"pX":0,"pY":0,"skX":0,"skY":0},"name":"Living440/图层 148_11","type":"image"}],"parent":"图层 144"},{"name":"图层 169","z":17,"display":[{"transform":{"scX":1,"x":-28.55,"skX":0,"scY":1,"y":-44.65,"skY":0},"name":"Living440/元件 2","type":"armature"},{"transform":{"scX":1,"x":-32.15,"scY":1,"y":-59.55,"pX":0,"pY":0,"skX":0,"skY":0},"name":"Living440/图层 140_11","type":"image"},{"transform":{"scX":1,"x":-6.05,"scY":1,"y":-28.45,"pX":0,"pY":0,"skX":0,"skY":0},"name":"Living440/图层 1771","type":"image"}],"parent":"图层 169"},{"name":"图层 163","z":18,"display":[{"transform":{"scX":1,"x":-18.7,"scY":1,"y":-3.9,"pX":0,"pY":0,"skX":0,"skY":0},"name":"Living440/图层 1631","type":"image"},{"transform":{"scX":1,"x":-20.2,"scY":1,"y":-11.75,"pX":0,"pY":0,"skX":0,"skY":0},"name":"Living440/图层 1761","type":"image"}],"parent":"图层 163"},{"name":"图层 141","z":19,"display":[{"transform":{"scX":1,"x":-27.1,"scY":1,"y":-33.25,"pX":0,"pY":0,"skX":0,"skY":0},"name":"Living440/图层 1411","type":"image"},{"transform":{"scX":1,"x":-26.85,"scY":1,"y":-31.65,"pX":0,"pY":0,"skX":0,"skY":0},"name":"Living440/图层 1581","type":"image"},{"transform":{"scX":1,"x":-7.6,"scY":1,"y":-1.8,"pX":0,"pY":0,"skX":0,"skY":0},"name":"Living440/图层 1751","type":"image"}],"parent":"图层 141"}]}],"name":"game.living.Living440","bone":[{"transform":{"scX":0.77,"x":-8.45,"skX":0,"scY":0.77,"y":-26.25,"skY":0},"name":"图层 145"},{"transform":{"scX":0.77,"x":5.85,"skX":0,"scY":0.77,"y":-14.85,"skY":0},"name":"图层 148"},{"transform":{"scX":0.77,"x":19.2,"skX":0,"scY":0.77,"y":-32.65,"skY":0},"name":"图层 173"},{"transform":{"scX":0.77,"x":27.3,"skX":0,"scY":0.77,"y":-49.9,"skY":0},"name":"图层 172"},{"transform":{"scX":0.77,"x":33.15,"skX":0,"scY":0.77,"y":-44.35,"skY":0},"name":"图层 171"},{"transform":{"scX":0.77,"x":-0.25,"skX":0,"scY":0.77,"y":-8.6,"skY":0},"name":"图层 153"},{"transform":{"scX":0.77,"x":-11,"skX":0,"scY":0.77,"y":-14.45,"skY":0},"name":"图层 156"},{"transform":{"scX":0.77,"x":-5.8,"skX":0,"scY":0.77,"y":-6.5,"skY":0},"name":"图层 162"},{"transform":{"scX":0.77,"x":-5.6,"skX":0,"scY":0.77,"y":-17.1,"skY":0},"name":"图层 147"},{"transform":{"scX":0.77,"x":-5.1,"skX":0,"scY":0.77,"y":-30.25,"skY":0},"name":"图层 143"},{"transform":{"scX":0.77,"x":3.15,"skX":0,"scY":0.77,"y":-17,"skY":0},"name":"图层 164"},{"transform":{"scX":0.77,"x":-0.3,"skX":0,"scY":0.77,"y":-14.3,"skY":0},"name":"图层 157"},{"transform":{"scX":0.77,"x":10.2,"skX":0,"scY":0.77,"y":-11.4,"skY":0},"name":"图层 152"},{"transform":{"scX":0.77,"x":-0.95,"skX":0,"scY":0.77,"y":-15.85,"skY":0},"name":"图层 155"},{"transform":{"scX":0.77,"x":6.9,"skX":0,"scY":0.77,"y":-6.6,"skY":0},"name":"图层 161"},{"transform":{"scX":0.77,"x":8.85,"skX":0,"scY":0.77,"y":-19.55,"skY":0},"name":"图层 154"},{"transform":{"scX":0.77,"x":6.65,"skX":0,"scY":0.77,"y":-27.15,"skY":0},"name":"图层 144"},{"transform":{"scX":1,"x":-4.9,"skX":0,"scY":1,"y":-26.7,"skY":0},"name":"图层 169"},{"transform":{"scX":0.77,"x":7.9,"skX":0,"scY":0.77,"y":-22.1,"skY":0},"name":"图层 163"},{"transform":{"scX":0.77,"x":-5.6,"skX":0,"scY":0.77,"y":-64.2,"skY":0},"name":"图层 141"}],"animation":[{"fadeInTime":0,"timeline":[{"name":"图层 145","scale":1,"frame":[{"z":0,"transform":{"scX":0.77,"x":-8.45,"scY":0.77,"y":-26.25,"pX":0,"pY":0,"skX":0,"skY":0},"duration":3,"tweenEasing":0},{"z":0,"transform":{"scX":0.77,"x":-10.95,"scY":0.77,"y":-23.85,"pX":0,"pY":0,"skX":14.51,"skY":14.51},"duration":2,"tweenEasing":0},{"z":0,"transform":{"scX":0.81,"x":-11.95,"scY":0.82,"y":-51.7,"pX":-0.05,"pY":-0.05,"skX":-39.83,"skY":-45.67},"duration":4,"tweenEasing":0},{"z":0,"transform":{"scX":0.77,"x":-11.9,"scY":0.77,"y":-74.55,"pX":-0.15,"pY":0.05,"skX":5.48,"skY":5.48},"duration":3,"tweenEasing":0},{"z":0,"transform":{"scX":0.77,"x":-12,"scY":0.77,"y":-40.65,"pX":-0.1,"pY":0.1,"skX":46.75,"skY":46.75},"duration":2,"tweenEasing":0},{"z":0,"transform":{"scX":0.77,"x":-12.05,"scY":0.71,"y":-20.2,"pX":0.05,"pY":-0.05,"skX":10.72,"skY":8.95},"duration":2,"tweenEasing":0},{"z":0,"transform":{"scX":0.77,"x":-8.45,"scY":0.77,"y":-26.25,"pX":0,"pY":0,"skX":0,"skY":0},"duration":1,"tweenEasing":0},{"z":0,"transform":{"scX":0.77,"x":-8.45,"scY":0.77,"y":-26.25,"pX":0,"pY":0,"skX":0,"skY":0},"duration":3,"tweenEasing":0},{"z":0,"transform":{"scX":0.77,"x":-10.95,"scY":0.77,"y":-23.85,"pX":0,"pY":0,"skX":14.51,"skY":14.51},"duration":2,"tweenEasing":0},{"z":0,"transform":{"scX":0.81,"x":-11.95,"scY":0.82,"y":-51.7,"pX":-0.05,"pY":-0.05,"skX":-39.83,"skY":-45.67},"duration":4,"tweenEasing":0},{"z":0,"transform":{"scX":0.77,"x":-11.9,"scY":0.77,"y":-74.55,"pX":-0.15,"pY":0.05,"skX":5.48,"skY":5.48},"duration":3,"tweenEasing":0},{"z":0,"transform":{"scX":0.77,"x":-12,"scY":0.77,"y":-40.65,"pX":-0.1,"pY":0.1,"skX":46.75,"skY":46.75},"duration":2,"tweenEasing":0},{"z":0,"transform":{"scX":0.77,"x":-12.05,"scY":0.71,"y":-20.2,"pX":0.05,"pY":-0.05,"skX":10.72,"skY":8.95},"duration":2,"tweenEasing":0},{"z":0,"transform":{"scX":0.77,"x":-8.45,"scY":0.77,"y":-26.25,"pX":0,"pY":0,"skX":0,"skY":0},"duration":1,"tweenEasing":0},{"z":0,"transform":{"scX":0.77,"x":-8.45,"scY":0.77,"y":-26.25,"pX":0,"pY":0,"skX":0,"skY":0},"duration":3,"tweenEasing":0},{"z":0,"transform":{"scX":0.77,"x":-10.95,"scY":0.77,"y":-23.85,"pX":0,"pY":0,"skX":14.51,"skY":14.51},"duration":2,"tweenEasing":0},{"z":0,"transform":{"scX":0.81,"x":-8.2,"scY":0.82,"y":-64.6,"pX":-0.05,"pY":-0.05,"skX":-40.33,"skY":-46.17},"duration":2,"tweenEasing":0},{"z":0,"transform":{"scX":0.77,"x":-0.7,"scY":0.77,"y":-86.35,"pX":-0.15,"pY":-0.05,"skX":-96.01,"skY":-96.01},"duration":2,"tweenEasing":0},{"z":0,"transform":{"scX":0.77,"x":5.35,"scY":0.77,"y":-120.8,"pX":-0.2,"pY":-0.05,"skX":-155.49,"skY":-155.49},"duration":2,"tweenEasing":0},{"z":0,"transform":{"scX":0.77,"x":-1.8,"scY":0.77,"y":-113.5,"pX":-0.2,"pY":-0.05,"skX":129.74,"skY":129.74},"duration":2,"tweenEasing":0},{"z":0,"transform":{"scX":0.77,"x":-12.8,"scY":0.77,"y":-84.65,"pX":-0.1,"pY":-0.1,"skX":125.8,"skY":125.8},"duration":2,"tweenEasing":0},{"z":0,"transform":{"scX":0.77,"x":-11.3,"scY":0.77,"y":-44.9,"pX":-0.2,"pY":0,"skX":45,"skY":45},"duration":2,"tweenEasing":0},{"z":0,"transform":{"scX":0.77,"x":-12.05,"scY":0.71,"y":-20.2,"pX":0.05,"pY":-0.05,"skX":10.72,"skY":8.95},"duration":2,"tweenEasing":0},{"transform":{"scX":0.77,"x":-8.45,"scY":0.77,"y":-26.25,"pX":0,"pY":0,"skX":0,"skY":0},"z":0,"duration":1}],"offset":0},{"name":"图层 148","scale":1,"frame":[{"z":1,"transform":{"scX":0.77,"x":5.85,"scY":0.77,"y":-14.85,"pX":0,"pY":0,"skX":0,"skY":0},"duration":3,"tweenEasing":0},{"z":1,"transform":{"scX":0.77,"x":5,"scY":0.77,"y":-14.9,"pX":0.1,"pY":0,"skX":-14.91,"skY":-14.91},"duration":2,"tweenEasing":0},{"z":1,"transform":{"scX":0.77,"x":-1.3,"scY":0.85,"y":-41.15,"pX":0,"pY":-0.05,"skX":48.73,"skY":50.45},"duration":4,"tweenEasing":0},{"z":1,"transform":{"scX":0.77,"x":-0.45,"scY":0.77,"y":-68.4,"pX":0,"pY":0.05,"skX":59.75,"skY":59.75},"duration":3,"tweenEasing":0},{"z":1,"transform":{"scX":0.77,"x":1.8,"scY":0.77,"y":-33.2,"pX":0.1,"pY":0.1,"skX":34.55,"skY":34.55},"duration":2,"tweenEasing":0},{"z":1,"transform":{"scX":0.76,"x":4.75,"scY":0.71,"y":-13.3,"pX":0.05,"pY":0,"skX":12.4,"skY":15.73},"duration":2,"tweenEasing":0},{"z":1,"transform":{"scX":0.77,"x":5.85,"scY":0.77,"y":-14.85,"pX":0,"pY":0,"skX":0,"skY":0},"duration":1,"tweenEasing":0},{"z":1,"transform":{"scX":0.77,"x":5.85,"scY":0.77,"y":-14.85,"pX":0,"pY":0,"skX":0,"skY":0},"duration":3,"tweenEasing":0},{"z":1,"transform":{"scX":0.77,"x":5,"scY":0.77,"y":-14.9,"pX":0.1,"pY":0,"skX":-14.91,"skY":-14.91},"duration":2,"tweenEasing":0},{"z":1,"transform":{"scX":0.77,"x":-1.3,"scY":0.85,"y":-41.15,"pX":0,"pY":-0.05,"skX":48.73,"skY":50.45},"duration":4,"tweenEasing":0},{"z":1,"transform":{"scX":0.77,"x":-0.45,"scY":0.77,"y":-68.4,"pX":0,"pY":0.05,"skX":59.75,"skY":59.75},"duration":3,"tweenEasing":0},{"z":1,"transform":{"scX":0.77,"x":1.8,"scY":0.77,"y":-33.2,"pX":0.1,"pY":0.1,"skX":34.55,"skY":34.55},"duration":2,"tweenEasing":0},{"z":1,"transform":{"scX":0.76,"x":4.75,"scY":0.71,"y":-13.3,"pX":0.05,"pY":0,"skX":12.4,"skY":15.73},"duration":2,"tweenEasing":0},{"z":1,"transform":{"scX":0.77,"x":5.85,"scY":0.77,"y":-14.85,"pX":0,"pY":0,"skX":0,"skY":0},"duration":1,"tweenEasing":0},{"z":1,"transform":{"scX":0.77,"x":5.85,"scY":0.77,"y":-14.85,"pX":0,"pY":0,"skX":0,"skY":0},"duration":3,"tweenEasing":0},{"z":1,"transform":{"scX":0.77,"x":5,"scY":0.77,"y":-14.9,"pX":0.1,"pY":0,"skX":-14.91,"skY":-14.91},"duration":2,"tweenEasing":0},{"z":1,"transform":{"scX":0.77,"x":2.55,"scY":0.85,"y":-54.05,"pX":0,"pY":-0.15,"skX":48.22,"skY":49.95},"duration":2,"tweenEasing":0},{"z":1,"transform":{"scX":0.77,"x":6.6,"scY":0.77,"y":-97.45,"pX":0.15,"pY":0.2,"skX":29.89,"skY":29.89},"duration":2,"tweenEasing":0},{"z":1,"transform":{"scX":0.77,"x":-0.25,"scY":0.77,"y":-132.8,"pX":0.15,"pY":0.2,"skX":-6.37,"skY":-6.37},"duration":2,"tweenEasing":0},{"z":1,"transform":{"scX":0.77,"x":-14.85,"scY":0.77,"y":-111.1,"pX":0.1,"pY":0.2,"skX":-104.35,"skY":-104.35},"duration":1,"tweenEasing":0},{"z":1,"transform":{"scX":0.77,"x":-8.55,"scY":0.77,"y":-97.5,"pX":0.05,"pY":0.2,"skX":-175.47,"skY":-175.47},"duration":1,"tweenEasing":0},{"z":1,"transform":{"scX":0.77,"x":-17.45,"scY":0.77,"y":-69.75,"pX":0.15,"pY":0.15,"skX":113.59,"skY":113.59},"duration":2,"tweenEasing":0},{"z":1,"transform":{"scX":0.77,"x":2.7,"scY":0.77,"y":-37.9,"pX":0.05,"pY":0.1,"skX":32.8,"skY":32.8},"duration":2,"tweenEasing":0},{"z":1,"transform":{"scX":0.76,"x":4.75,"scY":0.71,"y":-13.3,"pX":0.05,"pY":0,"skX":12.4,"skY":15.73},"duration":2,"tweenEasing":0},{"transform":{"scX":0.77,"x":5.85,"scY":0.77,"y":-14.85,"pX":0,"pY":0,"skX":0,"skY":0},"z":1,"duration":1}],"offset":0},{"name":"图层 173","scale":1,"frame":[{"z":2,"transform":{"scX":0.77,"x":19.2,"scY":0.77,"y":-32.65,"pX":0,"pY":0,"skX":0,"skY":0},"duration":3,"tweenEasing":0},{"z":2,"transform":{"scX":0.77,"x":13.3,"scY":0.77,"y":-35.55,"pX":-0.05,"pY":0.05,"skX":-18.15,"skY":-18.15},"duration":2,"tweenEasing":0},{"z":2,"transform":{"scX":0.77,"x":22.4,"scY":0.77,"y":-43.95,"pX":0.1,"pY":0.1,"skX":18.55,"skY":18.55},"duration":4,"tweenEasing":0},{"z":2,"transform":{"scX":0.77,"x":21.45,"scY":0.77,"y":-65.2,"pX":-0.05,"pY":0.05,"skX":90.7,"skY":90.7},"duration":3,"tweenEasing":0},{"z":2,"transform":{"scX":0.77,"x":23.3,"scY":0.77,"y":-41.15,"pX":-0.15,"pY":-0.1,"skX":61.5,"skY":61.5},"duration":2,"tweenEasing":0},{"z":2,"transform":{"scX":0.76,"x":21,"scY":0.71,"y":-25.75,"pX":-0.05,"pY":0.15,"skX":8.93,"skY":12.7},"duration":2,"tweenEasing":0},{"z":2,"transform":{"scX":0.77,"x":19.2,"scY":0.77,"y":-32.65,"pX":0,"pY":0,"skX":0,"skY":0},"duration":1,"tweenEasing":0},{"z":2,"transform":{"scX":0.77,"x":19.2,"scY":0.77,"y":-32.65,"pX":0,"pY":0,"skX":0,"skY":0},"duration":3,"tweenEasing":0},{"z":2,"transform":{"scX":0.77,"x":13.3,"scY":0.77,"y":-35.55,"pX":-0.05,"pY":0.05,"skX":-18.15,"skY":-18.15},"duration":2,"tweenEasing":0},{"z":2,"transform":{"scX":0.77,"x":22.4,"scY":0.77,"y":-43.95,"pX":0.1,"pY":0.1,"skX":18.55,"skY":18.55},"duration":4,"tweenEasing":0},{"z":2,"transform":{"scX":0.77,"x":21.45,"scY":0.77,"y":-65.2,"pX":-0.05,"pY":0.05,"skX":90.7,"skY":90.7},"duration":3,"tweenEasing":0},{"z":2,"transform":{"scX":0.77,"x":23.3,"scY":0.77,"y":-41.15,"pX":-0.15,"pY":-0.1,"skX":61.5,"skY":61.5},"duration":2,"tweenEasing":0},{"z":2,"transform":{"scX":0.76,"x":21,"scY":0.71,"y":-25.75,"pX":-0.05,"pY":0.15,"skX":8.93,"skY":12.7},"duration":2,"tweenEasing":0},{"z":2,"transform":{"scX":0.77,"x":19.2,"scY":0.77,"y":-32.65,"pX":0,"pY":0,"skX":0,"skY":0},"duration":1,"tweenEasing":0},{"z":2,"transform":{"scX":0.77,"x":19.2,"scY":0.77,"y":-32.65,"pX":0,"pY":0,"skX":0,"skY":0},"duration":3,"tweenEasing":0},{"z":2,"transform":{"scX":0.77,"x":13.3,"scY":0.77,"y":-35.55,"pX":-0.05,"pY":0.05,"skX":-18.15,"skY":-18.15},"duration":2,"tweenEasing":0},{"z":2,"transform":{"scX":0.77,"x":26.25,"scY":0.77,"y":-57.05,"pX":0,"pY":0,"skX":18.05,"skY":18.05},"duration":2,"tweenEasing":0},{"z":2,"transform":{"scX":0.77,"x":27.25,"scY":0.77,"y":-105.5,"pX":0.1,"pY":0.1,"skX":60.84,"skY":60.84},"duration":2,"tweenEasing":0},{"z":2,"transform":{"scX":0.77,"x":11.4,"scY":0.77,"y":-151.95,"pX":0.2,"pY":0.15,"skX":88.8,"skY":88.8},"duration":1,"tweenEasing":0},{"z":2,"transform":{"scX":0.77,"x":-16.25,"scY":0.77,"y":-142.8,"pX":0.25,"pY":0.15,"skX":50.12,"skY":50.12},"duration":1,"tweenEasing":0},{"z":2,"transform":{"scX":0.77,"x":-34,"scY":0.77,"y":-120.9,"pX":0.15,"pY":0,"skX":11.29,"skY":11.29},"duration":2,"tweenEasing":0},{"z":2,"transform":{"scX":0.77,"x":-5.55,"scY":0.77,"y":-50.15,"pX":-0.2,"pY":-0.1,"skX":140.54,"skY":140.54},"duration":1,"tweenEasing":0},{"z":2,"transform":{"scX":0.77,"x":12.6,"scY":0.77,"y":-46.65,"pX":-0.15,"pY":-0.2,"skX":100.04,"skY":100.04},"duration":1,"tweenEasing":0},{"z":2,"transform":{"scX":0.77,"x":23.6,"scY":0.77,"y":-45.85,"pX":-0.15,"pY":-0.05,"skX":59.75,"skY":59.75},"duration":2,"tweenEasing":0},{"z":2,"transform":{"scX":0.76,"x":21,"scY":0.71,"y":-25.75,"pX":-0.05,"pY":0.15,"skX":8.93,"skY":12.7},"duration":2,"tweenEasing":0},{"transform":{"scX":0.77,"x":19.2,"scY":0.77,"y":-32.65,"pX":0,"pY":0,"skX":0,"skY":0},"z":2,"duration":1}],"offset":0},{"name":"图层 172","scale":1,"frame":[{"z":3,"transform":{"scX":0.77,"x":27.3,"scY":0.77,"y":-49.9,"pX":0,"pY":0,"skX":0,"skY":0},"duration":3,"tweenEasing":0},{"z":3,"transform":{"scX":0.77,"x":14.4,"scY":0.77,"y":-54.35,"pX":0,"pY":-0.05,"skX":-55.39,"skY":-55.39},"duration":2,"tweenEasing":0},{"z":3,"transform":{"scX":0.77,"x":34.5,"scY":0.77,"y":-58.05,"pX":-0.05,"pY":0.15,"skX":-24.66,"skY":-24.66},"duration":3,"tweenEasing":0},{"z":3,"transform":{"scX":0.77,"x":39.3,"scY":0.77,"y":-59.5,"pX":-0.15,"pY":0.15,"skX":30.85,"skY":30.85},"duration":1,"tweenEasing":0},{"z":3,"transform":{"scX":0.77,"x":38.2,"scY":0.77,"y":-58.3,"pX":0.1,"pY":0.1,"skX":49.52,"skY":49.52},"duration":3,"tweenEasing":0},{"z":3,"transform":{"scX":0.77,"x":42.45,"scY":0.77,"y":-42.95,"pX":0.1,"pY":0.05,"skX":24.8,"skY":24.8},"duration":2,"tweenEasing":0},{"z":3,"transform":{"scX":0.72,"x":30.15,"scY":0.76,"y":-39.85,"pX":0,"pY":-0.2,"skX":-40.28,"skY":-35.74},"duration":2,"tweenEasing":0},{"z":3,"transform":{"scX":0.77,"x":27.3,"scY":0.77,"y":-49.9,"pX":0,"pY":0,"skX":0,"skY":0},"duration":1,"tweenEasing":0},{"z":3,"transform":{"scX":0.77,"x":27.3,"scY":0.77,"y":-49.9,"pX":0,"pY":0,"skX":0,"skY":0},"duration":3,"tweenEasing":0},{"z":3,"transform":{"scX":0.77,"x":14.4,"scY":0.77,"y":-54.35,"pX":0,"pY":-0.05,"skX":-55.39,"skY":-55.39},"duration":2,"tweenEasing":0},{"z":3,"transform":{"scX":0.77,"x":34.5,"scY":0.77,"y":-58.05,"pX":-0.05,"pY":0.15,"skX":-24.66,"skY":-24.66},"duration":3,"tweenEasing":0},{"z":3,"transform":{"scX":0.77,"x":39.3,"scY":0.77,"y":-59.5,"pX":-0.15,"pY":0.15,"skX":30.85,"skY":30.85},"duration":1,"tweenEasing":0},{"z":3,"transform":{"scX":0.77,"x":38.2,"scY":0.77,"y":-58.3,"pX":0.1,"pY":0.1,"skX":49.52,"skY":49.52},"duration":3,"tweenEasing":0},{"z":3,"transform":{"scX":0.77,"x":42.45,"scY":0.77,"y":-42.95,"pX":0.1,"pY":0.05,"skX":24.8,"skY":24.8},"duration":2,"tweenEasing":0},{"z":3,"transform":{"scX":0.72,"x":30.15,"scY":0.76,"y":-39.85,"pX":0,"pY":-0.2,"skX":-40.28,"skY":-35.74},"duration":2,"tweenEasing":0},{"z":3,"transform":{"scX":0.77,"x":27.3,"scY":0.77,"y":-49.9,"pX":0,"pY":0,"skX":0,"skY":0},"duration":1,"tweenEasing":0},{"z":3,"transform":{"scX":0.77,"x":27.3,"scY":0.77,"y":-49.9,"pX":0,"pY":0,"skX":0,"skY":0},"duration":3,"tweenEasing":0},{"z":3,"transform":{"scX":0.77,"x":14.4,"scY":0.77,"y":-54.35,"pX":0,"pY":-0.05,"skX":-55.39,"skY":-55.39},"duration":2,"tweenEasing":0},{"z":3,"transform":{"scX":0.77,"x":38.2,"scY":0.77,"y":-71.3,"pX":-0.05,"pY":0.1,"skX":-25.16,"skY":-25.16},"duration":2,"tweenEasing":0},{"z":3,"transform":{"scX":0.77,"x":47.4,"scY":0.77,"y":-106.1,"pX":0.1,"pY":0.2,"skX":92.88,"skY":92.88},"duration":2,"tweenEasing":0},{"z":3,"transform":{"scX":0.77,"x":29.55,"scY":0.77,"y":-143.05,"pX":0.3,"pY":0.3,"skX":120.85,"skY":120.85},"duration":1,"tweenEasing":0},{"z":3,"transform":{"scX":0.77,"x":2.95,"scY":0.78,"y":-146.55,"pX":0.25,"pY":0.2,"skX":82.21,"skY":82.21},"duration":1,"tweenEasing":0},{"z":3,"transform":{"scX":0.77,"x":-21.4,"scY":0.77,"y":-136.6,"pX":0.2,"pY":0.2,"skX":43.33,"skY":43.33},"duration":2,"tweenEasing":0},{"z":3,"transform":{"scX":0.77,"x":-0.15,"scY":0.77,"y":-31.6,"pX":0.1,"pY":0.15,"skX":103.84,"skY":103.84},"duration":1,"tweenEasing":0},{"z":3,"transform":{"scX":0.77,"x":28.35,"scY":0.77,"y":-34.5,"pX":-0.05,"pY":0.1,"skX":63.45,"skY":63.45},"duration":1,"tweenEasing":0},{"z":3,"transform":{"scX":0.77,"x":42.7,"scY":0.77,"y":-48.2,"pX":0.05,"pY":0.05,"skX":23.05,"skY":23.05},"duration":1,"tweenEasing":0},{"z":3,"transform":{"scX":0.75,"x":37.35,"scY":0.76,"y":-45.05,"pX":0.1,"pY":0.05,"skX":-8.53,"skY":-6.28},"duration":1,"tweenEasing":0},{"z":3,"transform":{"scX":0.72,"x":30.15,"scY":0.76,"y":-39.85,"pX":0,"pY":-0.2,"skX":-40.28,"skY":-35.74},"duration":2,"tweenEasing":0},{"transform":{"scX":0.77,"x":27.3,"scY":0.77,"y":-49.9,"pX":0,"pY":0,"skX":0,"skY":0},"z":3,"duration":1}],"offset":0},{"name":"图层 171","scale":1,"frame":[{"z":4,"transform":{"scX":0.77,"x":33.15,"scY":0.77,"y":-44.35,"pX":0,"pY":0,"skX":0,"skY":0},"duration":3,"tweenEasing":0},{"z":4,"transform":{"scX":0.77,"x":20.45,"scY":0.77,"y":-55.05,"pX":-0.1,"pY":0,"skX":-97.61,"skY":-97.61},"duration":2,"tweenEasing":0},{"z":4,"transform":{"scX":0.77,"x":40.2,"scY":0.77,"y":-54.7,"pX":0.1,"pY":0,"skX":-75.15,"skY":-75.15},"duration":3,"tweenEasing":0},{"z":4,"transform":{"scX":0.77,"x":40.7,"scY":0.77,"y":-53.05,"pX":0.1,"pY":-0.05,"skX":-25.57,"skY":-25.57},"duration":1,"tweenEasing":0},{"z":4,"transform":{"scX":0.77,"x":37.15,"scY":0.77,"y":-51.95,"pX":0.05,"pY":0.2,"skX":-9.13,"skY":-9.13},"duration":3,"tweenEasing":0},{"z":4,"transform":{"scX":0.77,"x":44.05,"scY":0.77,"y":-35.7,"pX":-0.05,"pY":-0.05,"skX":-27.12,"skY":-27.12},"duration":2,"tweenEasing":0},{"z":4,"transform":{"scX":0.71,"x":36.05,"scY":0.77,"y":-38.65,"pX":0.1,"pY":0.1,"skX":-91.18,"skY":-93.37},"duration":2,"tweenEasing":0},{"z":4,"transform":{"scX":0.77,"x":33.15,"scY":0.77,"y":-44.35,"pX":0,"pY":0,"skX":0,"skY":0},"duration":1,"tweenEasing":0},{"z":4,"transform":{"scX":0.77,"x":33.15,"scY":0.77,"y":-44.35,"pX":0,"pY":0,"skX":0,"skY":0},"duration":3,"tweenEasing":0},{"z":4,"transform":{"scX":0.77,"x":20.45,"scY":0.77,"y":-55.05,"pX":-0.1,"pY":0,"skX":-97.61,"skY":-97.61},"duration":2,"tweenEasing":0},{"z":4,"transform":{"scX":0.77,"x":40.2,"scY":0.77,"y":-54.7,"pX":0.1,"pY":0,"skX":-75.15,"skY":-75.15},"duration":3,"tweenEasing":0},{"z":4,"transform":{"scX":0.77,"x":40.7,"scY":0.77,"y":-53.05,"pX":0.1,"pY":-0.05,"skX":-25.57,"skY":-25.57},"duration":1,"tweenEasing":0},{"z":4,"transform":{"scX":0.77,"x":37.15,"scY":0.77,"y":-51.95,"pX":0.05,"pY":0.2,"skX":-9.13,"skY":-9.13},"duration":3,"tweenEasing":0},{"z":4,"transform":{"scX":0.77,"x":44.05,"scY":0.77,"y":-35.7,"pX":-0.05,"pY":-0.05,"skX":-27.12,"skY":-27.12},"duration":2,"tweenEasing":0},{"z":4,"transform":{"scX":0.71,"x":36.05,"scY":0.77,"y":-38.65,"pX":0.1,"pY":0.1,"skX":-91.18,"skY":-93.37},"duration":2,"tweenEasing":0},{"z":4,"transform":{"scX":0.77,"x":33.15,"scY":0.77,"y":-44.35,"pX":0,"pY":0,"skX":0,"skY":0},"duration":1,"tweenEasing":0},{"z":4,"transform":{"scX":0.77,"x":33.15,"scY":0.77,"y":-44.35,"pX":0,"pY":0,"skX":0,"skY":0},"duration":3,"tweenEasing":0},{"z":4,"transform":{"scX":0.77,"x":20.45,"scY":0.77,"y":-55.05,"pX":-0.1,"pY":0,"skX":-97.61,"skY":-97.61},"duration":2,"tweenEasing":0},{"z":4,"transform":{"scX":0.77,"x":43.95,"scY":0.77,"y":-67.95,"pX":0.1,"pY":0,"skX":-75.66,"skY":-75.66},"duration":2,"tweenEasing":0},{"z":4,"transform":{"scX":0.77,"x":42.15,"scY":0.77,"y":-102.25,"pX":0.1,"pY":0.15,"skX":87.97,"skY":87.97},"duration":2,"tweenEasing":0},{"z":4,"transform":{"scX":0.77,"x":23.05,"scY":0.77,"y":-142.05,"pX":0.15,"pY":0.15,"skX":115.93,"skY":115.93},"duration":1,"tweenEasing":0},{"z":4,"transform":{"scX":0.77,"x":-1.6,"scY":0.77,"y":-139.9,"pX":0.1,"pY":0.2,"skX":77.22,"skY":77.22},"duration":1,"tweenEasing":0},{"z":4,"transform":{"scX":0.77,"x":-21.85,"scY":0.77,"y":-130.2,"pX":0.3,"pY":0.2,"skX":38.41,"skY":38.41},"duration":2,"tweenEasing":0},{"z":4,"transform":{"scX":0.77,"x":-7.05,"scY":0.77,"y":-28.7,"pX":0.05,"pY":-0.1,"skX":51.92,"skY":51.92},"duration":1,"tweenEasing":0},{"z":4,"transform":{"scX":0.77,"x":23,"scY":0.77,"y":-27.7,"pX":0.05,"pY":-0.05,"skX":11.51,"skY":11.51},"duration":1,"tweenEasing":0},{"z":4,"transform":{"scX":0.77,"x":44.55,"scY":0.77,"y":-40.95,"pX":-0.1,"pY":-0.1,"skX":-28.87,"skY":-28.87},"duration":1,"tweenEasing":0},{"z":4,"transform":{"scX":0.74,"x":41.7,"scY":0.77,"y":-40.15,"pX":0,"pY":-0.1,"skX":-60.15,"skY":-61.17},"duration":1,"tweenEasing":0},{"z":4,"transform":{"scX":0.71,"x":36.05,"scY":0.77,"y":-38.65,"pX":0.1,"pY":0.1,"skX":-91.18,"skY":-93.37},"duration":2,"tweenEasing":0},{"transform":{"scX":0.77,"x":33.15,"scY":0.77,"y":-44.35,"pX":0,"pY":0,"skX":0,"skY":0},"z":4,"duration":1}],"offset":0},{"name":"图层 153","scale":1,"frame":[{"z":5,"transform":{"scX":0.77,"x":-0.25,"scY":0.77,"y":-8.6,"pX":0,"pY":0,"skX":0,"skY":0},"duration":3,"tweenEasing":0},{"z":5,"transform":{"scX":0.77,"x":-0.45,"scY":0.77,"y":-8.15,"pX":0.05,"pY":0,"skX":-5.21,"skY":-5.21},"duration":2,"tweenEasing":0},{"z":5,"transform":{"scX":0.85,"x":-5.1,"scY":0.77,"y":-39.85,"pX":0.05,"pY":0,"skX":-99.54,"skY":-97.79},"duration":4,"tweenEasing":0},{"z":5,"transform":{"scX":0.77,"x":-5.6,"scY":0.77,"y":-61.2,"pX":0.15,"pY":-0.05,"skX":-14.95,"skY":-14.95},"duration":3,"tweenEasing":0},{"z":5,"transform":{"scX":0.77,"x":-6.85,"scY":0.77,"y":-30.3,"pX":0.15,"pY":0,"skX":-108.9,"skY":-108.9},"duration":2,"tweenEasing":0},{"z":5,"transform":{"scX":0.77,"x":-0.45,"scY":0.7,"y":-7.5,"pX":0.05,"pY":0.05,"skX":-5.71,"skY":-4.76},"duration":2,"tweenEasing":0},{"z":5,"transform":{"scX":0.77,"x":-0.25,"scY":0.77,"y":-8.6,"pX":0,"pY":0,"skX":0,"skY":0},"duration":1,"tweenEasing":0},{"z":5,"transform":{"scX":0.77,"x":-0.25,"scY":0.77,"y":-8.6,"pX":0,"pY":0,"skX":0,"skY":0},"duration":3,"tweenEasing":0},{"z":5,"transform":{"scX":0.77,"x":-0.45,"scY":0.77,"y":-8.15,"pX":0.05,"pY":0,"skX":-5.21,"skY":-5.21},"duration":2,"tweenEasing":0},{"z":5,"transform":{"scX":0.85,"x":-5.1,"scY":0.77,"y":-39.85,"pX":0.05,"pY":0,"skX":-99.54,"skY":-97.79},"duration":4,"tweenEasing":0},{"z":5,"transform":{"scX":0.77,"x":-5.6,"scY":0.77,"y":-61.2,"pX":0.15,"pY":-0.05,"skX":-14.95,"skY":-14.95},"duration":3,"tweenEasing":0},{"z":5,"transform":{"scX":0.77,"x":-6.85,"scY":0.77,"y":-30.3,"pX":0.15,"pY":0,"skX":-108.9,"skY":-108.9},"duration":2,"tweenEasing":0},{"z":5,"transform":{"scX":0.77,"x":-0.45,"scY":0.7,"y":-7.5,"pX":0.05,"pY":0.05,"skX":-5.71,"skY":-4.76},"duration":2,"tweenEasing":0},{"z":5,"transform":{"scX":0.77,"x":-0.25,"scY":0.77,"y":-8.6,"pX":0,"pY":0,"skX":0,"skY":0},"duration":1,"tweenEasing":0},{"z":5,"transform":{"scX":0.77,"x":-0.25,"scY":0.77,"y":-8.6,"pX":0,"pY":0,"skX":0,"skY":0},"duration":3,"tweenEasing":0},{"z":5,"transform":{"scX":0.77,"x":-0.45,"scY":0.77,"y":-8.15,"pX":0.05,"pY":0,"skX":-5.21,"skY":-5.21},"duration":2,"tweenEasing":0},{"z":5,"transform":{"scX":0.85,"x":-1.25,"scY":0.77,"y":-52.8,"pX":0.1,"pY":0,"skX":-100.04,"skY":-98.3},"duration":2,"tweenEasing":0},{"z":5,"transform":{"scX":0.77,"x":13.9,"scY":0.77,"y":-88.3,"pX":0.25,"pY":-0.05,"skX":-42.01,"skY":-42.01},"duration":2,"tweenEasing":0},{"z":5,"transform":{"scX":0.77,"x":11.1,"scY":0.77,"y":-134.45,"pX":0.1,"pY":0.05,"skX":-101.49,"skY":-101.49},"duration":2,"tweenEasing":0},{"z":5,"transform":{"scX":0.77,"x":-13.4,"scY":0.77,"y":-122.65,"pX":0.2,"pY":0,"skX":-176.25,"skY":-176.25},"duration":2,"tweenEasing":0},{"z":5,"transform":{"scX":0.77,"x":-22,"scY":0.77,"y":-77.65,"pX":0.15,"pY":-0.05,"skX":-29.85,"skY":-29.85},"duration":2,"tweenEasing":0},{"z":5,"transform":{"scX":0.77,"x":-5.85,"scY":0.77,"y":-34.7,"pX":0.2,"pY":0,"skX":-110.65,"skY":-110.65},"duration":2,"tweenEasing":0},{"z":5,"transform":{"scX":0.77,"x":-0.45,"scY":0.7,"y":-7.5,"pX":0.05,"pY":0.05,"skX":-5.71,"skY":-4.76},"duration":2,"tweenEasing":0},{"transform":{"scX":0.77,"x":-0.25,"scY":0.77,"y":-8.6,"pX":0,"pY":0,"skX":0,"skY":0},"z":5,"duration":1}],"offset":0},{"name":"图层 156","scale":1,"frame":[{"z":6,"transform":{"scX":0.77,"x":-11,"scY":0.77,"y":-14.45,"pX":0,"pY":0,"skX":0,"skY":0},"duration":3,"tweenEasing":0},{"z":6,"transform":{"scX":0.77,"x":-11.45,"scY":0.77,"y":-13.25,"pX":0,"pY":-0.1,"skX":-9.45,"skY":-9.45},"duration":2,"tweenEasing":0},{"z":6,"transform":{"scX":0.8,"x":-8.25,"scY":0.83,"y":-27.85,"pX":0.05,"pY":0,"skX":29.91,"skY":35.23},"duration":4,"tweenEasing":0},{"z":6,"transform":{"scX":0.77,"x":-15.6,"scY":0.77,"y":-64.2,"pX":0.15,"pY":-0.05,"skX":25.46,"skY":25.46},"duration":3,"tweenEasing":0},{"z":6,"transform":{"scX":0.77,"x":-8.4,"scY":0.77,"y":-18.8,"pX":0.2,"pY":-0.1,"skX":31.22,"skY":31.22},"duration":2,"tweenEasing":0},{"z":6,"transform":{"scX":0.77,"x":-11.45,"scY":0.71,"y":-12.15,"pX":-0.05,"pY":-0.1,"skX":-10.34,"skY":-8.63},"duration":2,"tweenEasing":0},{"z":6,"transform":{"scX":0.77,"x":-11,"scY":0.77,"y":-14.45,"pX":0,"pY":0,"skX":0,"skY":0},"duration":1,"tweenEasing":0},{"z":6,"transform":{"scX":0.77,"x":-11,"scY":0.77,"y":-14.45,"pX":0,"pY":0,"skX":0,"skY":0},"duration":3,"tweenEasing":0},{"z":6,"transform":{"scX":0.77,"x":-11.45,"scY":0.77,"y":-13.25,"pX":0,"pY":-0.1,"skX":-9.45,"skY":-9.45},"duration":2,"tweenEasing":0},{"z":6,"transform":{"scX":0.8,"x":-8.25,"scY":0.83,"y":-27.85,"pX":0.05,"pY":0,"skX":29.91,"skY":35.23},"duration":4,"tweenEasing":0},{"z":6,"transform":{"scX":0.77,"x":-15.6,"scY":0.77,"y":-64.2,"pX":0.15,"pY":-0.05,"skX":25.46,"skY":25.46},"duration":3,"tweenEasing":0},{"z":6,"transform":{"scX":0.77,"x":-8.4,"scY":0.77,"y":-18.8,"pX":0.2,"pY":-0.1,"skX":31.22,"skY":31.22},"duration":2,"tweenEasing":0},{"z":6,"transform":{"scX":0.77,"x":-11.45,"scY":0.71,"y":-12.15,"pX":-0.05,"pY":-0.1,"skX":-10.34,"skY":-8.63},"duration":2,"tweenEasing":0},{"z":6,"transform":{"scX":0.77,"x":-11,"scY":0.77,"y":-14.45,"pX":0,"pY":0,"skX":0,"skY":0},"duration":1,"tweenEasing":0},{"z":6,"transform":{"scX":0.77,"x":-11,"scY":0.77,"y":-14.45,"pX":0,"pY":0,"skX":0,"skY":0},"duration":3,"tweenEasing":0},{"z":6,"transform":{"scX":0.77,"x":-11.45,"scY":0.77,"y":-13.25,"pX":0,"pY":-0.1,"skX":-9.45,"skY":-9.45},"duration":2,"tweenEasing":0},{"z":6,"transform":{"scX":0.8,"x":-4.25,"scY":0.83,"y":-40.8,"pX":0.05,"pY":0.05,"skX":29.41,"skY":34.73},"duration":2,"tweenEasing":0},{"z":6,"transform":{"scX":0.77,"x":2.6,"scY":0.77,"y":-82.55,"pX":0.1,"pY":-0.05,"skX":-39.78,"skY":-39.78},"duration":2,"tweenEasing":0},{"z":6,"transform":{"scX":0.77,"x":10.3,"scY":0.77,"y":-121.75,"pX":0.2,"pY":-0.05,"skX":-99.26,"skY":-99.26},"duration":2,"tweenEasing":0},{"z":6,"transform":{"scX":0.77,"x":-1.4,"scY":0.77,"y":-118.5,"pX":0.05,"pY":0.05,"skX":-174.03,"skY":-174.03},"duration":2,"tweenEasing":0},{"z":6,"transform":{"scX":0.77,"x":-33.55,"scY":0.77,"y":-76.9,"pX":0.2,"pY":-0.1,"skX":110.26,"skY":110.26},"duration":2,"tweenEasing":0},{"z":6,"transform":{"scX":0.77,"x":-7,"scY":0.77,"y":-23.2,"pX":0.2,"pY":0.05,"skX":29.47,"skY":29.47},"duration":2,"tweenEasing":0},{"z":6,"transform":{"scX":0.77,"x":-11.45,"scY":0.71,"y":-12.15,"pX":-0.05,"pY":-0.1,"skX":-10.34,"skY":-8.63},"duration":2,"tweenEasing":0},{"transform":{"scX":0.77,"x":-11,"scY":0.77,"y":-14.45,"pX":0,"pY":0,"skX":0,"skY":0},"z":6,"duration":1}],"offset":0},{"name":"图层 162","scale":1,"frame":[{"z":7,"transform":{"scX":0.77,"x":-5.8,"scY":0.77,"y":-6.5,"pX":0,"pY":0,"skX":0,"skY":0},"duration":3,"tweenEasing":0},{"z":7,"transform":{"scX":0.77,"x":-5.8,"scY":0.77,"y":-6.5,"pX":0,"pY":0,"skX":0,"skY":0},"duration":2,"tweenEasing":0},{"z":7,"transform":{"scX":0.84,"x":-8.6,"scY":0.79,"y":-17.75,"pX":0.05,"pY":0.05,"skX":-57.8,"skY":-62.84},"duration":4,"tweenEasing":0},{"z":7,"transform":{"scX":0.77,"x":-14.8,"scY":0.77,"y":-55.1,"pX":0.05,"pY":0.1,"skX":-67.44,"skY":-67.44},"duration":3,"tweenEasing":0},{"z":7,"transform":{"scX":0.77,"x":-8.55,"scY":0.77,"y":-9.7,"pX":0,"pY":0.15,"skX":-61.68,"skY":-61.68},"duration":2,"tweenEasing":0},{"z":7,"transform":{"scX":0.77,"x":-5.8,"scY":0.7,"y":-6,"pX":0,"pY":0.05,"skX":0,"skY":0},"duration":2,"tweenEasing":0},{"z":7,"transform":{"scX":0.77,"x":-5.8,"scY":0.77,"y":-6.5,"pX":0,"pY":0,"skX":0,"skY":0},"duration":1,"tweenEasing":0},{"z":7,"transform":{"scX":0.77,"x":-5.8,"scY":0.77,"y":-6.5,"pX":0,"pY":0,"skX":0,"skY":0},"duration":3,"tweenEasing":0},{"z":7,"transform":{"scX":0.77,"x":-5.8,"scY":0.77,"y":-6.5,"pX":0,"pY":0,"skX":0,"skY":0},"duration":2,"tweenEasing":0},{"z":7,"transform":{"scX":0.84,"x":-8.6,"scY":0.79,"y":-17.75,"pX":0.05,"pY":0.05,"skX":-57.8,"skY":-62.84},"duration":4,"tweenEasing":0},{"z":7,"transform":{"scX":0.77,"x":-14.8,"scY":0.77,"y":-55.1,"pX":0.05,"pY":0.1,"skX":-67.44,"skY":-67.44},"duration":3,"tweenEasing":0},{"z":7,"transform":{"scX":0.77,"x":-8.55,"scY":0.77,"y":-9.7,"pX":0,"pY":0.15,"skX":-61.68,"skY":-61.68},"duration":2,"tweenEasing":0},{"z":7,"transform":{"scX":0.77,"x":-5.8,"scY":0.7,"y":-6,"pX":0,"pY":0.05,"skX":0,"skY":0},"duration":2,"tweenEasing":0},{"z":7,"transform":{"scX":0.77,"x":-5.8,"scY":0.77,"y":-6.5,"pX":0,"pY":0,"skX":0,"skY":0},"duration":1,"tweenEasing":0},{"z":7,"transform":{"scX":0.77,"x":-5.8,"scY":0.77,"y":-6.5,"pX":0,"pY":0,"skX":0,"skY":0},"duration":3,"tweenEasing":0},{"z":7,"transform":{"scX":0.77,"x":-5.8,"scY":0.77,"y":-6.5,"pX":0,"pY":0,"skX":0,"skY":0},"duration":2,"tweenEasing":0},{"z":7,"transform":{"scX":0.83,"x":-4.55,"scY":0.79,"y":-30.65,"pX":-0.05,"pY":-0.05,"skX":-58.3,"skY":-63.34},"duration":2,"tweenEasing":0},{"z":7,"transform":{"scX":0.77,"x":11.15,"scY":0.77,"y":-79.45,"pX":-0.1,"pY":0.2,"skX":-132.68,"skY":-132.68},"duration":2,"tweenEasing":0},{"z":7,"transform":{"scX":0.77,"x":17.35,"scY":0.77,"y":-127.6,"pX":-0.15,"pY":0.2,"skX":167.84,"skY":167.84},"duration":2,"tweenEasing":0},{"z":7,"transform":{"scX":0.77,"x":-5.1,"scY":0.77,"y":-126.9,"pX":-0.1,"pY":0.3,"skX":93.07,"skY":93.07},"duration":2,"tweenEasing":0},{"z":7,"transform":{"scX":0.77,"x":-42.55,"scY":0.77,"y":-75.4,"pX":0,"pY":0.2,"skX":17.36,"skY":17.36},"duration":2,"tweenEasing":0},{"z":7,"transform":{"scX":0.77,"x":-6.95,"scY":0.77,"y":-14.05,"pX":0.1,"pY":0.2,"skX":-63.43,"skY":-63.43},"duration":2,"tweenEasing":0},{"z":7,"transform":{"scX":0.77,"x":-5.8,"scY":0.7,"y":-6,"pX":0,"pY":0.05,"skX":0,"skY":0},"duration":2,"tweenEasing":0},{"transform":{"scX":0.77,"x":-5.8,"scY":0.77,"y":-6.5,"pX":0,"pY":0,"skX":0,"skY":0},"z":7,"duration":1}],"offset":0},{"name":"图层 147","scale":1,"frame":[{"z":8,"transform":{"scX":0.77,"x":-5.6,"scY":0.77,"y":-17.1,"pX":0,"pY":0,"skX":0,"skY":0},"duration":3,"tweenEasing":0},{"z":8,"transform":{"scX":0.77,"x":-6.7,"scY":0.77,"y":-15.3,"pX":0.1,"pY":0.1,"skX":-9.2,"skY":-9.2},"duration":2,"tweenEasing":0},{"z":8,"transform":{"scX":0.77,"x":-9.45,"scY":0.85,"y":-44.45,"pX":-0.1,"pY":0,"skX":7.71,"skY":9.43},"duration":4,"tweenEasing":0},{"z":8,"transform":{"scX":0.77,"x":-9.75,"scY":0.77,"y":-67.85,"pX":0,"pY":0.05,"skX":11.21,"skY":11.21},"duration":3,"tweenEasing":0},{"z":8,"transform":{"scX":0.77,"x":-8.85,"scY":0.77,"y":-34.35,"pX":0,"pY":-0.05,"skX":1.51,"skY":1.51},"duration":2,"tweenEasing":0},{"z":8,"transform":{"scX":0.77,"x":-6.7,"scY":0.71,"y":-14,"pX":0.05,"pY":0.05,"skX":-10.07,"skY":-8.41},"duration":2,"tweenEasing":0},{"z":8,"transform":{"scX":0.77,"x":-5.6,"scY":0.77,"y":-17.1,"pX":0,"pY":0,"skX":0,"skY":0},"duration":1,"tweenEasing":0},{"z":8,"transform":{"scX":0.77,"x":-5.6,"scY":0.77,"y":-17.1,"pX":0,"pY":0,"skX":0,"skY":0},"duration":3,"tweenEasing":0},{"z":8,"transform":{"scX":0.77,"x":-6.7,"scY":0.77,"y":-15.3,"pX":0.1,"pY":0.1,"skX":-9.2,"skY":-9.2},"duration":2,"tweenEasing":0},{"z":8,"transform":{"scX":0.77,"x":-9.45,"scY":0.85,"y":-44.45,"pX":-0.1,"pY":0,"skX":7.71,"skY":9.43},"duration":4,"tweenEasing":0},{"z":8,"transform":{"scX":0.77,"x":-9.75,"scY":0.77,"y":-67.85,"pX":0,"pY":0.05,"skX":11.21,"skY":11.21},"duration":3,"tweenEasing":0},{"z":8,"transform":{"scX":0.77,"x":-8.85,"scY":0.77,"y":-34.35,"pX":0,"pY":-0.05,"skX":1.51,"skY":1.51},"duration":2,"tweenEasing":0},{"z":8,"transform":{"scX":0.77,"x":-6.7,"scY":0.71,"y":-14,"pX":0.05,"pY":0.05,"skX":-10.07,"skY":-8.41},"duration":2,"tweenEasing":0},{"z":8,"transform":{"scX":0.77,"x":-5.6,"scY":0.77,"y":-17.1,"pX":0,"pY":0,"skX":0,"skY":0},"duration":1,"tweenEasing":0},{"z":8,"transform":{"scX":0.77,"x":-5.6,"scY":0.77,"y":-17.1,"pX":0,"pY":0,"skX":0,"skY":0},"duration":3,"tweenEasing":0},{"z":8,"transform":{"scX":0.77,"x":-6.7,"scY":0.77,"y":-15.3,"pX":0.1,"pY":0.1,"skX":-9.2,"skY":-9.2},"duration":2,"tweenEasing":0},{"z":8,"transform":{"scX":0.77,"x":-5.6,"scY":0.85,"y":-57.35,"pX":-0.1,"pY":0.05,"skX":7.2,"skY":8.93},"duration":2,"tweenEasing":0},{"z":8,"transform":{"scX":0.77,"x":6.35,"scY":0.77,"y":-86.35,"pX":-0.15,"pY":-0.05,"skX":-60.76,"skY":-60.76},"duration":2,"tweenEasing":0},{"z":8,"transform":{"scX":0.77,"x":8.9,"scY":0.77,"y":-126.95,"pX":-0.2,"pY":0,"skX":-120.24,"skY":-120.24},"duration":2,"tweenEasing":0},{"z":8,"transform":{"scX":0.77,"x":-6.7,"scY":0.77,"y":-118.6,"pX":-0.15,"pY":0.05,"skX":164.99,"skY":164.99},"duration":2,"tweenEasing":0},{"z":8,"transform":{"scX":0.77,"x":-18.3,"scY":0.77,"y":-80.35,"pX":-0.1,"pY":0.15,"skX":80.55,"skY":80.55},"duration":2,"tweenEasing":0},{"z":8,"transform":{"scX":0.77,"x":-7.95,"scY":0.77,"y":-38.8,"pX":-0.05,"pY":0.1,"skX":-0.24,"skY":-0.24},"duration":2,"tweenEasing":0},{"z":8,"transform":{"scX":0.77,"x":-6.7,"scY":0.71,"y":-14,"pX":0.05,"pY":0.05,"skX":-10.07,"skY":-8.41},"duration":2,"tweenEasing":0},{"transform":{"scX":0.77,"x":-5.6,"scY":0.77,"y":-17.1,"pX":0,"pY":0,"skX":0,"skY":0},"z":8,"duration":1}],"offset":0},{"name":"图层 143","scale":1,"frame":[{"z":9,"transform":{"scX":0.77,"x":-5.1,"scY":0.77,"y":-30.25,"pX":0,"pY":0,"skX":0,"skY":0},"duration":3,"tweenEasing":0},{"z":9,"transform":{"scX":0.77,"x":-8.3,"scY":0.77,"y":-28.35,"pX":0.05,"pY":0,"skX":-9.2,"skY":-9.2},"duration":2,"tweenEasing":0},{"z":9,"transform":{"scX":0.77,"x":-6.3,"scY":0.85,"y":-59,"pX":0.05,"pY":0.05,"skX":10.42,"skY":12.72},"duration":4,"tweenEasing":0},{"z":9,"transform":{"scX":0.77,"x":-5.95,"scY":0.77,"y":-80.85,"pX":0.05,"pY":0.05,"skX":14.2,"skY":14.2},"duration":3,"tweenEasing":0},{"z":9,"transform":{"scX":0.77,"x":-7.25,"scY":0.77,"y":-47.8,"pX":-0.1,"pY":0.1,"skX":4.5,"skY":4.5},"duration":2,"tweenEasing":0},{"z":9,"transform":{"scX":0.77,"x":-9.75,"scY":0.71,"y":-24.5,"pX":0,"pY":0,"skX":-15.19,"skY":-12.73},"duration":2,"tweenEasing":0},{"z":9,"transform":{"scX":0.77,"x":-5.1,"scY":0.77,"y":-30.25,"pX":0,"pY":0,"skX":0,"skY":0},"duration":1,"tweenEasing":0},{"z":9,"transform":{"scX":0.77,"x":-5.1,"scY":0.77,"y":-30.25,"pX":0,"pY":0,"skX":0,"skY":0},"duration":3,"tweenEasing":0},{"z":9,"transform":{"scX":0.77,"x":-8.3,"scY":0.77,"y":-28.35,"pX":0.05,"pY":0,"skX":-9.2,"skY":-9.2},"duration":2,"tweenEasing":0},{"z":9,"transform":{"scX":0.77,"x":-6.3,"scY":0.85,"y":-59,"pX":0.05,"pY":0.05,"skX":10.42,"skY":12.72},"duration":4,"tweenEasing":0},{"z":9,"transform":{"scX":0.77,"x":-5.95,"scY":0.77,"y":-80.85,"pX":0.05,"pY":0.05,"skX":14.2,"skY":14.2},"duration":3,"tweenEasing":0},{"z":9,"transform":{"scX":0.77,"x":-7.25,"scY":0.77,"y":-47.8,"pX":-0.1,"pY":0.1,"skX":4.5,"skY":4.5},"duration":2,"tweenEasing":0},{"z":9,"transform":{"scX":0.77,"x":-9.75,"scY":0.71,"y":-24.5,"pX":0,"pY":0,"skX":-15.19,"skY":-12.73},"duration":2,"tweenEasing":0},{"z":9,"transform":{"scX":0.77,"x":-5.1,"scY":0.77,"y":-30.25,"pX":0,"pY":0,"skX":0,"skY":0},"duration":1,"tweenEasing":0},{"z":9,"transform":{"scX":0.77,"x":-5.1,"scY":0.77,"y":-30.25,"pX":0,"pY":0,"skX":0,"skY":0},"duration":3,"tweenEasing":0},{"z":9,"transform":{"scX":0.77,"x":-8.3,"scY":0.77,"y":-28.35,"pX":0.05,"pY":0,"skX":-9.2,"skY":-9.2},"duration":2,"tweenEasing":0},{"z":9,"transform":{"scX":0.77,"x":-2.55,"scY":0.85,"y":-71.9,"pX":0,"pY":0.1,"skX":9.91,"skY":12.21},"duration":2,"tweenEasing":0},{"z":9,"transform":{"scX":0.77,"x":-4.95,"scY":0.77,"y":-93.95,"pX":0,"pY":0.2,"skX":-58.09,"skY":-58.09},"duration":2,"tweenEasing":0},{"z":9,"transform":{"scX":0.77,"x":-3.35,"scY":0.77,"y":-121,"pX":0.05,"pY":0.2,"skX":-117.57,"skY":-117.57},"duration":2,"tweenEasing":0},{"z":9,"transform":{"scX":0.77,"x":-4.3,"scY":0.77,"y":-105.2,"pX":-0.1,"pY":0.25,"skX":167.66,"skY":167.66},"duration":2,"tweenEasing":0},{"z":9,"transform":{"scX":0.77,"x":-4.85,"scY":0.77,"y":-81.35,"pX":-0.1,"pY":0.1,"skX":83.54,"skY":83.54},"duration":2,"tweenEasing":0},{"z":9,"transform":{"scX":0.77,"x":-6.75,"scY":0.77,"y":-52.25,"pX":-0.1,"pY":0.15,"skX":2.75,"skY":2.75},"duration":2,"tweenEasing":0},{"z":9,"transform":{"scX":0.77,"x":-9.75,"scY":0.71,"y":-24.5,"pX":0,"pY":0,"skX":-15.19,"skY":-12.73},"duration":2,"tweenEasing":0},{"transform":{"scX":0.77,"x":-5.1,"scY":0.77,"y":-30.25,"pX":0,"pY":0,"skX":0,"skY":0},"z":9,"duration":1}],"offset":0},{"name":"图层 164","scale":1,"frame":[{"z":10,"transform":{"scX":0.77,"x":3.15,"scY":0.77,"y":-17,"pX":0,"pY":0,"skX":0,"skY":0},"duration":3,"tweenEasing":0},{"z":10,"transform":{"scX":0.77,"x":1.95,"scY":0.77,"y":-16.6,"pX":0.05,"pY":0,"skX":-9.2,"skY":-9.2},"duration":2,"tweenEasing":0},{"z":10,"transform":{"scX":0.77,"x":-0.85,"scY":0.85,"y":-42.9,"pX":0.1,"pY":-0.05,"skX":7.71,"skY":9.43},"duration":4,"tweenEasing":0},{"z":10,"transform":{"scX":0.77,"x":-1.2,"scY":0.77,"y":-66.05,"pX":0.05,"pY":0,"skX":11.21,"skY":11.21},"duration":3,"tweenEasing":0},{"z":10,"transform":{"scX":0.77,"x":-0.1,"scY":0.77,"y":-34,"pX":0.1,"pY":-0.05,"skX":1.51,"skY":1.51},"duration":2,"tweenEasing":0},{"z":10,"transform":{"scX":0.77,"x":1.4,"scY":0.71,"y":-14.6,"pX":0.05,"pY":0,"skX":-15.19,"skY":-12.73},"duration":2,"tweenEasing":0},{"z":10,"transform":{"scX":0.77,"x":3.15,"scY":0.77,"y":-17,"pX":0,"pY":0,"skX":0,"skY":0},"duration":1,"tweenEasing":0},{"z":10,"transform":{"scX":0.77,"x":3.15,"scY":0.77,"y":-17,"pX":0,"pY":0,"skX":0,"skY":0},"duration":3,"tweenEasing":0},{"z":10,"transform":{"scX":0.77,"x":1.95,"scY":0.77,"y":-16.6,"pX":0.05,"pY":0,"skX":-9.2,"skY":-9.2},"duration":2,"tweenEasing":0},{"z":10,"transform":{"scX":0.77,"x":-0.85,"scY":0.85,"y":-42.9,"pX":0.1,"pY":-0.05,"skX":7.71,"skY":9.43},"duration":4,"tweenEasing":0},{"z":10,"transform":{"scX":0.77,"x":-1.2,"scY":0.77,"y":-66.05,"pX":0.05,"pY":0,"skX":11.21,"skY":11.21},"duration":3,"tweenEasing":0},{"z":10,"transform":{"scX":0.77,"x":-0.1,"scY":0.77,"y":-34,"pX":0.1,"pY":-0.05,"skX":1.51,"skY":1.51},"duration":2,"tweenEasing":0},{"z":10,"transform":{"scX":0.77,"x":1.4,"scY":0.71,"y":-14.6,"pX":0.05,"pY":0,"skX":-15.19,"skY":-12.73},"duration":2,"tweenEasing":0},{"z":10,"transform":{"scX":0.77,"x":3.15,"scY":0.77,"y":-17,"pX":0,"pY":0,"skX":0,"skY":0},"duration":1,"tweenEasing":0},{"z":10,"transform":{"scX":0.77,"x":3.15,"scY":0.77,"y":-17,"pX":0,"pY":0,"skX":0,"skY":0},"duration":3,"tweenEasing":0},{"z":10,"transform":{"scX":0.77,"x":1.95,"scY":0.77,"y":-16.6,"pX":0.05,"pY":0,"skX":-9.2,"skY":-9.2},"duration":2,"tweenEasing":0},{"z":10,"transform":{"scX":0.77,"x":2.95,"scY":0.85,"y":-55.8,"pX":0.05,"pY":-0.1,"skX":7.2,"skY":8.93},"duration":2,"tweenEasing":0},{"z":10,"transform":{"scX":0.77,"x":10.6,"scY":0.77,"y":-93.95,"pX":0.1,"pY":0.05,"skX":-61.08,"skY":-61.08},"duration":2,"tweenEasing":0},{"z":10,"transform":{"scX":0.77,"x":4.6,"scY":0.77,"y":-134.4,"pX":0.1,"pY":0.05,"skX":-120.56,"skY":-120.56},"duration":2,"tweenEasing":0},{"z":10,"transform":{"scX":0.77,"x":-15.05,"scY":0.77,"y":-116.35,"pX":0.15,"pY":0.2,"skX":164.68,"skY":164.68},"duration":2,"tweenEasing":0},{"z":10,"transform":{"scX":0.77,"x":-17.05,"scY":0.77,"y":-71.7,"pX":0.1,"pY":0,"skX":80.55,"skY":80.55},"duration":2,"tweenEasing":0},{"z":10,"transform":{"scX":0.77,"x":0.8,"scY":0.77,"y":-38.65,"pX":0.1,"pY":0,"skX":-0.24,"skY":-0.24},"duration":2,"tweenEasing":0},{"z":10,"transform":{"scX":0.77,"x":1.4,"scY":0.71,"y":-14.6,"pX":0.05,"pY":0,"skX":-15.19,"skY":-12.73},"duration":2,"tweenEasing":0},{"transform":{"scX":0.77,"x":3.15,"scY":0.77,"y":-17,"pX":0,"pY":0,"skX":0,"skY":0},"z":10,"duration":1}],"offset":0},{"name":"图层 157","scale":1,"frame":[{"z":11,"transform":{"scX":0.77,"x":-0.3,"scY":0.77,"y":-14.3,"pX":0,"pY":0,"skX":0,"skY":0},"duration":3,"tweenEasing":0},{"z":11,"transform":{"scX":0.77,"x":-1,"scY":0.77,"y":-13.8,"pX":0.05,"pY":-0.1,"skX":-5.21,"skY":-5.21},"duration":2,"tweenEasing":0},{"z":11,"transform":{"scX":0.77,"x":-4.65,"scY":0.85,"y":-40.5,"pX":0.05,"pY":0,"skX":7.71,"skY":9.43},"duration":4,"tweenEasing":0},{"z":11,"transform":{"scX":0.77,"x":-5.1,"scY":0.77,"y":-64.1,"pX":0,"pY":0,"skX":11.21,"skY":11.21},"duration":3,"tweenEasing":0},{"z":11,"transform":{"scX":0.77,"x":-3.65,"scY":0.77,"y":-31.45,"pX":0.05,"pY":0.1,"skX":1.51,"skY":1.51},"duration":2,"tweenEasing":0},{"z":11,"transform":{"scX":0.77,"x":-1,"scY":0.7,"y":-12.65,"pX":0.05,"pY":-0.1,"skX":-5.71,"skY":-4.76},"duration":2,"tweenEasing":0},{"z":11,"transform":{"scX":0.77,"x":-0.3,"scY":0.77,"y":-14.3,"pX":0,"pY":0,"skX":0,"skY":0},"duration":1,"tweenEasing":0},{"z":11,"transform":{"scX":0.77,"x":-0.3,"scY":0.77,"y":-14.3,"pX":0,"pY":0,"skX":0,"skY":0},"duration":3,"tweenEasing":0},{"z":11,"transform":{"scX":0.77,"x":-1,"scY":0.77,"y":-13.8,"pX":0.05,"pY":-0.1,"skX":-5.21,"skY":-5.21},"duration":2,"tweenEasing":0},{"z":11,"transform":{"scX":0.77,"x":-4.65,"scY":0.85,"y":-40.5,"pX":0.05,"pY":0,"skX":7.71,"skY":9.43},"duration":4,"tweenEasing":0},{"z":11,"transform":{"scX":0.77,"x":-5.1,"scY":0.77,"y":-64.1,"pX":0,"pY":0,"skX":11.21,"skY":11.21},"duration":3,"tweenEasing":0},{"z":11,"transform":{"scX":0.77,"x":-3.65,"scY":0.77,"y":-31.45,"pX":0.05,"pY":0.1,"skX":1.51,"skY":1.51},"duration":2,"tweenEasing":0},{"z":11,"transform":{"scX":0.77,"x":-1,"scY":0.7,"y":-12.65,"pX":0.05,"pY":-0.1,"skX":-5.71,"skY":-4.76},"duration":2,"tweenEasing":0},{"z":11,"transform":{"scX":0.77,"x":-0.3,"scY":0.77,"y":-14.3,"pX":0,"pY":0,"skX":0,"skY":0},"duration":1,"tweenEasing":0},{"z":11,"transform":{"scX":0.77,"x":-0.3,"scY":0.77,"y":-14.3,"pX":0,"pY":0,"skX":0,"skY":0},"duration":3,"tweenEasing":0},{"z":11,"transform":{"scX":0.77,"x":-1,"scY":0.77,"y":-13.8,"pX":0.05,"pY":-0.1,"skX":-5.21,"skY":-5.21},"duration":2,"tweenEasing":0},{"z":11,"transform":{"scX":0.77,"x":-0.75,"scY":0.85,"y":-53.45,"pX":0,"pY":0.05,"skX":7.2,"skY":8.93},"duration":2,"tweenEasing":0},{"z":11,"transform":{"scX":0.77,"x":11.25,"scY":0.77,"y":-89.7,"pX":-0.05,"pY":0.15,"skX":-61.08,"skY":-61.08},"duration":2,"tweenEasing":0},{"z":11,"transform":{"scX":0.77,"x":8.55,"scY":0.77,"y":-132.9,"pX":-0.1,"pY":0.15,"skX":-120.56,"skY":-120.56},"duration":2,"tweenEasing":0},{"z":11,"transform":{"scX":0.77,"x":-12.55,"scY":0.77,"y":-119.8,"pX":-0.1,"pY":0.15,"skX":164.68,"skY":164.68},"duration":2,"tweenEasing":0},{"z":11,"transform":{"scX":0.77,"x":-20.2,"scY":0.77,"y":-74.7,"pX":0.1,"pY":0.15,"skX":80.55,"skY":80.55},"duration":2,"tweenEasing":0},{"z":11,"transform":{"scX":0.77,"x":-2.7,"scY":0.77,"y":-36,"pX":0.1,"pY":0.1,"skX":-0.24,"skY":-0.24},"duration":2,"tweenEasing":0},{"z":11,"transform":{"scX":0.77,"x":-1,"scY":0.7,"y":-12.65,"pX":0.05,"pY":-0.1,"skX":-5.71,"skY":-4.76},"duration":2,"tweenEasing":0},{"transform":{"scX":0.77,"x":-0.3,"scY":0.77,"y":-14.3,"pX":0,"pY":0,"skX":0,"skY":0},"z":11,"duration":1}],"offset":0},{"name":"图层 152","scale":1,"frame":[{"z":12,"transform":{"scX":0.77,"x":10.2,"scY":0.77,"y":-11.4,"pX":0,"pY":0,"skX":0,"skY":0},"duration":3,"tweenEasing":0},{"z":12,"transform":{"scX":0.77,"x":9.75,"scY":0.77,"y":-11.9,"pX":-0.05,"pY":0,"skX":-5.21,"skY":-5.21},"duration":2,"tweenEasing":0},{"z":12,"transform":{"scX":0.85,"x":2.8,"scY":0.77,"y":-38.15,"pX":0,"pY":0.05,"skX":-100.93,"skY":-98.94},"duration":4,"tweenEasing":0},{"z":12,"transform":{"scX":0.77,"x":2.25,"scY":0.77,"y":-61.6,"pX":0.1,"pY":-0.05,"skX":-76.74,"skY":-76.74},"duration":3,"tweenEasing":0},{"z":12,"transform":{"scX":0.77,"x":4.35,"scY":0.77,"y":-29.45,"pX":0,"pY":0.05,"skX":-15,"skY":-15},"duration":2,"tweenEasing":0},{"z":12,"transform":{"scX":0.77,"x":9.75,"scY":0.7,"y":-10.9,"pX":0,"pY":0.05,"skX":-5.71,"skY":-4.76},"duration":2,"tweenEasing":0},{"z":12,"transform":{"scX":0.77,"x":10.2,"scY":0.77,"y":-11.4,"pX":0,"pY":0,"skX":0,"skY":0},"duration":1,"tweenEasing":0},{"z":12,"transform":{"scX":0.77,"x":10.2,"scY":0.77,"y":-11.4,"pX":0,"pY":0,"skX":0,"skY":0},"duration":3,"tweenEasing":0},{"z":12,"transform":{"scX":0.77,"x":9.75,"scY":0.77,"y":-11.9,"pX":-0.05,"pY":0,"skX":-5.21,"skY":-5.21},"duration":2,"tweenEasing":0},{"z":12,"transform":{"scX":0.85,"x":2.8,"scY":0.77,"y":-38.15,"pX":0,"pY":0.05,"skX":-100.93,"skY":-98.94},"duration":4,"tweenEasing":0},{"z":12,"transform":{"scX":0.77,"x":2.25,"scY":0.77,"y":-61.6,"pX":0.1,"pY":-0.05,"skX":-76.74,"skY":-76.74},"duration":3,"tweenEasing":0},{"z":12,"transform":{"scX":0.77,"x":4.35,"scY":0.77,"y":-29.45,"pX":0,"pY":0.05,"skX":-15,"skY":-15},"duration":2,"tweenEasing":0},{"z":12,"transform":{"scX":0.77,"x":9.75,"scY":0.7,"y":-10.9,"pX":0,"pY":0.05,"skX":-5.71,"skY":-4.76},"duration":2,"tweenEasing":0},{"z":12,"transform":{"scX":0.77,"x":10.2,"scY":0.77,"y":-11.4,"pX":0,"pY":0,"skX":0,"skY":0},"duration":1,"tweenEasing":0},{"z":12,"transform":{"scX":0.77,"x":10.2,"scY":0.77,"y":-11.4,"pX":0,"pY":0,"skX":0,"skY":0},"duration":3,"tweenEasing":0},{"z":12,"transform":{"scX":0.77,"x":9.75,"scY":0.77,"y":-11.9,"pX":-0.05,"pY":0,"skX":-5.21,"skY":-5.21},"duration":2,"tweenEasing":0},{"z":12,"transform":{"scX":0.85,"x":6.65,"scY":0.77,"y":-51.15,"pX":-0.05,"pY":0.2,"skX":-101.44,"skY":-99.45},"duration":2,"tweenEasing":0},{"z":12,"transform":{"scX":0.77,"x":17.2,"scY":0.77,"y":-96.7,"pX":0.1,"pY":0,"skX":-57.87,"skY":-57.87},"duration":2,"tweenEasing":0},{"z":12,"transform":{"scX":0.77,"x":5.6,"scY":0.77,"y":-141.5,"pX":0.15,"pY":-0.05,"skX":-117.35,"skY":-117.35},"duration":2,"tweenEasing":0},{"z":12,"transform":{"scX":0.77,"x":-21.65,"scY":0.77,"y":-119.15,"pX":0.15,"pY":0,"skX":167.88,"skY":167.88},"duration":2,"tweenEasing":0},{"z":12,"transform":{"scX":0.77,"x":-20.7,"scY":0.77,"y":-66.45,"pX":0,"pY":-0.05,"skX":64.04,"skY":64.04},"duration":2,"tweenEasing":0},{"z":12,"transform":{"scX":0.77,"x":5.35,"scY":0.77,"y":-34.2,"pX":0,"pY":-0.05,"skX":-16.76,"skY":-16.76},"duration":2,"tweenEasing":0},{"z":12,"transform":{"scX":0.77,"x":9.75,"scY":0.7,"y":-10.9,"pX":0,"pY":0.05,"skX":-5.71,"skY":-4.76},"duration":2,"tweenEasing":0},{"transform":{"scX":0.77,"x":10.2,"scY":0.77,"y":-11.4,"pX":0,"pY":0,"skX":0,"skY":0},"z":12,"duration":1}],"offset":0},{"name":"图层 155","scale":1,"frame":[{"z":13,"transform":{"scX":0.77,"x":-0.95,"scY":0.77,"y":-15.85,"pX":0,"pY":0,"skX":0,"skY":0},"duration":3,"tweenEasing":0},{"z":13,"transform":{"scX":0.77,"x":-1.75,"scY":0.77,"y":-15.3,"pX":0,"pY":-0.05,"skX":-5.21,"skY":-5.21},"duration":2,"tweenEasing":0},{"z":13,"transform":{"scX":0.79,"x":-0.15,"scY":0.84,"y":-29.8,"pX":0,"pY":0.05,"skX":24.26,"skY":28.95},"duration":4,"tweenEasing":0},{"z":13,"transform":{"scX":0.77,"x":-4.45,"scY":0.77,"y":-54.6,"pX":0.05,"pY":0.1,"skX":29.22,"skY":29.22},"duration":3,"tweenEasing":0},{"z":13,"transform":{"scX":0.77,"x":-7.25,"scY":0.77,"y":-32.15,"pX":0,"pY":0.05,"skX":25.72,"skY":25.72},"duration":2,"tweenEasing":0},{"z":13,"transform":{"scX":0.77,"x":-1.75,"scY":0.7,"y":-14,"pX":0,"pY":-0.05,"skX":-5.71,"skY":-4.76},"duration":2,"tweenEasing":0},{"z":13,"transform":{"scX":0.77,"x":-0.95,"scY":0.77,"y":-15.85,"pX":0,"pY":0,"skX":0,"skY":0},"duration":1,"tweenEasing":0},{"z":13,"transform":{"scX":0.77,"x":-0.95,"scY":0.77,"y":-15.85,"pX":0,"pY":0,"skX":0,"skY":0},"duration":3,"tweenEasing":0},{"z":13,"transform":{"scX":0.77,"x":-1.75,"scY":0.77,"y":-15.3,"pX":0,"pY":-0.05,"skX":-5.21,"skY":-5.21},"duration":2,"tweenEasing":0},{"z":13,"transform":{"scX":0.79,"x":-0.15,"scY":0.84,"y":-29.8,"pX":0,"pY":0.05,"skX":24.26,"skY":28.95},"duration":4,"tweenEasing":0},{"z":13,"transform":{"scX":0.77,"x":-4.45,"scY":0.77,"y":-54.6,"pX":0.05,"pY":0.1,"skX":29.22,"skY":29.22},"duration":3,"tweenEasing":0},{"z":13,"transform":{"scX":0.77,"x":-7.25,"scY":0.77,"y":-32.15,"pX":0,"pY":0.05,"skX":25.72,"skY":25.72},"duration":2,"tweenEasing":0},{"z":13,"transform":{"scX":0.77,"x":-1.75,"scY":0.7,"y":-14,"pX":0,"pY":-0.05,"skX":-5.71,"skY":-4.76},"duration":2,"tweenEasing":0},{"z":13,"transform":{"scX":0.77,"x":-0.95,"scY":0.77,"y":-15.85,"pX":0,"pY":0,"skX":0,"skY":0},"duration":1,"tweenEasing":0},{"z":13,"transform":{"scX":0.77,"x":-0.95,"scY":0.77,"y":-15.85,"pX":0,"pY":0,"skX":0,"skY":0},"duration":3,"tweenEasing":0},{"z":13,"transform":{"scX":0.77,"x":-1.75,"scY":0.77,"y":-15.3,"pX":0,"pY":-0.05,"skX":-5.21,"skY":-5.21},"duration":2,"tweenEasing":0},{"z":13,"transform":{"scX":0.79,"x":3.8,"scY":0.84,"y":-42.75,"pX":-0.05,"pY":0,"skX":23.76,"skY":28.45},"duration":2,"tweenEasing":0},{"z":13,"transform":{"scX":0.77,"x":6.55,"scY":0.77,"y":-85.25,"pX":0,"pY":0,"skX":-69.34,"skY":-69.34},"duration":2,"tweenEasing":0},{"z":13,"transform":{"scX":0.77,"x":10,"scY":0.77,"y":-126.55,"pX":0.1,"pY":-0.05,"skX":-128.83,"skY":-128.83},"duration":2,"tweenEasing":0},{"z":13,"transform":{"scX":0.77,"x":-6.05,"scY":0.77,"y":-119.55,"pX":0.05,"pY":0,"skX":156.41,"skY":156.41},"duration":2,"tweenEasing":0},{"z":13,"transform":{"scX":0.77,"x":-20.3,"scY":0.77,"y":-78.35,"pX":-0.05,"pY":-0.05,"skX":104.76,"skY":104.76},"duration":2,"tweenEasing":0},{"z":13,"transform":{"scX":0.77,"x":-6.3,"scY":0.77,"y":-36.55,"pX":-0.05,"pY":0.05,"skX":23.97,"skY":23.97},"duration":2,"tweenEasing":0},{"z":13,"transform":{"scX":0.77,"x":-1.75,"scY":0.7,"y":-14,"pX":0,"pY":-0.05,"skX":-5.71,"skY":-4.76},"duration":2,"tweenEasing":0},{"transform":{"scX":0.77,"x":-0.95,"scY":0.77,"y":-15.85,"pX":0,"pY":0,"skX":0,"skY":0},"z":13,"duration":1}],"offset":0},{"name":"图层 161","scale":1,"frame":[{"z":14,"transform":{"scX":0.77,"x":6.9,"scY":0.77,"y":-6.6,"pX":0,"pY":0,"skX":0,"skY":0},"duration":3,"tweenEasing":0},{"z":14,"transform":{"scX":0.77,"x":6.9,"scY":0.77,"y":-6.6,"pX":0,"pY":0,"skX":0,"skY":0},"duration":2,"tweenEasing":0},{"z":14,"transform":{"scX":0.8,"x":3.75,"scY":0.83,"y":-17.4,"pX":0.1,"pY":-0.1,"skX":-30.79,"skY":-36.18},"duration":4,"tweenEasing":0},{"z":14,"transform":{"scX":0.77,"x":-1.1,"scY":0.77,"y":-43.3,"pX":0.1,"pY":-0.05,"skX":-30.74,"skY":-30.74},"duration":3,"tweenEasing":0},{"z":14,"transform":{"scX":0.77,"x":-3.2,"scY":0.77,"y":-21.15,"pX":0,"pY":-0.05,"skX":-34.24,"skY":-34.24},"duration":2,"tweenEasing":0},{"z":14,"transform":{"scX":0.77,"x":6.9,"scY":0.7,"y":-6.05,"pX":0,"pY":0,"skX":0,"skY":0},"duration":2,"tweenEasing":0},{"z":14,"transform":{"scX":0.77,"x":6.9,"scY":0.77,"y":-6.6,"pX":0,"pY":0,"skX":0,"skY":0},"duration":1,"tweenEasing":0},{"z":14,"transform":{"scX":0.77,"x":6.9,"scY":0.77,"y":-6.6,"pX":0,"pY":0,"skX":0,"skY":0},"duration":3,"tweenEasing":0},{"z":14,"transform":{"scX":0.77,"x":6.9,"scY":0.77,"y":-6.6,"pX":0,"pY":0,"skX":0,"skY":0},"duration":2,"tweenEasing":0},{"z":14,"transform":{"scX":0.8,"x":3.75,"scY":0.83,"y":-17.4,"pX":0.1,"pY":-0.1,"skX":-30.79,"skY":-36.18},"duration":4,"tweenEasing":0},{"z":14,"transform":{"scX":0.77,"x":-1.1,"scY":0.77,"y":-43.3,"pX":0.1,"pY":-0.05,"skX":-30.74,"skY":-30.74},"duration":3,"tweenEasing":0},{"z":14,"transform":{"scX":0.77,"x":-3.2,"scY":0.77,"y":-21.15,"pX":0,"pY":-0.05,"skX":-34.24,"skY":-34.24},"duration":2,"tweenEasing":0},{"z":14,"transform":{"scX":0.77,"x":6.9,"scY":0.7,"y":-6.05,"pX":0,"pY":0,"skX":0,"skY":0},"duration":2,"tweenEasing":0},{"z":14,"transform":{"scX":0.77,"x":6.9,"scY":0.77,"y":-6.6,"pX":0,"pY":0,"skX":0,"skY":0},"duration":1,"tweenEasing":0},{"z":14,"transform":{"scX":0.77,"x":6.9,"scY":0.77,"y":-6.6,"pX":0,"pY":0,"skX":0,"skY":0},"duration":3,"tweenEasing":0},{"z":14,"transform":{"scX":0.77,"x":6.9,"scY":0.77,"y":-6.6,"pX":0,"pY":0,"skX":0,"skY":0},"duration":2,"tweenEasing":0},{"z":14,"transform":{"scX":0.8,"x":7.75,"scY":0.83,"y":-30.4,"pX":0.2,"pY":0,"skX":-31.29,"skY":-36.68},"duration":2,"tweenEasing":0},{"z":14,"transform":{"scX":0.77,"x":17.2,"scY":0.77,"y":-90.3,"pX":-0.1,"pY":0.05,"skX":-129.3,"skY":-129.3},"duration":2,"tweenEasing":0},{"z":14,"transform":{"scX":0.77,"x":11.05,"scY":0.77,"y":-138.3,"pX":-0.05,"pY":0.1,"skX":171.21,"skY":171.21},"duration":2,"tweenEasing":0},{"z":14,"transform":{"scX":0.77,"x":-17.1,"scY":0.77,"y":-123.7,"pX":0.05,"pY":0.05,"skX":96.45,"skY":96.45},"duration":2,"tweenEasing":0},{"z":14,"transform":{"scX":0.77,"x":-30.3,"scY":0.77,"y":-72.3,"pX":-0.15,"pY":0,"skX":44.8,"skY":44.8},"duration":2,"tweenEasing":0},{"z":14,"transform":{"scX":0.77,"x":-1.9,"scY":0.77,"y":-25.65,"pX":-0.05,"pY":-0.1,"skX":-35.99,"skY":-35.99},"duration":2,"tweenEasing":0},{"z":14,"transform":{"scX":0.77,"x":6.9,"scY":0.7,"y":-6.05,"pX":0,"pY":0,"skX":0,"skY":0},"duration":2,"tweenEasing":0},{"transform":{"scX":0.77,"x":6.9,"scY":0.77,"y":-6.6,"pX":0,"pY":0,"skX":0,"skY":0},"z":14,"duration":1}],"offset":0},{"name":"图层 154","scale":1,"frame":[{"z":15,"transform":{"scX":0.77,"x":8.85,"scY":0.77,"y":-19.55,"pX":0,"pY":0,"skX":0,"skY":0},"duration":3,"tweenEasing":0},{"z":15,"transform":{"scX":0.77,"x":7.25,"scY":0.77,"y":-20.05,"pX":-0.1,"pY":0.05,"skX":-9.2,"skY":-9.2},"duration":2,"tweenEasing":0},{"z":15,"transform":{"scX":0.77,"x":5.2,"scY":0.85,"y":-44.8,"pX":-0.05,"pY":0.05,"skX":7.71,"skY":9.43},"duration":4,"tweenEasing":0},{"z":15,"transform":{"scX":0.77,"x":4.9,"scY":0.77,"y":-67.45,"pX":-0.05,"pY":0.05,"skX":11.21,"skY":11.21},"duration":3,"tweenEasing":0},{"z":15,"transform":{"scX":0.77,"x":5.7,"scY":0.77,"y":-36.4,"pX":-0.05,"pY":-0.05,"skX":1.51,"skY":1.51},"duration":2,"tweenEasing":0},{"z":15,"transform":{"scX":0.77,"x":6.4,"scY":0.71,"y":-18.1,"pX":-0.05,"pY":0,"skX":-15.19,"skY":-12.73},"duration":2,"tweenEasing":0},{"z":15,"transform":{"scX":0.77,"x":8.85,"scY":0.77,"y":-19.55,"pX":0,"pY":0,"skX":0,"skY":0},"duration":1,"tweenEasing":0},{"z":15,"transform":{"scX":0.77,"x":8.85,"scY":0.77,"y":-19.55,"pX":0,"pY":0,"skX":0,"skY":0},"duration":3,"tweenEasing":0},{"z":15,"transform":{"scX":0.77,"x":7.25,"scY":0.77,"y":-20.05,"pX":-0.1,"pY":0.05,"skX":-9.2,"skY":-9.2},"duration":2,"tweenEasing":0},{"z":15,"transform":{"scX":0.77,"x":5.2,"scY":0.85,"y":-44.8,"pX":-0.05,"pY":0.05,"skX":7.71,"skY":9.43},"duration":4,"tweenEasing":0},{"z":15,"transform":{"scX":0.77,"x":4.9,"scY":0.77,"y":-67.45,"pX":-0.05,"pY":0.05,"skX":11.21,"skY":11.21},"duration":3,"tweenEasing":0},{"z":15,"transform":{"scX":0.77,"x":5.7,"scY":0.77,"y":-36.4,"pX":-0.05,"pY":-0.05,"skX":1.51,"skY":1.51},"duration":2,"tweenEasing":0},{"z":15,"transform":{"scX":0.77,"x":6.4,"scY":0.71,"y":-18.1,"pX":-0.05,"pY":0,"skX":-15.19,"skY":-12.73},"duration":2,"tweenEasing":0},{"z":15,"transform":{"scX":0.77,"x":8.85,"scY":0.77,"y":-19.55,"pX":0,"pY":0,"skX":0,"skY":0},"duration":1,"tweenEasing":0},{"z":15,"transform":{"scX":0.77,"x":8.85,"scY":0.77,"y":-19.55,"pX":0,"pY":0,"skX":0,"skY":0},"duration":3,"tweenEasing":0},{"z":15,"transform":{"scX":0.77,"x":7.25,"scY":0.77,"y":-20.05,"pX":-0.1,"pY":0.05,"skX":-9.2,"skY":-9.2},"duration":2,"tweenEasing":0},{"z":15,"transform":{"scX":0.77,"x":9.05,"scY":0.85,"y":-57.85,"pX":-0.05,"pY":0.15,"skX":7.2,"skY":8.93},"duration":2,"tweenEasing":0},{"z":15,"transform":{"scX":0.77,"x":11.1,"scY":0.77,"y":-100.2,"pX":0,"pY":-0.05,"skX":-61.08,"skY":-61.08},"duration":2,"tweenEasing":0},{"z":15,"transform":{"scX":0.77,"x":-0.6,"scY":0.77,"y":-138.05,"pX":-0.05,"pY":-0.05,"skX":-120.56,"skY":-120.56},"duration":2,"tweenEasing":0},{"z":15,"transform":{"scX":0.77,"x":-19.95,"scY":0.77,"y":-112.35,"pX":-0.1,"pY":-0.15,"skX":164.68,"skY":164.68},"duration":2,"tweenEasing":0},{"z":15,"transform":{"scX":0.77,"x":-13.65,"scY":0.77,"y":-66.5,"pX":0.05,"pY":-0.1,"skX":80.55,"skY":80.55},"duration":2,"tweenEasing":0},{"z":15,"transform":{"scX":0.77,"x":6.5,"scY":0.77,"y":-41.2,"pX":0,"pY":-0.1,"skX":-0.24,"skY":-0.24},"duration":2,"tweenEasing":0},{"z":15,"transform":{"scX":0.77,"x":6.4,"scY":0.71,"y":-18.1,"pX":-0.05,"pY":0,"skX":-15.19,"skY":-12.73},"duration":2,"tweenEasing":0},{"transform":{"scX":0.77,"x":8.85,"scY":0.77,"y":-19.55,"pX":0,"pY":0,"skX":0,"skY":0},"z":15,"duration":1}],"offset":0},{"name":"图层 144","scale":1,"frame":[{"z":16,"transform":{"scX":0.77,"x":6.65,"scY":0.77,"y":-27.15,"pX":0,"pY":0,"skX":0,"skY":0},"duration":3,"tweenEasing":0},{"z":16,"transform":{"scX":0.77,"x":3.25,"scY":0.77,"y":-27.25,"pX":0.05,"pY":0.05,"skX":13.52,"skY":13.52},"duration":2,"tweenEasing":0},{"z":16,"transform":{"scX":0.77,"x":4.75,"scY":0.85,"y":-53.1,"pX":0.15,"pY":-0.05,"skX":1.19,"skY":1.46},"duration":4,"tweenEasing":0},{"z":16,"transform":{"scX":0.77,"x":4.45,"scY":0.77,"y":-75.05,"pX":-0.05,"pY":0,"skX":22.2,"skY":22.2},"duration":3,"tweenEasing":0},{"z":16,"transform":{"scX":0.77,"x":3.6,"scY":0.77,"y":-44.45,"pX":-0.05,"pY":0,"skX":39.49,"skY":39.49},"duration":2,"tweenEasing":0},{"z":16,"transform":{"scX":0.77,"x":1.85,"scY":0.71,"y":-24.35,"pX":0.1,"pY":0,"skX":9.65,"skY":8.05},"duration":2,"tweenEasing":0},{"z":16,"transform":{"scX":0.77,"x":6.65,"scY":0.77,"y":-27.15,"pX":0,"pY":0,"skX":0,"skY":0},"duration":1,"tweenEasing":0},{"z":16,"transform":{"scX":0.77,"x":6.65,"scY":0.77,"y":-27.15,"pX":0,"pY":0,"skX":0,"skY":0},"duration":3,"tweenEasing":0},{"z":16,"transform":{"scX":0.77,"x":3.25,"scY":0.77,"y":-27.25,"pX":0.05,"pY":0.05,"skX":13.52,"skY":13.52},"duration":2,"tweenEasing":0},{"z":16,"transform":{"scX":0.77,"x":4.75,"scY":0.85,"y":-53.1,"pX":0.15,"pY":-0.05,"skX":1.19,"skY":1.46},"duration":4,"tweenEasing":0},{"z":16,"transform":{"scX":0.77,"x":4.45,"scY":0.77,"y":-75.05,"pX":-0.05,"pY":0,"skX":22.2,"skY":22.2},"duration":3,"tweenEasing":0},{"z":16,"transform":{"scX":0.77,"x":3.6,"scY":0.77,"y":-44.45,"pX":-0.05,"pY":0,"skX":39.49,"skY":39.49},"duration":2,"tweenEasing":0},{"z":16,"transform":{"scX":0.77,"x":1.85,"scY":0.71,"y":-24.35,"pX":0.1,"pY":0,"skX":9.65,"skY":8.05},"duration":2,"tweenEasing":0},{"z":16,"transform":{"scX":0.77,"x":6.65,"scY":0.77,"y":-27.15,"pX":0,"pY":0,"skX":0,"skY":0},"duration":1,"tweenEasing":0},{"z":16,"transform":{"scX":0.77,"x":6.65,"scY":0.77,"y":-27.15,"pX":0,"pY":0,"skX":0,"skY":0},"duration":3,"tweenEasing":0},{"z":16,"transform":{"scX":0.77,"x":3.25,"scY":0.77,"y":-27.25,"pX":0.05,"pY":0.05,"skX":13.52,"skY":13.52},"duration":2,"tweenEasing":0},{"z":16,"transform":{"scX":0.77,"x":8.5,"scY":0.85,"y":-66.1,"pX":0.1,"pY":0,"skX":0.68,"skY":0.95},"duration":2,"tweenEasing":0},{"z":16,"transform":{"scX":0.77,"x":3.8,"scY":0.77,"y":-102.05,"pX":-0.1,"pY":-0.1,"skX":-50.09,"skY":-50.09},"duration":2,"tweenEasing":0},{"z":16,"transform":{"scX":0.77,"x":-5.85,"scY":0.77,"y":-132.65,"pX":0,"pY":-0.1,"skX":-109.57,"skY":-109.57},"duration":2,"tweenEasing":0},{"z":16,"transform":{"scX":0.77,"x":-16.15,"scY":0.77,"y":-105.9,"pX":0.05,"pY":-0.2,"skX":175.66,"skY":175.66},"duration":2,"tweenEasing":0},{"z":16,"transform":{"scX":0.77,"x":-6.05,"scY":0.77,"y":-70.05,"pX":0,"pY":0.1,"skX":118.53,"skY":118.53},"duration":2,"tweenEasing":0},{"z":16,"transform":{"scX":0.77,"x":4.2,"scY":0.77,"y":-49.2,"pX":-0.1,"pY":0.15,"skX":37.74,"skY":37.74},"duration":2,"tweenEasing":0},{"z":16,"transform":{"scX":0.77,"x":1.85,"scY":0.71,"y":-24.35,"pX":0.1,"pY":0,"skX":9.65,"skY":8.05},"duration":2,"tweenEasing":0},{"transform":{"scX":0.77,"x":6.65,"scY":0.77,"y":-27.15,"pX":0,"pY":0,"skX":0,"skY":0},"z":16,"duration":1}],"offset":0},{"name":"图层 169","scale":1,"frame":[{"z":17,"transform":{"scX":1,"x":-4.9,"scY":1,"y":-26.7,"pX":0,"pY":0,"skX":0,"skY":0},"duration":3,"tweenEasing":0},{"z":17,"transform":{"scX":1,"x":-6.85,"scY":1,"y":-24.35,"pX":0,"pY":0.05,"skX":-20.65,"skY":-20.65},"duration":2,"tweenEasing":0},{"z":17,"transform":{"scX":1,"x":-6.8,"scY":1,"y":-56.05,"pX":-0.05,"pY":-0.05,"skX":11.51,"skY":11.51},"duration":4,"tweenEasing":0},{"z":17,"transform":{"scX":1,"x":-6.65,"scY":1,"y":-77.25,"pX":-0.05,"pY":-0.05,"skX":14.2,"skY":14.2},"duration":3,"tweenEasing":0},{"z":17,"transform":{"scX":1,"x":-7.15,"scY":1,"y":-44.1,"pX":-0.05,"pY":-0.05,"skX":12.73,"skY":12.73},"duration":2,"tweenEasing":0},{"z":17,"transform":{"scX":1,"x":-9.35,"scY":1,"y":-21.4,"pX":-0.1,"pY":0.05,"skX":2.07,"skY":2.07},"duration":2,"tweenEasing":0},{"z":17,"transform":{"scX":1,"x":-4.9,"scY":1,"y":-26.7,"pX":0,"pY":0,"skX":0,"skY":0},"duration":1,"tweenEasing":0},{"z":17,"transform":{"scX":1,"x":-4.9,"scY":1,"y":-26.7,"pX":0,"pY":0,"skX":0,"skY":0},"duration":3,"tweenEasing":0},{"z":17,"transform":{"scX":1,"x":-6.85,"scY":1,"y":-24.35,"pX":0,"pY":0.05,"skX":-20.65,"skY":-20.65},"duration":2,"tweenEasing":0},{"z":17,"transform":{"scX":1,"x":-6.8,"scY":1,"y":-56.05,"pX":-0.05,"pY":-0.05,"skX":11.51,"skY":11.51},"duration":4,"tweenEasing":0},{"z":17,"transform":{"scX":1,"x":-6.65,"scY":1,"y":-77.25,"pX":-0.05,"pY":-0.05,"skX":14.2,"skY":14.2},"duration":3,"tweenEasing":0},{"z":17,"transform":{"scX":1,"x":-7.15,"scY":1,"y":-44.1,"pX":-0.05,"pY":-0.05,"skX":12.73,"skY":12.73},"duration":2,"tweenEasing":0},{"z":17,"transform":{"scX":1,"x":-9.35,"scY":1,"y":-21.4,"pX":-0.1,"pY":0.05,"skX":2.07,"skY":2.07},"duration":2,"tweenEasing":0},{"z":17,"transform":{"scX":1,"x":-4.9,"scY":1,"y":-26.7,"pX":0,"pY":0,"skX":0,"skY":0},"duration":1,"tweenEasing":0},{"z":17,"transform":{"scX":1,"x":-4.9,"scY":1,"y":-26.7,"pX":0,"pY":0,"skX":0,"skY":0},"duration":3,"tweenEasing":0},{"z":17,"transform":{"scX":1,"x":-6.85,"scY":1,"y":-24.35,"pX":0,"pY":0.05,"skX":-20.65,"skY":-20.65},"duration":2,"tweenEasing":0},{"z":17,"transform":{"scX":1,"x":-3.05,"scY":1,"y":-68.95,"pX":0,"pY":0,"skX":11.01,"skY":11.01},"duration":1,"tweenEasing":0},{"z":17,"transform":{"scX":1,"x":-0.75,"scY":1,"y":-81.9,"pX":-0.05,"pY":-0.05,"skX":-43.88,"skY":-43.88},"duration":1,"tweenEasing":0},{"z":17,"displayIndex":1,"transform":{"scX":-0.77,"x":-1.55,"scY":0.77,"y":-104.9,"pX":0,"pY":0,"skX":-125.01,"skY":-125.01},"duration":2,"tweenEasing":0},{"z":17,"displayIndex":1,"transform":{"scX":-0.77,"x":-1.65,"scY":0.77,"y":-130.2,"pX":-0.05,"pY":0,"skX":-148.55,"skY":-148.55},"duration":1,"tweenEasing":0},{"z":17,"displayIndex":1,"transform":{"scX":-0.77,"x":-11.15,"scY":0.77,"y":-115.35,"pX":-0.05,"pY":-0.05,"skX":139.89,"skY":139.89},"duration":1},{"z":17,"transform":{"scX":1,"x":-9.4,"scY":1,"y":-109.1,"pX":-0.1,"pY":0,"skX":126.96,"skY":126.96},"duration":2,"tweenEasing":0},{"z":17,"transform":{"scX":1,"x":-8.5,"scY":1,"y":-80.5,"pX":-0.1,"pY":0.05,"skX":91.77,"skY":91.77},"duration":2,"tweenEasing":0},{"z":17,"transform":{"scX":1,"x":-6.5,"scY":1,"y":-48.55,"pX":0,"pY":0.05,"skX":10.98,"skY":10.98},"duration":2,"tweenEasing":0},{"z":17,"transform":{"scX":1,"x":-9.35,"scY":1,"y":-21.4,"pX":-0.1,"pY":0.05,"skX":2.07,"skY":2.07},"duration":2,"tweenEasing":0},{"transform":{"scX":1,"x":-4.9,"scY":1,"y":-26.7,"pX":0,"pY":0,"skX":0,"skY":0},"z":17,"duration":1}],"offset":0},{"name":"图层 163","scale":1,"frame":[{"z":18,"transform":{"scX":0.77,"x":7.9,"scY":0.77,"y":-22.1,"pX":0,"pY":0,"skX":0,"skY":0},"duration":3,"tweenEasing":0},{"z":18,"transform":{"scX":0.77,"x":3.3,"scY":0.77,"y":-22,"pX":0,"pY":0.05,"skX":49.46,"skY":49.46},"duration":2,"tweenEasing":0},{"z":18,"transform":{"scX":0.79,"x":5,"scY":0.84,"y":-47.45,"pX":0,"pY":-0.1,"skX":-21.5,"skY":-25.8},"duration":4,"tweenEasing":0},{"z":18,"transform":{"scX":0.77,"x":3.7,"scY":0.77,"y":-69.85,"pX":0.1,"pY":-0.2,"skX":32.25,"skY":32.25},"duration":3,"tweenEasing":0},{"z":18,"transform":{"scX":0.77,"x":1.3,"scY":0.77,"y":-39.75,"pX":0.2,"pY":-0.1,"skX":73.27,"skY":73.27},"duration":2,"tweenEasing":0},{"z":18,"transform":{"scX":0.74,"x":2.3,"scY":0.74,"y":-19.6,"pX":0.05,"pY":0,"skX":47.39,"skY":42.13},"duration":2,"tweenEasing":0},{"z":18,"transform":{"scX":0.77,"x":7.9,"scY":0.77,"y":-22.1,"pX":0,"pY":0,"skX":0,"skY":0},"duration":1,"tweenEasing":0},{"z":18,"transform":{"scX":0.77,"x":7.9,"scY":0.77,"y":-22.1,"pX":0,"pY":0,"skX":0,"skY":0},"duration":3,"tweenEasing":0},{"z":18,"transform":{"scX":0.77,"x":3.3,"scY":0.77,"y":-22,"pX":0,"pY":0.05,"skX":49.46,"skY":49.46},"duration":2,"tweenEasing":0},{"z":18,"transform":{"scX":0.79,"x":5,"scY":0.84,"y":-47.45,"pX":0,"pY":-0.1,"skX":-21.5,"skY":-25.8},"duration":4,"tweenEasing":0},{"z":18,"transform":{"scX":0.77,"x":3.7,"scY":0.77,"y":-69.85,"pX":0.1,"pY":-0.2,"skX":32.25,"skY":32.25},"duration":3,"tweenEasing":0},{"z":18,"transform":{"scX":0.77,"x":1.3,"scY":0.77,"y":-39.75,"pX":0.2,"pY":-0.1,"skX":73.27,"skY":73.27},"duration":2,"tweenEasing":0},{"z":18,"transform":{"scX":0.74,"x":2.3,"scY":0.74,"y":-19.6,"pX":0.05,"pY":0,"skX":47.39,"skY":42.13},"duration":2,"tweenEasing":0},{"z":18,"transform":{"scX":0.77,"x":7.9,"scY":0.77,"y":-22.1,"pX":0,"pY":0,"skX":0,"skY":0},"duration":1,"tweenEasing":0},{"z":18,"transform":{"scX":0.77,"x":7.9,"scY":0.77,"y":-22.1,"pX":0,"pY":0,"skX":0,"skY":0},"duration":3,"tweenEasing":0},{"z":18,"transform":{"scX":0.77,"x":3.3,"scY":0.77,"y":-22,"pX":0,"pY":0.05,"skX":49.46,"skY":49.46},"duration":2,"tweenEasing":0},{"z":18,"transform":{"scX":0.79,"x":8.85,"scY":0.84,"y":-60.45,"pX":-0.05,"pY":-0.05,"skX":-22,"skY":-26.31},"duration":2,"tweenEasing":0},{"z":18,"transform":{"scX":0.77,"x":8.5,"scY":0.77,"y":-99.8,"pX":0.2,"pY":-0.2,"skX":-52.75,"skY":-52.75},"duration":2,"tweenEasing":0},{"z":18,"transform":{"scX":0.77,"x":-1.55,"scY":0.77,"y":-135.6,"pX":0.2,"pY":-0.15,"skX":-112.23,"skY":-112.23},"duration":2,"tweenEasing":0},{"z":18,"transform":{"scX":0.77,"x":-17.85,"scY":0.77,"y":-110.85,"pX":0.25,"pY":-0.25,"skX":173.01,"skY":173.01},"duration":2,"tweenEasing":0},{"z":18,"transform":{"scX":0.77,"x":-11.1,"scY":0.77,"y":-71.4,"pX":0.2,"pY":-0.1,"skX":152.32,"skY":152.32},"duration":2,"tweenEasing":0},{"z":18,"transform":{"scX":0.77,"x":2.05,"scY":0.77,"y":-44.45,"pX":0.2,"pY":-0.1,"skX":71.52,"skY":71.52},"duration":2,"tweenEasing":0},{"z":18,"transform":{"scX":0.74,"x":2.3,"scY":0.74,"y":-19.6,"pX":0.05,"pY":0,"skX":47.39,"skY":42.13},"duration":2,"tweenEasing":0},{"transform":{"scX":0.77,"x":7.9,"scY":0.77,"y":-22.1,"pX":0,"pY":0,"skX":0,"skY":0},"z":18,"duration":1}],"offset":0},{"name":"图层 141","scale":1,"frame":[{"z":19,"transform":{"scX":0.77,"x":-5.6,"scY":0.77,"y":-64.2,"pX":0,"pY":0,"skX":0,"skY":0},"duration":3,"tweenEasing":0},{"z":19,"transform":{"scX":0.77,"x":-20.7,"scY":0.77,"y":-59.2,"pX":-0.05,"pY":0.05,"skX":-12.91,"skY":-12.91},"duration":2,"tweenEasing":0},{"z":19,"transform":{"scX":0.77,"x":0,"scY":0.77,"y":-92.95,"pX":-0.15,"pY":0.05,"skX":11.51,"skY":11.51},"duration":4,"tweenEasing":0},{"z":19,"transform":{"scX":0.77,"x":3.95,"scY":0.77,"y":-122.75,"pX":-0.1,"pY":-0.1,"skX":0.23,"skY":0.23},"duration":3,"tweenEasing":0},{"z":19,"transform":{"scX":0.77,"x":-1.25,"scY":0.77,"y":-89,"pX":-0.05,"pY":-0.15,"skX":23.74,"skY":23.74},"duration":2,"tweenEasing":0},{"z":19,"transform":{"scX":0.77,"x":-8.5,"scY":0.77,"y":-61.25,"pX":-0.15,"pY":0.05,"skX":18.37,"skY":18.37},"duration":2,"tweenEasing":0},{"z":19,"transform":{"scX":0.77,"x":-5.6,"scY":0.77,"y":-64.2,"pX":0,"pY":0,"skX":0,"skY":0},"duration":1,"tweenEasing":0},{"z":19,"transform":{"scX":0.77,"x":-5.6,"scY":0.77,"y":-64.2,"pX":0,"pY":0,"skX":0,"skY":0},"duration":3,"tweenEasing":0},{"z":19,"transform":{"scX":0.77,"x":-20.7,"scY":0.77,"y":-59.2,"pX":-0.05,"pY":0.05,"skX":-12.91,"skY":-12.91},"duration":2,"tweenEasing":0},{"z":19,"transform":{"scX":0.77,"x":0,"scY":0.77,"y":-92.95,"pX":-0.15,"pY":0.05,"skX":11.51,"skY":11.51},"duration":4,"tweenEasing":0},{"z":19,"transform":{"scX":0.77,"x":3.95,"scY":0.77,"y":-122.75,"pX":-0.1,"pY":-0.1,"skX":0.23,"skY":0.23},"duration":3,"tweenEasing":0},{"z":19,"transform":{"scX":0.77,"x":-1.25,"scY":0.77,"y":-89,"pX":-0.05,"pY":-0.15,"skX":23.74,"skY":23.74},"duration":2,"tweenEasing":0},{"z":19,"transform":{"scX":0.77,"x":-8.5,"scY":0.77,"y":-61.25,"pX":-0.15,"pY":0.05,"skX":18.37,"skY":18.37},"duration":2,"tweenEasing":0},{"z":19,"transform":{"scX":0.77,"x":-5.6,"scY":0.77,"y":-64.2,"pX":0,"pY":0,"skX":0,"skY":0},"duration":1,"tweenEasing":0},{"z":19,"transform":{"scX":0.77,"x":-5.6,"scY":0.77,"y":-64.2,"pX":0,"pY":0,"skX":0,"skY":0},"duration":3,"tweenEasing":0},{"z":19,"transform":{"scX":0.77,"x":-20.7,"scY":0.77,"y":-59.2,"pX":-0.05,"pY":0.05,"skX":-12.91,"skY":-12.91},"duration":2,"tweenEasing":0},{"z":19,"transform":{"scX":0.77,"x":3.45,"scY":0.77,"y":-105.9,"pX":-0.2,"pY":-0.05,"skX":11.01,"skY":11.01},"duration":1,"tweenEasing":0},{"z":19,"transform":{"scX":0.77,"x":-15.85,"scY":0.77,"y":-97.65,"pX":-0.15,"pY":-0.05,"skX":-50.89,"skY":-50.89},"duration":1,"tweenEasing":0},{"z":19,"displayIndex":1,"transform":{"scX":-0.77,"x":-29.75,"scY":0.77,"y":-76.25,"pX":0,"pY":0,"skX":-125.01,"skY":-125.01},"duration":2,"tweenEasing":0},{"z":19,"displayIndex":1,"transform":{"scX":-0.77,"x":-10,"scY":0.77,"y":-102.55,"pX":0,"pY":-0.1,"skX":-148.55,"skY":-148.55},"duration":1,"tweenEasing":0},{"z":19,"displayIndex":1,"transform":{"scX":-0.77,"x":19.85,"scY":0.77,"y":-89.75,"pX":0.1,"pY":0.05,"skX":139.89,"skY":139.89},"duration":1},{"z":19,"transform":{"scX":0.77,"x":20.1,"scY":0.77,"y":-86.7,"pX":-0.15,"pY":0.1,"skX":112.98,"skY":112.98},"duration":2,"tweenEasing":0},{"z":19,"transform":{"scX":0.77,"x":36.75,"scY":0.77,"y":-83.25,"pX":0,"pY":-0.2,"skX":102.78,"skY":102.78},"duration":2,"tweenEasing":0},{"z":19,"transform":{"scX":0.77,"x":-3,"scY":0.77,"y":-86.6,"pX":-0.1,"pY":-0.1,"skX":21.99,"skY":21.99},"duration":2,"tweenEasing":0},{"z":19,"transform":{"scX":0.77,"x":-8.5,"scY":0.77,"y":-61.25,"pX":-0.15,"pY":0.05,"skX":18.37,"skY":18.37},"duration":2,"tweenEasing":0},{"transform":{"scX":0.77,"x":-5.6,"scY":0.77,"y":-64.2,"pX":0,"pY":0,"skX":0,"skY":0},"z":19,"duration":1}],"offset":0}],"scale":1,"loop":0,"autoTween":1,"name":"standA","duration":54,"tweenEasing":null},{"fadeInTime":0,"timeline":[{"name":"图层 172","scale":1,"frame":[{"z":20,"displayIndex":1,"transform":{"scX":-0.77,"x":0.55,"scY":0.77,"y":-24.1,"pX":0,"pY":0,"skX":0,"skY":0},"duration":3,"tweenEasing":0},{"z":20,"displayIndex":1,"transform":{"scX":-0.77,"x":-3.9,"scY":0.77,"y":-24.5,"pX":0.05,"pY":-0.1,"skX":-18.39,"skY":-18.39},"duration":2,"tweenEasing":0},{"z":20,"displayIndex":1,"transform":{"scX":-0.77,"x":0,"scY":0.77,"y":-66.05,"pX":0.1,"pY":0,"skX":-1.55,"skY":-1.55},"duration":3,"tweenEasing":0},{"z":20,"displayIndex":1,"transform":{"scX":-0.77,"x":0.95,"scY":0.77,"y":-76.5,"pX":0.05,"pY":0.05,"skX":2.48,"skY":2.48},"duration":3,"tweenEasing":0},{"z":20,"displayIndex":1,"transform":{"scX":-0.77,"x":2.1,"scY":0.77,"y":-48.55,"pX":0,"pY":0,"skX":14.16,"skY":14.16},"duration":2,"tweenEasing":0},{"z":20,"displayIndex":1,"transform":{"scX":-0.77,"x":-3.35,"scY":0.77,"y":-23.75,"pX":0,"pY":-0.1,"skX":-4.5,"skY":-4.5},"duration":2,"tweenEasing":0},{"z":20,"displayIndex":1,"transform":{"scX":-0.77,"x":0.55,"scY":0.77,"y":-24.1,"pX":0,"pY":0,"skX":0,"skY":0},"duration":1}],"offset":0},{"name":"图层 171","scale":1,"frame":[{"z":21,"displayIndex":1,"transform":{"scX":-0.77,"x":-6.75,"scY":0.77,"y":-64,"pX":0,"pY":0,"skX":0,"skY":0},"duration":3,"tweenEasing":0},{"z":21,"displayIndex":1,"transform":{"scX":-0.77,"x":-23.45,"scY":0.77,"y":-60.1,"pX":-0.05,"pY":0.05,"skX":-18.39,"skY":-18.39},"duration":2,"tweenEasing":0},{"z":21,"displayIndex":1,"transform":{"scX":-0.77,"x":-8.4,"scY":0.77,"y":-105.35,"pX":-0.1,"pY":0.05,"skX":-1.55,"skY":-1.55},"duration":3,"tweenEasing":0},{"z":21,"displayIndex":1,"transform":{"scX":-0.77,"x":-4.65,"scY":0.77,"y":-116.7,"pX":-0.05,"pY":0.1,"skX":2.48,"skY":2.48},"duration":3,"tweenEasing":0},{"z":21,"displayIndex":1,"transform":{"scX":-0.77,"x":4.75,"scY":0.77,"y":-89.05,"pX":-0.05,"pY":0.05,"skX":14.16,"skY":14.16},"duration":2,"tweenEasing":0},{"z":21,"displayIndex":1,"transform":{"scX":-0.77,"x":-13.8,"scY":0.77,"y":-63.05,"pX":-0.15,"pY":0.05,"skX":-4.5,"skY":-4.5},"duration":2,"tweenEasing":0},{"z":21,"displayIndex":1,"transform":{"scX":-0.77,"x":-6.75,"scY":0.77,"y":-64,"pX":0,"pY":0,"skX":0,"skY":0},"duration":1}],"offset":0},{"name":"图层 153","scale":1,"frame":[{"z":22,"displayIndex":1,"transform":{"scX":-0.77,"x":-5.4,"scY":0.77,"y":-10.25,"pX":0,"pY":0,"skX":0,"skY":0},"duration":3,"tweenEasing":0},{"z":22,"displayIndex":1,"transform":{"scX":-0.77,"x":-6.8,"scY":0.77,"y":-10.15,"pX":-0.1,"pY":0.05,"skX":-7.94,"skY":-7.94},"duration":2,"tweenEasing":0},{"z":22,"displayIndex":1,"transform":{"scX":-0.77,"x":-5.7,"scY":0.77,"y":-52.1,"pX":0,"pY":0.1,"skX":-1.52,"skY":-1.52},"duration":3,"tweenEasing":0},{"z":22,"displayIndex":1,"transform":{"scX":-0.77,"x":-5.4,"scY":0.77,"y":-62.6,"pX":0,"pY":-0.05,"skX":0,"skY":0},"duration":3,"tweenEasing":0},{"z":22,"displayIndex":1,"transform":{"scX":-0.77,"x":-5.4,"scY":0.77,"y":-34.6,"pX":0,"pY":-0.05,"skX":0,"skY":0},"duration":2,"tweenEasing":0},{"z":22,"displayIndex":1,"transform":{"scX":-0.77,"x":-6.8,"scY":0.77,"y":-10.15,"pX":-0.1,"pY":0.05,"skX":-7.94,"skY":-7.94},"duration":2,"tweenEasing":0},{"z":22,"displayIndex":1,"transform":{"scX":-0.77,"x":-5.4,"scY":0.77,"y":-10.25,"pX":0,"pY":0,"skX":0,"skY":0},"duration":1}],"offset":0},{"name":"图层 156","scale":1,"frame":[{"z":23,"displayIndex":1,"transform":{"scX":-0.77,"x":-5.5,"scY":0.77,"y":-1.7,"pX":0,"pY":0,"skX":0,"skY":0},"duration":3,"tweenEasing":0},{"z":23,"displayIndex":1,"transform":{"scX":-0.77,"x":-5.5,"scY":0.77,"y":-1.7,"pX":0,"pY":0,"skX":0,"skY":0},"duration":2,"tweenEasing":0},{"z":23,"displayIndex":1,"transform":{"scX":-0.77,"x":-5.35,"scY":0.77,"y":-42.35,"pX":-0.05,"pY":0,"skX":-57.94,"skY":-57.94},"duration":3,"tweenEasing":0},{"z":23,"displayIndex":1,"transform":{"scX":-0.77,"x":-5.3,"scY":0.77,"y":-52.5,"pX":0.05,"pY":-0.05,"skX":-72.47,"skY":-72.47},"duration":3,"tweenEasing":0},{"z":23,"displayIndex":1,"transform":{"scX":-0.77,"x":-5.35,"scY":0.77,"y":-19.35,"pX":0,"pY":0,"skX":-100.16,"skY":-100.16},"duration":2,"tweenEasing":0},{"z":23,"displayIndex":1,"transform":{"scX":-0.77,"x":-5.5,"scY":0.77,"y":-1.7,"pX":0,"pY":0,"skX":0,"skY":0},"duration":2,"tweenEasing":0},{"z":23,"displayIndex":1,"transform":{"scX":-0.77,"x":-5.5,"scY":0.77,"y":-1.7,"pX":0,"pY":0,"skX":0,"skY":0},"duration":1}],"offset":0},{"name":"图层 162","scale":1,"frame":[{"z":24,"displayIndex":1,"transform":{"scX":-0.77,"x":-12.7,"scY":0.77,"y":-12.5,"pX":0,"pY":0,"skX":0,"skY":0},"duration":3,"tweenEasing":0},{"z":24,"displayIndex":1,"transform":{"scX":-0.77,"x":-14.4,"scY":0.77,"y":-11.35,"pX":-0.1,"pY":0.05,"skX":-7.94,"skY":-7.94},"duration":2,"tweenEasing":0},{"z":24,"displayIndex":1,"transform":{"scX":-0.77,"x":-11.15,"scY":0.77,"y":-54.15,"pX":-0.1,"pY":0.1,"skX":16.06,"skY":16.06},"duration":3,"tweenEasing":0},{"z":24,"displayIndex":1,"transform":{"scX":-0.77,"x":-10.35,"scY":0.77,"y":-64.85,"pX":0,"pY":0,"skX":22.2,"skY":22.2},"duration":3,"tweenEasing":0},{"z":24,"displayIndex":1,"transform":{"scX":-0.77,"x":-6.45,"scY":0.77,"y":-32.65,"pX":0,"pY":0.05,"skX":39.41,"skY":39.41},"duration":2,"tweenEasing":0},{"z":24,"displayIndex":1,"transform":{"scX":-0.77,"x":-14.4,"scY":0.77,"y":-11.35,"pX":-0.1,"pY":0.05,"skX":-7.94,"skY":-7.94},"duration":2,"tweenEasing":0},{"z":24,"displayIndex":1,"transform":{"scX":-0.77,"x":-12.7,"scY":0.77,"y":-12.5,"pX":0,"pY":0,"skX":0,"skY":0},"duration":1}],"offset":0},{"name":"图层 147","scale":1,"frame":[{"z":25,"displayIndex":1,"transform":{"scX":-0.68,"x":0.55,"scY":0.68,"y":-12.85,"pX":0,"pY":0,"skX":0,"skY":0},"duration":3,"tweenEasing":0},{"z":25,"displayIndex":1,"transform":{"scX":-0.68,"x":-1.25,"scY":0.68,"y":-13.45,"pX":0,"pY":0,"skX":1.8,"skY":1.8},"duration":2,"tweenEasing":0},{"z":25,"displayIndex":1,"transform":{"scX":-0.68,"x":2.65,"scY":0.68,"y":-49.4,"pX":0,"pY":0.05,"skX":24.83,"skY":24.83},"duration":3,"tweenEasing":0},{"z":25,"displayIndex":1,"transform":{"scX":-0.68,"x":3.6,"scY":0.68,"y":-58.45,"pX":-0.05,"pY":0.05,"skX":30.71,"skY":30.71},"duration":3,"tweenEasing":0},{"z":25,"displayIndex":1,"transform":{"scX":-0.68,"x":-1.95,"scY":0.68,"y":-33.4,"pX":0,"pY":-0.05,"skX":-6.45,"skY":-6.45},"duration":2,"tweenEasing":0},{"z":25,"displayIndex":1,"transform":{"scX":-0.68,"x":-1.25,"scY":0.68,"y":-13.45,"pX":0,"pY":0,"skX":1.8,"skY":1.8},"duration":2,"tweenEasing":0},{"z":25,"displayIndex":1,"transform":{"scX":-0.68,"x":0.55,"scY":0.68,"y":-12.85,"pX":0,"pY":0,"skX":0,"skY":0},"duration":1}],"offset":0},{"name":"图层 143","scale":1,"frame":[{"z":26,"displayIndex":1,"transform":{"scX":-0.68,"x":6.9,"scY":0.68,"y":-3.25,"pX":0,"pY":0,"skX":0,"skY":0},"duration":3,"tweenEasing":0},{"z":26,"displayIndex":1,"transform":{"scX":-0.68,"x":6.9,"scY":0.68,"y":-3.25,"pX":0,"pY":0,"skX":0,"skY":0},"duration":2,"tweenEasing":0},{"z":26,"displayIndex":1,"transform":{"scX":-0.68,"x":6.8,"scY":0.68,"y":-38,"pX":0.1,"pY":0.15,"skX":-63.44,"skY":-63.44},"duration":3,"tweenEasing":0},{"z":26,"displayIndex":1,"transform":{"scX":-0.68,"x":6.8,"scY":0.68,"y":-46.7,"pX":-0.05,"pY":0.05,"skX":-79.25,"skY":-79.25},"duration":3,"tweenEasing":0},{"z":26,"displayIndex":1,"transform":{"scX":-0.68,"x":7.05,"scY":0.68,"y":-24.85,"pX":-0.1,"pY":0.1,"skX":-61.52,"skY":-61.52},"duration":2,"tweenEasing":0},{"z":26,"displayIndex":1,"transform":{"scX":-0.68,"x":6.9,"scY":0.68,"y":-3.25,"pX":0,"pY":0,"skX":0,"skY":0},"duration":2,"tweenEasing":0},{"z":26,"displayIndex":1,"transform":{"scX":-0.68,"x":6.9,"scY":0.68,"y":-3.25,"pX":0,"pY":0,"skX":0,"skY":0},"duration":1}],"offset":0},{"name":"图层 164","scale":1,"frame":[{"z":27,"displayIndex":1,"transform":{"scX":-0.77,"x":7.75,"scY":0.77,"y":-20.25,"pX":0,"pY":0,"skX":0,"skY":0},"duration":3,"tweenEasing":0},{"z":27,"displayIndex":1,"transform":{"scX":-0.77,"x":2.7,"scY":0.6,"y":-23.3,"pX":-0.1,"pY":0.05,"skX":-1.24,"skY":-1.24},"duration":2,"tweenEasing":0},{"z":27,"displayIndex":1,"transform":{"scX":-0.77,"x":8.1,"scY":0.74,"y":-62.15,"pX":0,"pY":0.1,"skX":-6.51,"skY":-2.03},"duration":3,"tweenEasing":0},{"z":27,"displayIndex":1,"transform":{"scX":-0.77,"x":9.4,"scY":0.78,"y":-71.8,"pX":-0.1,"pY":-0.05,"skX":-7.87,"skY":-2.35},"duration":3,"tweenEasing":0},{"z":27,"displayIndex":1,"transform":{"scX":-0.77,"x":9.95,"scY":0.78,"y":-42.65,"pX":-0.1,"pY":0,"skX":-0.39,"skY":5.13},"duration":2,"tweenEasing":0},{"z":27,"displayIndex":1,"transform":{"scX":-0.77,"x":3.25,"scY":0.6,"y":-22.95,"pX":-0.05,"pY":0.15,"skX":1.95,"skY":1.95},"duration":2,"tweenEasing":0},{"z":27,"displayIndex":1,"transform":{"scX":-0.77,"x":7.75,"scY":0.77,"y":-20.25,"pX":0,"pY":0,"skX":0,"skY":0},"duration":1}],"offset":0},{"name":"图层 157","scale":1,"frame":[{"z":28,"displayIndex":1,"transform":{"scX":-0.77,"x":0.4,"scY":0.77,"y":-12.15,"pX":0,"pY":0,"skX":0,"skY":0},"duration":3,"tweenEasing":0},{"z":28,"displayIndex":1,"transform":{"scX":-0.77,"x":-1.35,"scY":0.77,"y":-12.8,"pX":-0.05,"pY":0,"skX":-7.94,"skY":-7.94},"duration":2,"tweenEasing":0},{"z":28,"displayIndex":1,"transform":{"scX":-0.77,"x":0.15,"scY":0.77,"y":-54.15,"pX":0.05,"pY":0,"skX":-1.52,"skY":-1.52},"duration":3,"tweenEasing":0},{"z":28,"displayIndex":1,"transform":{"scX":-0.77,"x":0.4,"scY":0.77,"y":-64.5,"pX":0,"pY":-0.05,"skX":0,"skY":0},"duration":3,"tweenEasing":0},{"z":28,"displayIndex":1,"transform":{"scX":-0.77,"x":0.4,"scY":0.77,"y":-36.5,"pX":0,"pY":-0.05,"skX":0,"skY":0},"duration":2,"tweenEasing":0},{"z":28,"displayIndex":1,"transform":{"scX":-0.77,"x":-1.35,"scY":0.77,"y":-12.75,"pX":0.05,"pY":0,"skX":-4.74,"skY":-4.74},"duration":2,"tweenEasing":0},{"z":28,"displayIndex":1,"transform":{"scX":-0.77,"x":0.4,"scY":0.77,"y":-12.15,"pX":0,"pY":0,"skX":0,"skY":0},"duration":1}],"offset":0},{"name":"图层 152","scale":1,"frame":[{"z":29,"displayIndex":1,"transform":{"scX":-0.77,"x":-1.7,"scY":0.77,"y":-25.7,"pX":0,"pY":0,"skX":0,"skY":0},"duration":3,"tweenEasing":0},{"z":29,"displayIndex":1,"transform":{"scX":-0.77,"x":-6.6,"scY":0.77,"y":-25.45,"pX":0.05,"pY":0.1,"skX":-14.9,"skY":-14.9},"duration":2,"tweenEasing":0},{"z":29,"displayIndex":1,"transform":{"scX":-0.77,"x":-2.3,"scY":0.77,"y":-67.65,"pX":-0.05,"pY":0.05,"skX":-0.81,"skY":-0.81},"duration":3,"tweenEasing":0},{"z":29,"displayIndex":1,"transform":{"scX":-0.77,"x":-1.25,"scY":0.77,"y":-78.2,"pX":0,"pY":0.05,"skX":2.48,"skY":2.48},"duration":3,"tweenEasing":0},{"z":29,"displayIndex":1,"transform":{"scX":-0.77,"x":0.25,"scY":0.77,"y":-50.35,"pX":0,"pY":-0.05,"skX":9.96,"skY":9.96},"duration":2,"tweenEasing":0},{"z":29,"displayIndex":1,"transform":{"scX":-0.77,"x":-5.9,"scY":0.77,"y":-25.6,"pX":0.05,"pY":0.05,"skX":-11.71,"skY":-11.71},"duration":2,"tweenEasing":0},{"z":29,"displayIndex":1,"transform":{"scX":-0.77,"x":-1.7,"scY":0.77,"y":-25.7,"pX":0,"pY":0,"skX":0,"skY":0},"duration":1}],"offset":0},{"name":"图层 155","scale":1,"frame":[{"z":30,"displayIndex":1,"transform":{"scX":-0.77,"x":1.8,"scY":0.77,"y":-12.85,"pX":0,"pY":0,"skX":0,"skY":0},"duration":3,"tweenEasing":0},{"z":30,"displayIndex":1,"transform":{"scX":-0.77,"x":0,"scY":0.77,"y":-13.7,"pX":0,"pY":0.05,"skX":-7.94,"skY":-7.94},"duration":2,"tweenEasing":0},{"z":30,"displayIndex":1,"transform":{"scX":-0.77,"x":1.55,"scY":0.77,"y":-54.9,"pX":0.05,"pY":0,"skX":-1.52,"skY":-1.52},"duration":3,"tweenEasing":0},{"z":30,"displayIndex":1,"transform":{"scX":-0.77,"x":1.8,"scY":0.77,"y":-65.2,"pX":0,"pY":0.05,"skX":0,"skY":0},"duration":3,"tweenEasing":0},{"z":30,"displayIndex":1,"transform":{"scX":-0.77,"x":1.8,"scY":0.77,"y":-37.2,"pX":0,"pY":0.05,"skX":0,"skY":0},"duration":2,"tweenEasing":0},{"z":30,"displayIndex":1,"transform":{"scX":-0.77,"x":0,"scY":0.77,"y":-13.7,"pX":0,"pY":0.05,"skX":-7.94,"skY":-7.94},"duration":2,"tweenEasing":0},{"z":30,"displayIndex":1,"transform":{"scX":-0.77,"x":1.8,"scY":0.77,"y":-12.85,"pX":0,"pY":0,"skX":0,"skY":0},"duration":1}],"offset":0},{"name":"图层 161","scale":1,"frame":[{"z":31,"displayIndex":1,"transform":{"scX":-0.77,"x":-5.15,"scY":0.77,"y":-23.95,"pX":0,"pY":0,"skX":0,"skY":0},"duration":3,"tweenEasing":0},{"z":31,"displayIndex":1,"transform":{"scX":-0.77,"x":-8.55,"scY":0.77,"y":-21.75,"pX":0,"pY":-0.1,"skX":13.54,"skY":13.54},"duration":2,"tweenEasing":0},{"z":31,"displayIndex":1,"transform":{"scX":-0.77,"x":-5.5,"scY":0.77,"y":-65.9,"pX":-0.05,"pY":-0.1,"skX":-9.55,"skY":-9.55},"duration":3,"tweenEasing":0},{"z":31,"displayIndex":1,"transform":{"scX":-0.77,"x":-4.65,"scY":0.77,"y":-76.95,"pX":0.05,"pY":0,"skX":-15.46,"skY":-15.46},"duration":3,"tweenEasing":0},{"z":31,"displayIndex":1,"transform":{"scX":-0.77,"x":-3.35,"scY":0.77,"y":-49.55,"pX":-0.05,"pY":0,"skX":-7.98,"skY":-7.98},"duration":2,"tweenEasing":0},{"z":31,"displayIndex":1,"transform":{"scX":-0.77,"x":-8.05,"scY":0.77,"y":-22.05,"pX":-0.05,"pY":0,"skX":16.74,"skY":16.74},"duration":2,"tweenEasing":0},{"z":31,"displayIndex":1,"transform":{"scX":-0.77,"x":-5.15,"scY":0.77,"y":-23.95,"pX":0,"pY":0,"skX":0,"skY":0},"duration":1}],"offset":0},{"name":"图层 154","scale":1,"frame":[{"z":32,"displayIndex":1,"transform":{"scX":-0.77,"x":-13.8,"scY":0.77,"y":-17.6,"pX":0,"pY":0,"skX":0,"skY":0},"duration":3,"tweenEasing":0},{"z":32,"displayIndex":1,"transform":{"scX":-0.77,"x":-18.45,"scY":0.77,"y":-17.7,"pX":0.1,"pY":0.05,"skX":12.54,"skY":12.54},"duration":2,"tweenEasing":0},{"z":32,"displayIndex":1,"transform":{"scX":-0.77,"x":-12.25,"scY":0.77,"y":-59.55,"pX":0,"pY":0,"skX":-41.62,"skY":-41.62},"duration":3,"tweenEasing":0},{"z":32,"displayIndex":1,"transform":{"scX":-0.77,"x":-10.7,"scY":0.77,"y":-70.05,"pX":0.05,"pY":-0.05,"skX":-55.21,"skY":-55.21},"duration":3,"tweenEasing":0},{"z":32,"displayIndex":1,"transform":{"scX":-0.77,"x":-10.2,"scY":0.77,"y":-43.55,"pX":0.1,"pY":-0.05,"skX":-47.73,"skY":-47.73},"duration":2,"tweenEasing":0},{"z":32,"displayIndex":1,"transform":{"scX":-0.77,"x":-18.2,"scY":0.77,"y":-18.55,"pX":0.1,"pY":0.05,"skX":15.74,"skY":15.74},"duration":2,"tweenEasing":0},{"z":32,"displayIndex":1,"transform":{"scX":-0.77,"x":-13.8,"scY":0.77,"y":-17.6,"pX":0,"pY":0,"skX":0,"skY":0},"duration":1}],"offset":0},{"name":"图层 144","scale":1,"frame":[{"z":33,"displayIndex":1,"transform":{"scX":-0.77,"x":2.85,"scY":0.77,"y":-9.35,"pX":0,"pY":0,"skX":0,"skY":0},"duration":3,"tweenEasing":0},{"z":33,"displayIndex":1,"transform":{"scX":-0.77,"x":1.1,"scY":0.77,"y":-10.3,"pX":-0.05,"pY":0.05,"skX":-16.43,"skY":-16.43},"duration":2,"tweenEasing":0},{"z":33,"displayIndex":1,"transform":{"scX":-0.77,"x":2.8,"scY":0.77,"y":-50.85,"pX":-0.05,"pY":0,"skX":8.79,"skY":8.79},"duration":3,"tweenEasing":0},{"z":33,"displayIndex":1,"transform":{"scX":-0.77,"x":3.25,"scY":0.77,"y":-61,"pX":0.1,"pY":0,"skX":15.23,"skY":15.23},"duration":3,"tweenEasing":0},{"z":33,"displayIndex":1,"transform":{"scX":-0.77,"x":3.25,"scY":0.77,"y":-33,"pX":0.05,"pY":0,"skX":15.23,"skY":15.23},"duration":2,"tweenEasing":0},{"z":33,"displayIndex":1,"transform":{"scX":-0.77,"x":0.95,"scY":0.77,"y":-10.1,"pX":0.05,"pY":0.05,"skX":-13.23,"skY":-13.23},"duration":2,"tweenEasing":0},{"z":33,"displayIndex":1,"transform":{"scX":-0.77,"x":2.85,"scY":0.77,"y":-9.35,"pX":0,"pY":0,"skX":0,"skY":0},"duration":1}],"offset":0},{"name":"图层 169","scale":1,"frame":[{"z":34,"displayIndex":2,"transform":{"scX":-0.77,"x":18.45,"scY":0.77,"y":-21.05,"pX":0,"pY":0,"skX":0,"skY":0},"duration":3,"tweenEasing":0},{"z":34,"displayIndex":2,"transform":{"scX":-0.77,"x":12.75,"scY":0.77,"y":-25.95,"pX":-0.05,"pY":0.1,"skX":-16.43,"skY":-16.43},"duration":2,"tweenEasing":0},{"z":34,"displayIndex":2,"transform":{"scX":-0.77,"x":19.7,"scY":0.77,"y":-59.3,"pX":-0.1,"pY":0.05,"skX":22.8,"skY":22.8},"duration":3,"tweenEasing":0},{"z":34,"displayIndex":2,"transform":{"scX":-0.77,"x":21.45,"scY":0.77,"y":-67.65,"pX":0.05,"pY":-0.1,"skX":32.67,"skY":32.67},"duration":3,"tweenEasing":0},{"z":34,"displayIndex":2,"transform":{"scX":-0.77,"x":21.45,"scY":0.77,"y":-39.65,"pX":0.1,"pY":-0.15,"skX":32.67,"skY":32.67},"duration":2,"tweenEasing":0},{"z":34,"displayIndex":2,"transform":{"scX":-0.77,"x":13.4,"scY":0.77,"y":-25.05,"pX":0,"pY":0.1,"skX":-13.23,"skY":-13.23},"duration":2,"tweenEasing":0},{"z":34,"displayIndex":2,"transform":{"scX":-0.77,"x":18.45,"scY":0.77,"y":-21.05,"pX":0,"pY":0,"skX":0,"skY":0},"duration":1}],"offset":0},{"name":"图层 163","scale":1,"frame":[{"z":35,"displayIndex":1,"transform":{"scX":-0.77,"x":17.6,"scY":0.77,"y":-40.15,"pX":0,"pY":0,"skX":0,"skY":0},"duration":3,"tweenEasing":0},{"z":35,"displayIndex":1,"transform":{"scX":-0.77,"x":6.6,"scY":0.77,"y":-44,"pX":0.05,"pY":0.05,"skX":-29.87,"skY":-29.87},"duration":2,"tweenEasing":0},{"z":35,"displayIndex":1,"transform":{"scX":-0.77,"x":25.15,"scY":0.77,"y":-75.75,"pX":0,"pY":0.1,"skX":3.01,"skY":3.01},"duration":3,"tweenEasing":0},{"z":35,"displayIndex":1,"transform":{"scX":-0.77,"x":29.8,"scY":0.77,"y":-83.7,"pX":0,"pY":0,"skX":11.26,"skY":11.26},"duration":3,"tweenEasing":0},{"z":35,"displayIndex":1,"transform":{"scX":-0.77,"x":29.8,"scY":0.77,"y":-55.7,"pX":0.05,"pY":0,"skX":11.26,"skY":11.26},"duration":2,"tweenEasing":0},{"z":35,"displayIndex":1,"transform":{"scX":-0.77,"x":8.3,"scY":0.77,"y":-43.45,"pX":0.15,"pY":0.1,"skX":-26.68,"skY":-26.68},"duration":2,"tweenEasing":0},{"z":35,"displayIndex":1,"transform":{"scX":-0.77,"x":17.6,"scY":0.77,"y":-40.15,"pX":0,"pY":0,"skX":0,"skY":0},"duration":1}],"offset":0},{"name":"图层 141","scale":1,"frame":[{"z":36,"displayIndex":2,"transform":{"scX":-0.77,"x":27.3,"scY":0.77,"y":-43.15,"pX":0,"pY":0,"skX":0,"skY":0},"duration":3,"tweenEasing":0},{"z":36,"displayIndex":2,"transform":{"scX":-0.77,"x":13.45,"scY":0.77,"y":-51.4,"pX":-0.05,"pY":-0.05,"skX":-49.57,"skY":-49.57},"duration":2,"tweenEasing":0},{"z":36,"displayIndex":2,"transform":{"scX":-0.77,"x":34.55,"scY":0.77,"y":-78.05,"pX":0,"pY":-0.05,"skX":-24.58,"skY":-24.58},"duration":3,"tweenEasing":0},{"z":36,"displayIndex":2,"transform":{"scX":-0.77,"x":39.8,"scY":0.77,"y":-84.7,"pX":0,"pY":-0.1,"skX":-18.49,"skY":-18.49},"duration":3,"tweenEasing":0},{"z":36,"displayIndex":2,"transform":{"scX":-0.77,"x":39.8,"scY":0.77,"y":-56.7,"pX":0,"pY":-0.1,"skX":-18.49,"skY":-18.49},"duration":2,"tweenEasing":0},{"z":36,"displayIndex":2,"transform":{"scX":-0.77,"x":15.55,"scY":0.77,"y":-50.4,"pX":0,"pY":-0.1,"skX":-46.37,"skY":-46.37},"duration":2,"tweenEasing":0},{"z":36,"displayIndex":2,"transform":{"scX":-0.77,"x":27.3,"scY":0.77,"y":-43.15,"pX":0,"pY":0,"skX":0,"skY":0},"duration":1}],"offset":0}],"scale":1,"loop":0,"autoTween":0,"name":"standB","duration":16,"tweenEasing":null}]},{"skin":[{"name":"default","slot":[{"name":"图层 140","z":0,"display":[{"transform":{"scX":1,"x":-39.5,"scY":1,"y":-29.5,"pX":0,"pY":0,"skX":0,"skY":0},"name":"Living440/图层 1401","type":"image"}],"parent":"图层 140"},{"name":"图层 170","z":1,"display":[{"transform":{"scX":1,"x":-13.45,"scY":1,"y":-5.5,"pX":0,"pY":0,"skX":0,"skY":0},"name":"Living440/图层 1701","type":"image"}],"parent":"图层 170"},{"name":"图层 168","z":2,"display":[{"transform":{"scX":1,"x":-9.05,"scY":1,"y":-7.55,"pX":0,"pY":0,"skX":0,"skY":0},"name":"Living440/图层 1681","type":"image"}],"parent":"图层 168"},{"name":"图层 6","z":3,"display":[{"transform":{"scX":1,"x":-9,"scY":1,"y":-7.6,"pX":0,"pY":0,"skX":0,"skY":0},"name":"Living440/图层 1681","type":"image"}],"parent":"图层 6"},{"name":"图层 169","z":4,"display":[{"transform":{"scX":1,"x":-9.05,"scY":1,"y":-7.4,"pX":0,"pY":0,"skX":0,"skY":0},"name":"Living440/图层 1691","type":"image"}],"parent":"图层 169"},{"name":"图层 7","z":5,"display":[{"transform":{"scX":1,"x":-9.05,"scY":1,"y":-7.3,"pX":0,"pY":0,"skX":0,"skY":0},"name":"Living440/图层 1691","type":"image"}],"parent":"图层 7"}]}],"name":"Living440/元件 2","bone":[{"transform":{"scX":0.77,"x":30.45,"skX":0,"scY":0.77,"y":22.75,"skY":0},"name":"图层 140"},{"transform":{"scX":0.77,"x":22.7,"skX":0,"scY":0.77,"y":38.95,"skY":0},"name":"图层 170"},{"transform":{"scX":0.77,"x":33.15,"skX":0,"scY":0.77,"y":26.6,"skY":0},"name":"图层 168"},{"transform":{"scX":0.51,"x":12.7,"skX":0,"scY":0.51,"y":26.95,"skY":0},"name":"图层 6"},{"transform":{"scX":0.77,"x":33.15,"skX":0,"scY":0.77,"y":29.65,"skY":0},"name":"图层 169"},{"transform":{"scX":0.48,"x":12.95,"skX":0,"scY":0.48,"y":29.2,"skY":0},"name":"图层 7"}],"animation":[{"fadeInTime":0.3,"timeline":[{"name":"图层 140","scale":1,"frame":[{"transform":{"scX":0.77,"x":30.45,"scY":0.77,"y":22.75,"pX":0,"pY":0,"skX":0,"skY":0},"z":0,"duration":57}],"offset":0},{"name":"图层 170","scale":1,"frame":[{"transform":{"scX":0.77,"x":22.7,"scY":0.77,"y":38.95,"pX":0,"pY":0,"skX":0,"skY":0},"z":1,"duration":57}],"offset":0},{"name":"图层 168","scale":1,"frame":[{"duration":17,"displayIndex":-1},{"transform":{"scX":0.77,"x":33.15,"scY":0.77,"y":26.6,"pX":0,"pY":0,"skX":0,"skY":0},"z":2,"duration":6},{"duration":34,"displayIndex":-1}],"offset":0},{"name":"图层 6","scale":1,"frame":[{"duration":17,"displayIndex":-1},{"transform":{"scX":0.51,"x":12.7,"scY":0.51,"y":26.95,"pX":0,"pY":0,"skX":0,"skY":0},"z":3,"duration":6},{"duration":34,"displayIndex":-1}],"offset":0},{"name":"图层 169","scale":1,"frame":[{"duration":19,"displayIndex":-1},{"transform":{"scX":0.77,"x":33.15,"scY":0.77,"y":29.65,"pX":0,"pY":0,"skX":0,"skY":0},"z":4,"duration":2},{"duration":36,"displayIndex":-1}],"offset":0},{"name":"图层 7","scale":1,"frame":[{"duration":19,"displayIndex":-1},{"transform":{"scX":0.48,"x":12.95,"scY":0.48,"y":29.2,"pX":0,"pY":0,"skX":0,"skY":0},"z":5,"duration":2},{"duration":36,"displayIndex":-1}],"offset":0}],"scale":1,"loop":1,"autoTween":1,"name":"stand","duration":57,"tweenEasing":null}]}],"name":"game.living.Living440","frameRate":24,"version":2.3}