{"armature":[{"skin":[{"name":"default","slot":[{"name":"图层 25","z":0,"display":[{"transform":{"scX":1,"x":-11.5,"scY":1,"y":-12.15,"pX":0,"pY":0,"skX":0,"skY":0},"name":"Living399/ppomn001","type":"image"},{"transform":{"scX":1,"x":-10.95,"scY":1,"y":-10.5,"pX":0,"pY":0,"skX":0,"skY":0},"name":"Living399/ppomn002","type":"image"},{"transform":{"scX":1,"x":-10,"scY":1,"y":-10.5,"pX":0,"pY":0,"skX":0,"skY":0},"name":"Living399/ppomn003","type":"image"}],"parent":"图层 25"},{"name":"tt右腿003","z":1,"display":[{"transform":{"scX":1,"x":-1.5,"scY":1,"y":2.8,"pX":5.5,"pY":5,"skX":0,"skY":0},"name":"Living399/kktt右腿003","type":"image"}],"parent":"tt右腿003"},{"name":"tt左手bd01","z":2,"display":[{"transform":{"scX":1,"x":0.45,"scY":1,"y":5.8,"pX":5,"pY":6,"skX":0,"skY":0},"name":"Living399/kktt左手bd01","type":"image"}],"parent":"tt左手bd01"},{"name":"图层 22","z":3,"display":[{"transform":{"scX":1,"x":-8.5,"scY":1,"y":-4.5,"pX":0,"pY":0,"skX":0,"skY":0},"name":"Living399/尾巴.png","type":"image"},{"transform":{"scX":1,"x":-7.5,"scY":1,"y":-4,"pX":0,"pY":0,"skX":0,"skY":0},"name":"Living399/尾巴1.png","type":"image"},{"transform":{"scX":1,"x":-7.5,"scY":1,"y":-4,"pX":0,"pY":0,"skX":0,"skY":0},"name":"Living399/尾巴3.png","type":"image"}],"parent":"图层 22"},{"name":"tt身体01","z":4,"display":[{"transform":{"scX":1,"x":8.75,"scY":1,"y":-9.2,"pX":19,"pY":18,"skX":0,"skY":0},"name":"Living399/kktt身体01","type":"image"}],"parent":"tt身体01"},{"name":"tt右手","z":5,"display":[{"transform":{"scX":1,"x":-0.25,"scY":1,"y":7.35,"pX":5.5,"pY":10,"skX":0,"skY":0},"name":"Living399/kktt右手","type":"image"}],"parent":"tt右手"},{"name":"tt大头","z":6,"display":[{"transform":{"scX":1,"x":11.75,"scY":1,"y":-10.25,"pX":24.5,"pY":24.5,"skX":0,"skY":0},"name":"Living399/kktt大头","type":"image"}],"parent":"tt大头"},{"name":"图层 21","z":7,"display":[{"transform":{"scX":1,"x":-16,"scY":1,"y":-5,"pX":0,"pY":0,"skX":0,"skY":0},"name":"Living399/gregrere","type":"image"},{"transform":{"scX":1,"x":-16,"scY":1,"y":-6.6,"pX":0,"pY":0,"skX":0,"skY":0},"name":"Living399/ghehh5re","type":"image"}],"parent":"图层 21"},{"name":"tt左腿","z":8,"display":[{"transform":{"scX":1,"x":-0.3,"scY":1,"y":7.45,"pX":5,"pY":10.5,"skX":0,"skY":0},"name":"Living399/kktt左腿","type":"image"}],"parent":"tt左腿"},{"name":"图层 24","z":9,"display":[{"transform":{"scX":1,"x":-21.5,"scY":1,"y":-15.5,"pX":0,"pY":0,"skX":0,"skY":0},"name":"Living399/pp左翅膀.png","type":"image"},{"transform":{"scX":1,"x":-17.5,"scY":1,"y":-10,"pX":0,"pY":0,"skX":0,"skY":0},"name":"Living399/egeeerhg","type":"image"},{"transform":{"scX":1,"x":-15,"scY":1,"y":-12,"pX":0,"pY":0,"skX":0,"skY":0},"name":"Living399/pp左2.png","type":"image"},{"transform":{"scX":1,"x":-12.5,"scY":1,"y":-14,"pX":0,"pY":0,"skX":0,"skY":0},"name":"Living399/pp左3.png","type":"image"},{"transform":{"scX":1,"x":-15,"scY":1,"y":-8.5,"pX":0,"pY":0,"skX":0,"skY":0},"name":"Living399/hhjrtd","type":"image"}],"parent":"图层 24"},{"name":"pp大头pp001","z":10,"display":[{"transform":{"scX":1,"x":-7.7,"scY":1,"y":-10.75,"pX":24.5,"pY":24.5,"skX":0,"skY":0},"name":"Living399/kkpp大头pp001","type":"image"}],"parent":"pp大头pp001"},{"name":"pp左脚0031","z":11,"display":[{"transform":{"scX":1,"x":-0.8,"scY":1,"y":4.7,"pX":7.5,"pY":9.5,"skX":0,"skY":0},"name":"Living399/kkpp左脚0031","type":"image"}],"parent":"pp左脚0031"},{"name":"图层 27","z":12,"display":[{"transform":{"scX":1,"x":-20.5,"scY":1,"y":-14.5,"pX":0,"pY":0,"skX":0,"skY":0},"name":"Living399/hbhreew","type":"image"},{"transform":{"scX":1,"x":-20.5,"scY":1,"y":-13.5,"pX":0,"pY":0,"skX":0,"skY":0},"name":"Living399/egghrtrt","type":"image"},{"transform":{"scX":1,"x":-33.5,"scY":1,"y":-18,"pX":0,"pY":0,"skX":0,"skY":0},"name":"Living399/pp翅膀02","type":"image"},{"transform":{"scX":1,"x":-19,"scY":1,"y":-19.5,"pX":0,"pY":0,"skX":0,"skY":0},"name":"Living399/ehrnjxc","type":"image"},{"transform":{"scX":1,"x":-20.5,"scY":1,"y":-16.5,"pX":0,"pY":0,"skX":0,"skY":0},"name":"Living399/egeht","type":"image"}],"parent":"图层 27"},{"name":"pp身体e01","z":13,"display":[{"transform":{"scX":1,"x":-8.75,"scY":1,"y":-15.95,"pX":21.5,"pY":21.5,"skX":0,"skY":0},"name":"Living399/kkpp身体e01","type":"image"}],"parent":"pp身体e01"},{"name":"pp大大腿01","z":14,"display":[{"transform":{"scX":1,"x":-3.2,"scY":1,"y":4.7,"pX":7.5,"pY":9.5,"skX":0,"skY":0},"name":"Living399/kkpp大大腿01","type":"image"}],"parent":"pp大大腿01"},{"name":"pp右手n01","z":15,"display":[{"transform":{"scX":1,"x":3.75,"scY":1,"y":8.8,"pX":13,"pY":12,"skX":0,"skY":0},"name":"Living399/kkpp右手n01","type":"image"}],"parent":"pp右手n01"},{"name":"图层 26","z":16,"display":[{"transform":{"scX":1,"x":-20.5,"scY":1,"y":-14.5,"pX":0,"pY":0,"skX":0,"skY":0},"name":"Living399/hbhreew","type":"image"},{"transform":{"scX":1,"x":-20.5,"scY":1,"y":-13.5,"pX":0,"pY":0,"skX":0,"skY":0},"name":"Living399/egghrtrt","type":"image"},{"transform":{"scX":1,"x":-33.45,"scY":1,"y":-18.05,"pX":0,"pY":0,"skX":0,"skY":0},"name":"Living399/pp翅膀02","type":"image"},{"transform":{"scX":1,"x":-19,"scY":1,"y":-19.5,"pX":0,"pY":0,"skX":0,"skY":0},"name":"Living399/ehrnjxc","type":"image"},{"transform":{"scX":1,"x":-20.5,"scY":1,"y":-16.5,"pX":0,"pY":0,"skX":0,"skY":0},"name":"Living399/egeht","type":"image"}],"parent":"图层 26"},{"name":"图层 23","z":17,"display":[{"transform":{"scX":1,"x":-8.5,"scY":1,"y":-4.5,"pX":0,"pY":0,"skX":0,"skY":0},"name":"Living399/尾巴.png","type":"image"},{"transform":{"scX":1,"x":-7.5,"scY":1,"y":-4,"pX":0,"pY":0,"skX":0,"skY":0},"name":"Living399/尾巴1.png","type":"image"},{"transform":{"scX":1,"x":-7.5,"scY":1,"y":-4,"pX":0,"pY":0,"skX":0,"skY":0},"name":"Living399/尾巴3.png","type":"image"}],"parent":"图层 23"}]}],"name":"game.living.Living399","bone":[{"transform":{"scX":1.07,"x":4.6,"skX":26.05,"scY":1.03,"y":-45.05,"skY":21.07},"name":"图层 25"},{"transform":{"scX":-1,"x":-5.85,"skX":0,"scY":1,"y":-4.05,"skY":0},"name":"tt右腿003"},{"transform":{"scX":-1,"x":-15.4,"skX":0,"scY":1,"y":-17.1,"skY":0},"name":"tt左手bd01"},{"transform":{"scX":1.46,"x":25.05,"skX":-4.71,"scY":1.46,"y":-22.3,"skY":-4.71},"name":"图层 22"},{"transform":{"scX":-1,"x":8.95,"skX":0,"scY":1,"y":-9.05,"skY":0},"name":"tt身体01"},{"transform":{"scX":-1,"x":-0.6,"skX":0,"scY":1,"y":-28.65,"skY":0},"name":"tt右手"},{"transform":{"scX":-1,"x":-3.6,"skX":0,"scY":1,"y":-29.6,"skY":0},"name":"tt大头"},{"transform":{"scX":-1,"x":-23.35,"skX":0,"scY":1,"y":-33.05,"skY":0},"name":"图层 21"},{"transform":{"scX":-1,"x":7.95,"skX":0,"scY":1,"y":-15.3,"skY":0},"name":"tt左腿"},{"transform":{"scX":0.8,"x":16.5,"skX":0,"scY":0.8,"y":-43.4,"skY":0},"name":"图层 24"},{"transform":{"scX":1,"x":-5.85,"skX":0,"scY":1,"y":-31.1,"skY":0},"name":"pp大头pp001"},{"transform":{"scX":1,"x":9.2,"skX":0,"scY":1,"y":-12.55,"skY":0},"name":"pp左脚0031"},{"transform":{"scX":-0.77,"x":18.05,"skX":-9.28,"scY":0.77,"y":-44.6,"skY":-9.28},"name":"图层 27"},{"transform":{"scX":1,"x":8.15,"skX":0,"scY":1,"y":-7.8,"skY":0},"name":"pp身体e01"},{"transform":{"scX":1,"x":-1.35,"skX":0,"scY":1,"y":-11.55,"skY":0},"name":"pp大大腿01"},{"transform":{"scX":1,"x":-11.9,"skX":0,"scY":1,"y":-27.1,"skY":0},"name":"pp右手n01"},{"transform":{"scX":1,"x":-24.95,"skX":0,"scY":1,"y":-40.1,"skY":0},"name":"图层 26"},{"transform":{"scX":1.46,"x":26.3,"skX":-4.71,"scY":1.46,"y":-23.55,"skY":-4.71},"name":"图层 23"}],"animation":[{"fadeInTime":0,"timeline":[{"name":"图层 25","scale":1,"frame":[{"transform":{"scX":1.07,"x":4.6,"scY":1.03,"y":-45.05,"pX":0,"pY":0,"skX":26.05,"skY":21.07},"z":0,"duration":1},{"transform":{"scX":1.07,"x":4.6,"scY":1.03,"y":-44.8,"pX":0,"pY":0,"skX":26.05,"skY":21.07},"z":0,"duration":1},{"transform":{"scX":1.07,"x":4.6,"scY":1.03,"y":-44.55,"pX":0,"pY":0,"skX":26.05,"skY":21.07},"z":0,"duration":1},{"z":0,"displayIndex":1,"transform":{"scX":1.07,"x":4.6,"scY":1.03,"y":-42.4,"pX":0,"pY":0,"skX":26.05,"skY":21.07},"duration":1},{"z":0,"displayIndex":1,"transform":{"scX":1.07,"x":4.6,"scY":1.03,"y":-42.15,"pX":0,"pY":0,"skX":26.05,"skY":21.07},"duration":1},{"z":0,"displayIndex":1,"transform":{"scX":1.07,"x":4.6,"scY":1.03,"y":-41.65,"pX":0,"pY":0,"skX":26.05,"skY":21.07},"duration":1},{"duration":6,"displayIndex":-1},{"z":0,"displayIndex":2,"transform":{"scX":1.07,"x":5.7,"scY":1.03,"y":-43.25,"pX":0,"pY":0,"skX":26.05,"skY":21.07},"duration":1},{"z":0,"displayIndex":2,"transform":{"scX":1.07,"x":5.7,"scY":1.03,"y":-44.25,"pX":0,"pY":0,"skX":26.05,"skY":21.07},"duration":1},{"z":0,"displayIndex":2,"transform":{"scX":1.07,"x":5.7,"scY":1.03,"y":-44.5,"pX":0,"pY":0,"skX":26.05,"skY":21.07},"duration":1},{"z":0,"displayIndex":2,"transform":{"scX":1.07,"x":5.7,"scY":1.03,"y":-44.75,"pX":0,"pY":0.05,"skX":26.05,"skY":21.07},"duration":1},{"transform":{"scX":1.07,"x":4.6,"scY":1.03,"y":-45.05,"pX":0,"pY":0,"skX":26.05,"skY":21.07},"z":0,"duration":1},{"transform":{"scX":1.07,"x":4.6,"scY":1.03,"y":-44.8,"pX":0,"pY":0,"skX":26.05,"skY":21.07},"z":0,"duration":1},{"transform":{"scX":1.07,"x":4.6,"scY":1.03,"y":-44.55,"pX":0,"pY":0,"skX":26.05,"skY":21.07},"z":0,"duration":1},{"z":0,"displayIndex":1,"transform":{"scX":1.07,"x":4.6,"scY":1.03,"y":-42.4,"pX":0,"pY":0,"skX":26.05,"skY":21.07},"duration":1},{"z":0,"displayIndex":1,"transform":{"scX":1.07,"x":4.6,"scY":1.03,"y":-42.15,"pX":0,"pY":0,"skX":26.05,"skY":21.07},"duration":1},{"z":0,"displayIndex":1,"transform":{"scX":1.07,"x":4.6,"scY":1.03,"y":-41.65,"pX":0,"pY":0,"skX":26.05,"skY":21.07},"duration":1},{"duration":6,"displayIndex":-1},{"z":0,"displayIndex":2,"transform":{"scX":1.07,"x":5.7,"scY":1.03,"y":-43.25,"pX":0,"pY":0,"skX":26.05,"skY":21.07},"duration":1},{"z":0,"displayIndex":2,"transform":{"scX":1.07,"x":5.7,"scY":1.03,"y":-44.25,"pX":0,"pY":0,"skX":26.05,"skY":21.07},"duration":1},{"z":0,"displayIndex":2,"transform":{"scX":1.07,"x":5.7,"scY":1.03,"y":-44.5,"pX":0,"pY":0,"skX":26.05,"skY":21.07},"duration":1},{"z":0,"displayIndex":2,"transform":{"scX":1.07,"x":5.7,"scY":1.03,"y":-44.75,"pX":0,"pY":0.05,"skX":26.05,"skY":21.07},"duration":1},{"transform":{"scX":1.07,"x":4.6,"scY":1.03,"y":-45.05,"pX":0,"pY":0,"skX":26.05,"skY":21.07},"z":0,"duration":1},{"transform":{"scX":1.07,"x":4.6,"scY":1.03,"y":-44.8,"pX":0,"pY":0,"skX":26.05,"skY":21.07},"z":0,"duration":1},{"transform":{"scX":1.07,"x":4.6,"scY":1.03,"y":-44.55,"pX":0,"pY":0,"skX":26.05,"skY":21.07},"z":0,"duration":1},{"z":0,"displayIndex":1,"transform":{"scX":1.07,"x":4.6,"scY":1.03,"y":-42.4,"pX":0,"pY":0,"skX":26.05,"skY":21.07},"duration":1},{"z":0,"displayIndex":1,"transform":{"scX":1.07,"x":4.6,"scY":1.03,"y":-42.15,"pX":0,"pY":0,"skX":26.05,"skY":21.07},"duration":1},{"z":0,"displayIndex":1,"transform":{"scX":1.07,"x":4.6,"scY":1.03,"y":-41.65,"pX":0,"pY":0,"skX":26.05,"skY":21.07},"duration":1},{"duration":6,"displayIndex":-1},{"z":0,"displayIndex":2,"transform":{"scX":1.07,"x":5.7,"scY":1.03,"y":-43.25,"pX":0,"pY":0,"skX":26.05,"skY":21.07},"duration":1},{"z":0,"displayIndex":2,"transform":{"scX":1.07,"x":5.7,"scY":1.03,"y":-44.25,"pX":0,"pY":0,"skX":26.05,"skY":21.07},"duration":1},{"z":0,"displayIndex":2,"transform":{"scX":1.07,"x":5.7,"scY":1.03,"y":-44.5,"pX":0,"pY":0,"skX":26.05,"skY":21.07},"duration":1},{"z":0,"displayIndex":2,"transform":{"scX":1.07,"x":5.7,"scY":1.03,"y":-44.75,"pX":0,"pY":0.05,"skX":26.05,"skY":21.07},"duration":1},{"transform":{"scX":1.07,"x":4.6,"scY":1.03,"y":-45.05,"pX":0,"pY":0,"skX":26.05,"skY":21.07},"z":0,"duration":1}],"offset":0},{"name":"tt右腿003","scale":1,"frame":[{"z":1,"transform":{"scX":-1,"x":-5.85,"scY":1,"y":-4.05,"pX":0,"pY":0,"skX":0,"skY":0},"duration":8,"tweenEasing":0},{"z":1,"transform":{"scX":-1,"x":-5.85,"scY":1,"y":-0.05,"pX":-0.05,"pY":0,"skX":3.54,"skY":3.54},"duration":8,"tweenEasing":0},{"z":1,"transform":{"scX":-1,"x":-5.85,"scY":1,"y":-4.05,"pX":0,"pY":0,"skX":0,"skY":0},"duration":8,"tweenEasing":0},{"z":1,"transform":{"scX":-1,"x":-5.85,"scY":1,"y":-0.05,"pX":-0.05,"pY":0,"skX":3.54,"skY":3.54},"duration":8,"tweenEasing":0},{"z":1,"transform":{"scX":-1,"x":-5.85,"scY":1,"y":-4.05,"pX":0,"pY":0,"skX":0,"skY":0},"duration":8,"tweenEasing":0},{"z":1,"transform":{"scX":-1,"x":-5.85,"scY":1,"y":-0.05,"pX":-0.05,"pY":0,"skX":3.54,"skY":3.54},"duration":8,"tweenEasing":0},{"transform":{"scX":-1,"x":-5.85,"scY":1,"y":-4.05,"pX":0,"pY":0,"skX":0,"skY":0},"z":1,"duration":1}],"offset":0},{"name":"tt左手bd01","scale":1,"frame":[{"z":2,"transform":{"scX":-1,"x":-15.4,"scY":1,"y":-17.1,"pX":0,"pY":0,"skX":0,"skY":0},"duration":8,"tweenEasing":0},{"z":2,"transform":{"scX":-1,"x":-15.4,"scY":1,"y":-13.05,"pX":-0.05,"pY":-0.15,"skX":13.25,"skY":13.25},"duration":8,"tweenEasing":0},{"z":2,"transform":{"scX":-1,"x":-15.4,"scY":1,"y":-17.1,"pX":0,"pY":0,"skX":0,"skY":0},"duration":8,"tweenEasing":0},{"z":2,"transform":{"scX":-1,"x":-15.4,"scY":1,"y":-13.05,"pX":-0.05,"pY":-0.15,"skX":13.25,"skY":13.25},"duration":8,"tweenEasing":0},{"z":2,"transform":{"scX":-1,"x":-15.4,"scY":1,"y":-17.1,"pX":0,"pY":0,"skX":0,"skY":0},"duration":8,"tweenEasing":0},{"z":2,"transform":{"scX":-1,"x":-15.4,"scY":1,"y":-13.05,"pX":-0.05,"pY":-0.15,"skX":13.25,"skY":13.25},"duration":8,"tweenEasing":0},{"transform":{"scX":-1,"x":-15.4,"scY":1,"y":-17.1,"pX":0,"pY":0,"skX":0,"skY":0},"z":2,"duration":1}],"offset":0},{"name":"图层 22","scale":1,"frame":[{"transform":{"scX":1.46,"x":25.05,"scY":1.46,"y":-22.3,"pX":0,"pY":0,"skX":-4.71,"skY":-4.71},"z":3,"duration":1},{"transform":{"scX":1.46,"x":25.1,"scY":1.46,"y":-21.8,"pX":0,"pY":0,"skX":-4.71,"skY":-4.71},"z":3,"duration":1},{"transform":{"scX":1.46,"x":25.15,"scY":1.46,"y":-21.3,"pX":0,"pY":0,"skX":-4.71,"skY":-4.71},"z":3,"duration":1},{"z":3,"displayIndex":1,"transform":{"scX":1.46,"x":25.2,"scY":1.46,"y":-21.75,"pX":0,"pY":0,"skX":-4.71,"skY":-4.71},"duration":1},{"z":3,"displayIndex":1,"transform":{"scX":1.46,"x":25.2,"scY":1.46,"y":-19.75,"pX":0,"pY":0,"skX":-4.71,"skY":-4.71},"duration":1},{"z":3,"displayIndex":1,"transform":{"scX":1.46,"x":25.25,"scY":1.46,"y":-19,"pX":0,"pY":0,"skX":-4.71,"skY":-4.71},"duration":1},{"z":3,"displayIndex":1,"transform":{"scX":1.46,"x":24.25,"scY":1.46,"y":-16.6,"pX":0,"pY":0,"skX":7.27,"skY":7.27},"duration":1},{"z":3,"displayIndex":1,"transform":{"scX":1.46,"x":24.3,"scY":1.46,"y":-15.35,"pX":0,"pY":0,"skX":7.27,"skY":7.27},"duration":1},{"z":3,"displayIndex":1,"transform":{"scX":1.46,"x":24.3,"scY":1.46,"y":-14.85,"pX":0,"pY":0,"skX":7.27,"skY":7.27},"duration":1},{"z":3,"displayIndex":2,"transform":{"scX":1.46,"x":25.25,"scY":1.46,"y":-17.65,"pX":0,"pY":0,"skX":-2.74,"skY":-2.74},"duration":1},{"z":3,"displayIndex":2,"transform":{"scX":1.46,"x":25.25,"scY":1.46,"y":-18.4,"pX":0,"pY":0,"skX":-2.74,"skY":-2.74},"duration":1},{"z":3,"displayIndex":2,"transform":{"scX":1.46,"x":25.2,"scY":1.46,"y":-18.9,"pX":0,"pY":0,"skX":-2.74,"skY":-2.74},"duration":1},{"z":3,"displayIndex":2,"transform":{"scX":1.46,"x":24.65,"scY":1.46,"y":-20.9,"pX":0,"pY":0,"skX":-9.15,"skY":-9.15},"duration":1},{"z":3,"displayIndex":2,"transform":{"scX":1.46,"x":24.6,"scY":1.46,"y":-21.65,"pX":0,"pY":0,"skX":-9.15,"skY":-9.15},"duration":1},{"z":3,"displayIndex":2,"transform":{"scX":1.46,"x":24.55,"scY":1.46,"y":-21.9,"pX":0,"pY":0,"skX":-9.15,"skY":-9.15},"duration":1},{"z":3,"displayIndex":2,"transform":{"scX":1.46,"x":24.5,"scY":1.46,"y":-22.4,"pX":0,"pY":0,"skX":-9.15,"skY":-9.15},"duration":1},{"transform":{"scX":1.46,"x":25.05,"scY":1.46,"y":-22.3,"pX":0,"pY":0,"skX":-4.71,"skY":-4.71},"z":3,"duration":1},{"transform":{"scX":1.46,"x":25.1,"scY":1.46,"y":-21.8,"pX":0,"pY":0,"skX":-4.71,"skY":-4.71},"z":3,"duration":1},{"transform":{"scX":1.46,"x":25.15,"scY":1.46,"y":-21.3,"pX":0,"pY":0,"skX":-4.71,"skY":-4.71},"z":3,"duration":1},{"z":3,"displayIndex":1,"transform":{"scX":1.46,"x":25.2,"scY":1.46,"y":-21.75,"pX":0,"pY":0,"skX":-4.71,"skY":-4.71},"duration":1},{"z":3,"displayIndex":1,"transform":{"scX":1.46,"x":25.2,"scY":1.46,"y":-19.75,"pX":0,"pY":0,"skX":-4.71,"skY":-4.71},"duration":1},{"z":3,"displayIndex":1,"transform":{"scX":1.46,"x":25.25,"scY":1.46,"y":-19,"pX":0,"pY":0,"skX":-4.71,"skY":-4.71},"duration":1},{"z":3,"displayIndex":1,"transform":{"scX":1.46,"x":24.25,"scY":1.46,"y":-16.6,"pX":0,"pY":0,"skX":7.27,"skY":7.27},"duration":1},{"z":3,"displayIndex":1,"transform":{"scX":1.46,"x":24.3,"scY":1.46,"y":-15.35,"pX":0,"pY":0,"skX":7.27,"skY":7.27},"duration":1},{"z":3,"displayIndex":1,"transform":{"scX":1.46,"x":24.3,"scY":1.46,"y":-14.85,"pX":0,"pY":0,"skX":7.27,"skY":7.27},"duration":1},{"z":3,"displayIndex":2,"transform":{"scX":1.46,"x":25.25,"scY":1.46,"y":-17.65,"pX":0,"pY":0,"skX":-2.74,"skY":-2.74},"duration":1},{"z":3,"displayIndex":2,"transform":{"scX":1.46,"x":25.25,"scY":1.46,"y":-18.4,"pX":0,"pY":0,"skX":-2.74,"skY":-2.74},"duration":1},{"z":3,"displayIndex":2,"transform":{"scX":1.46,"x":25.2,"scY":1.46,"y":-18.9,"pX":0,"pY":0,"skX":-2.74,"skY":-2.74},"duration":1},{"z":3,"displayIndex":2,"transform":{"scX":1.46,"x":24.65,"scY":1.46,"y":-20.9,"pX":0,"pY":0,"skX":-9.15,"skY":-9.15},"duration":1},{"z":3,"displayIndex":2,"transform":{"scX":1.46,"x":24.6,"scY":1.46,"y":-21.65,"pX":0,"pY":0,"skX":-9.15,"skY":-9.15},"duration":1},{"z":3,"displayIndex":2,"transform":{"scX":1.46,"x":24.55,"scY":1.46,"y":-21.9,"pX":0,"pY":0,"skX":-9.15,"skY":-9.15},"duration":1},{"z":3,"displayIndex":2,"transform":{"scX":1.46,"x":24.5,"scY":1.46,"y":-22.4,"pX":0,"pY":0,"skX":-9.15,"skY":-9.15},"duration":1},{"transform":{"scX":1.46,"x":25.05,"scY":1.46,"y":-22.3,"pX":0,"pY":0,"skX":-4.71,"skY":-4.71},"z":3,"duration":1},{"transform":{"scX":1.46,"x":25.1,"scY":1.46,"y":-21.8,"pX":0,"pY":0,"skX":-4.71,"skY":-4.71},"z":3,"duration":1},{"transform":{"scX":1.46,"x":25.15,"scY":1.46,"y":-21.3,"pX":0,"pY":0,"skX":-4.71,"skY":-4.71},"z":3,"duration":1},{"z":3,"displayIndex":1,"transform":{"scX":1.46,"x":25.2,"scY":1.46,"y":-21.75,"pX":0,"pY":0,"skX":-4.71,"skY":-4.71},"duration":1},{"z":3,"displayIndex":1,"transform":{"scX":1.46,"x":25.2,"scY":1.46,"y":-19.75,"pX":0,"pY":0,"skX":-4.71,"skY":-4.71},"duration":1},{"z":3,"displayIndex":1,"transform":{"scX":1.46,"x":25.25,"scY":1.46,"y":-19,"pX":0,"pY":0,"skX":-4.71,"skY":-4.71},"duration":1},{"z":3,"displayIndex":1,"transform":{"scX":1.46,"x":24.25,"scY":1.46,"y":-16.6,"pX":0,"pY":0,"skX":7.27,"skY":7.27},"duration":1},{"z":3,"displayIndex":1,"transform":{"scX":1.46,"x":24.3,"scY":1.46,"y":-15.35,"pX":0,"pY":0,"skX":7.27,"skY":7.27},"duration":1},{"z":3,"displayIndex":1,"transform":{"scX":1.46,"x":24.3,"scY":1.46,"y":-14.85,"pX":0,"pY":0,"skX":7.27,"skY":7.27},"duration":1},{"z":3,"displayIndex":2,"transform":{"scX":1.46,"x":25.25,"scY":1.46,"y":-17.65,"pX":0,"pY":0,"skX":-2.74,"skY":-2.74},"duration":1},{"z":3,"displayIndex":2,"transform":{"scX":1.46,"x":25.25,"scY":1.46,"y":-18.4,"pX":0,"pY":0,"skX":-2.74,"skY":-2.74},"duration":1},{"z":3,"displayIndex":2,"transform":{"scX":1.46,"x":25.2,"scY":1.46,"y":-18.9,"pX":0,"pY":0,"skX":-2.74,"skY":-2.74},"duration":1},{"z":3,"displayIndex":2,"transform":{"scX":1.46,"x":24.65,"scY":1.46,"y":-20.9,"pX":0,"pY":0,"skX":-9.15,"skY":-9.15},"duration":1},{"z":3,"displayIndex":2,"transform":{"scX":1.46,"x":24.6,"scY":1.46,"y":-21.65,"pX":0,"pY":0,"skX":-9.15,"skY":-9.15},"duration":1},{"z":3,"displayIndex":2,"transform":{"scX":1.46,"x":24.55,"scY":1.46,"y":-21.9,"pX":0,"pY":0,"skX":-9.15,"skY":-9.15},"duration":1},{"z":3,"displayIndex":2,"transform":{"scX":1.46,"x":24.5,"scY":1.46,"y":-22.4,"pX":0,"pY":0,"skX":-9.15,"skY":-9.15},"duration":1},{"transform":{"scX":1.46,"x":25.05,"scY":1.46,"y":-22.3,"pX":0,"pY":0,"skX":-4.71,"skY":-4.71},"z":3,"duration":1}],"offset":0},{"name":"tt身体01","scale":1,"frame":[{"z":4,"transform":{"scX":-1,"x":8.95,"scY":1,"y":-9.05,"pX":0,"pY":0,"skX":0,"skY":0},"duration":8,"tweenEasing":0},{"z":4,"transform":{"scX":-1,"x":8.95,"scY":1,"y":-5,"pX":0,"pY":-0.05,"skX":0,"skY":0},"duration":8,"tweenEasing":0},{"z":4,"transform":{"scX":-1,"x":8.95,"scY":1,"y":-9.05,"pX":0,"pY":0,"skX":0,"skY":0},"duration":8,"tweenEasing":0},{"z":4,"transform":{"scX":-1,"x":8.95,"scY":1,"y":-5,"pX":0,"pY":-0.05,"skX":0,"skY":0},"duration":8,"tweenEasing":0},{"z":4,"transform":{"scX":-1,"x":8.95,"scY":1,"y":-9.05,"pX":0,"pY":0,"skX":0,"skY":0},"duration":8,"tweenEasing":0},{"z":4,"transform":{"scX":-1,"x":8.95,"scY":1,"y":-5,"pX":0,"pY":-0.05,"skX":0,"skY":0},"duration":8,"tweenEasing":0},{"transform":{"scX":-1,"x":8.95,"scY":1,"y":-9.05,"pX":0,"pY":0,"skX":0,"skY":0},"z":4,"duration":1}],"offset":0},{"name":"tt右手","scale":1,"frame":[{"z":5,"transform":{"scX":-1,"x":-0.6,"scY":1,"y":-28.65,"pX":0,"pY":0,"skX":0,"skY":0},"duration":8,"tweenEasing":0},{"z":5,"transform":{"scX":-1,"x":-0.6,"scY":0.92,"y":-24.6,"pX":-0.05,"pY":-0.1,"skX":6.99,"skY":7},"duration":8,"tweenEasing":0},{"z":5,"transform":{"scX":-1,"x":-0.6,"scY":1,"y":-28.65,"pX":0,"pY":0,"skX":0,"skY":0},"duration":8,"tweenEasing":0},{"z":5,"transform":{"scX":-1,"x":-0.6,"scY":0.92,"y":-24.6,"pX":-0.05,"pY":-0.1,"skX":6.99,"skY":7},"duration":8,"tweenEasing":0},{"z":5,"transform":{"scX":-1,"x":-0.6,"scY":1,"y":-28.65,"pX":0,"pY":0,"skX":0,"skY":0},"duration":8,"tweenEasing":0},{"z":5,"transform":{"scX":-1,"x":-0.6,"scY":0.92,"y":-24.6,"pX":-0.05,"pY":-0.1,"skX":6.99,"skY":7},"duration":8,"tweenEasing":0},{"transform":{"scX":-1,"x":-0.6,"scY":1,"y":-28.65,"pX":0,"pY":0,"skX":0,"skY":0},"z":5,"duration":1}],"offset":0},{"name":"tt大头","scale":1,"frame":[{"z":6,"transform":{"scX":-1,"x":-3.6,"scY":1,"y":-29.6,"pX":0,"pY":0,"skX":0,"skY":0},"duration":8,"tweenEasing":0},{"z":6,"transform":{"scX":-1,"x":-3.6,"scY":1,"y":-26.1,"pX":0,"pY":0.05,"skX":0,"skY":0},"duration":8,"tweenEasing":0},{"z":6,"transform":{"scX":-1,"x":-3.6,"scY":1,"y":-29.6,"pX":0,"pY":0,"skX":0,"skY":0},"duration":8,"tweenEasing":0},{"z":6,"transform":{"scX":-1,"x":-3.6,"scY":1,"y":-26.1,"pX":0,"pY":0.05,"skX":0,"skY":0},"duration":8,"tweenEasing":0},{"z":6,"transform":{"scX":-1,"x":-3.6,"scY":1,"y":-29.6,"pX":0,"pY":0,"skX":0,"skY":0},"duration":8,"tweenEasing":0},{"z":6,"transform":{"scX":-1,"x":-3.6,"scY":1,"y":-26.1,"pX":0,"pY":0.05,"skX":0,"skY":0},"duration":8,"tweenEasing":0},{"transform":{"scX":-1,"x":-3.6,"scY":1,"y":-29.6,"pX":0,"pY":0,"skX":0,"skY":0},"z":6,"duration":1}],"offset":0},{"name":"图层 21","scale":1,"frame":[{"duration":24,"displayIndex":-1},{"transform":{"scX":-1,"x":-23.35,"scY":1,"y":-33.05,"pX":0,"pY":0,"skX":0,"skY":0},"z":7,"duration":1},{"z":7,"displayIndex":1,"transform":{"scX":-0.99,"x":-22.95,"scY":1.16,"y":-31.8,"pX":0,"pY":0,"skX":0,"skY":0},"duration":1},{"z":7,"displayIndex":1,"transform":{"scX":-0.99,"x":-22.95,"scY":1.16,"y":-32.05,"pX":0,"pY":0.05,"skX":0,"skY":0},"duration":1},{"transform":{"scX":-1,"x":-23.35,"scY":1,"y":-33.8,"pX":0,"pY":0,"skX":0,"skY":0},"z":7,"duration":1},{"duration":21,"displayIndex":-1}],"offset":0},{"name":"tt左腿","scale":1,"frame":[{"z":8,"transform":{"scX":-1,"x":7.95,"scY":1,"y":-15.3,"pX":0,"pY":0,"skX":0,"skY":0},"duration":8,"tweenEasing":0},{"z":8,"transform":{"scX":-1,"x":7.95,"scY":0.95,"y":-11.35,"pX":0.05,"pY":0.1,"skX":-3.51,"skY":-3.5},"duration":8,"tweenEasing":0},{"z":8,"transform":{"scX":-1,"x":7.95,"scY":1,"y":-15.3,"pX":0,"pY":0,"skX":0,"skY":0},"duration":8,"tweenEasing":0},{"z":8,"transform":{"scX":-1,"x":7.95,"scY":0.95,"y":-11.35,"pX":0.05,"pY":0.1,"skX":-3.51,"skY":-3.5},"duration":8,"tweenEasing":0},{"z":8,"transform":{"scX":-1,"x":7.95,"scY":1,"y":-15.3,"pX":0,"pY":0,"skX":0,"skY":0},"duration":8,"tweenEasing":0},{"z":8,"transform":{"scX":-1,"x":7.95,"scY":0.95,"y":-11.35,"pX":0.05,"pY":0.1,"skX":-3.51,"skY":-3.5},"duration":8,"tweenEasing":0},{"transform":{"scX":-1,"x":7.95,"scY":1,"y":-15.3,"pX":0,"pY":0,"skX":0,"skY":0},"z":8,"duration":1}],"offset":0},{"name":"图层 24","scale":1,"frame":[{"transform":{"scX":0.8,"x":16.5,"scY":0.8,"y":-43.4,"pX":0,"pY":0,"skX":0,"skY":0},"z":9,"duration":1},{"transform":{"scX":0.8,"x":16.5,"scY":0.8,"y":-43.15,"pX":0,"pY":0,"skX":0,"skY":0},"z":9,"duration":1},{"transform":{"scX":0.8,"x":16.5,"scY":0.8,"y":-42.65,"pX":0,"pY":0,"skX":0,"skY":0},"z":9,"duration":1},{"z":9,"displayIndex":1,"transform":{"scX":-1,"x":16.55,"scY":1,"y":-39.05,"pX":0,"pY":0,"skX":0,"skY":0},"duration":1},{"z":9,"displayIndex":1,"transform":{"scX":-1,"x":16.55,"scY":1,"y":-38.3,"pX":0,"pY":0,"skX":0,"skY":0},"duration":1},{"z":9,"displayIndex":1,"transform":{"scX":-1,"x":16.55,"scY":1,"y":-38.55,"pX":0,"pY":0,"skX":0,"skY":0},"duration":1},{"z":9,"displayIndex":2,"transform":{"scX":0.8,"x":7.2,"scY":0.8,"y":-26.4,"pX":0,"pY":0,"skX":0,"skY":0},"duration":1},{"z":9,"displayIndex":2,"transform":{"scX":0.8,"x":7.2,"scY":0.8,"y":-25.65,"pX":0,"pY":0,"skX":0,"skY":0},"duration":1},{"z":9,"displayIndex":2,"transform":{"scX":0.8,"x":7.2,"scY":0.8,"y":-24.65,"pX":0,"pY":0,"skX":0,"skY":0},"duration":1},{"z":9,"displayIndex":2,"transform":{"scX":0.8,"x":7.2,"scY":0.8,"y":-24.15,"pX":0,"pY":0,"skX":0,"skY":0},"duration":1},{"z":9,"displayIndex":3,"transform":{"scX":0.8,"x":8.2,"scY":0.8,"y":-23.75,"pX":0,"pY":0,"skX":0,"skY":0},"duration":1},{"z":9,"displayIndex":3,"transform":{"scX":0.8,"x":8.2,"scY":0.8,"y":-25.75,"pX":0,"pY":0,"skX":0,"skY":0},"duration":1},{"z":9,"displayIndex":3,"transform":{"scX":0.8,"x":8.2,"scY":0.8,"y":-26.25,"pX":0,"pY":0,"skX":0,"skY":0},"duration":1},{"z":9,"displayIndex":4,"transform":{"scX":-1,"x":13.3,"scY":1,"y":-39.05,"pX":0,"pY":0,"skX":0,"skY":0},"duration":1},{"z":9,"displayIndex":4,"transform":{"scX":-1,"x":13.3,"scY":1,"y":-39.8,"pX":0,"pY":0,"skX":0,"skY":0},"duration":1},{"z":9,"displayIndex":4,"transform":{"scX":-1,"x":13.3,"scY":1,"y":-40.55,"pX":0,"pY":0,"skX":0,"skY":0},"duration":1},{"transform":{"scX":0.8,"x":16.5,"scY":0.8,"y":-43.4,"pX":0,"pY":0,"skX":0,"skY":0},"z":9,"duration":1},{"transform":{"scX":0.8,"x":16.5,"scY":0.8,"y":-43.15,"pX":0,"pY":0,"skX":0,"skY":0},"z":9,"duration":1},{"transform":{"scX":0.8,"x":16.5,"scY":0.8,"y":-42.65,"pX":0,"pY":0,"skX":0,"skY":0},"z":9,"duration":1},{"z":9,"displayIndex":1,"transform":{"scX":-1,"x":16.55,"scY":1,"y":-39.05,"pX":0,"pY":0,"skX":0,"skY":0},"duration":1},{"z":9,"displayIndex":1,"transform":{"scX":-1,"x":16.55,"scY":1,"y":-38.3,"pX":0,"pY":0,"skX":0,"skY":0},"duration":1},{"z":9,"displayIndex":1,"transform":{"scX":-1,"x":16.55,"scY":1,"y":-38.55,"pX":0,"pY":0,"skX":0,"skY":0},"duration":1},{"z":9,"displayIndex":2,"transform":{"scX":0.8,"x":7.2,"scY":0.8,"y":-26.4,"pX":0,"pY":0,"skX":0,"skY":0},"duration":1},{"z":9,"displayIndex":2,"transform":{"scX":0.8,"x":7.2,"scY":0.8,"y":-25.65,"pX":0,"pY":0,"skX":0,"skY":0},"duration":1},{"z":9,"displayIndex":2,"transform":{"scX":0.8,"x":7.2,"scY":0.8,"y":-24.65,"pX":0,"pY":0,"skX":0,"skY":0},"duration":1},{"z":9,"displayIndex":2,"transform":{"scX":0.8,"x":7.2,"scY":0.8,"y":-24.15,"pX":0,"pY":0,"skX":0,"skY":0},"duration":1},{"z":9,"displayIndex":3,"transform":{"scX":0.8,"x":8.2,"scY":0.8,"y":-23.75,"pX":0,"pY":0,"skX":0,"skY":0},"duration":1},{"z":9,"displayIndex":3,"transform":{"scX":0.8,"x":8.2,"scY":0.8,"y":-25.75,"pX":0,"pY":0,"skX":0,"skY":0},"duration":1},{"z":9,"displayIndex":3,"transform":{"scX":0.8,"x":8.2,"scY":0.8,"y":-26.25,"pX":0,"pY":0,"skX":0,"skY":0},"duration":1},{"z":9,"displayIndex":4,"transform":{"scX":-1,"x":13.3,"scY":1,"y":-39.05,"pX":0,"pY":0,"skX":0,"skY":0},"duration":1},{"z":9,"displayIndex":4,"transform":{"scX":-1,"x":13.3,"scY":1,"y":-39.8,"pX":0,"pY":0,"skX":0,"skY":0},"duration":1},{"z":9,"displayIndex":4,"transform":{"scX":-1,"x":13.3,"scY":1,"y":-40.55,"pX":0,"pY":0,"skX":0,"skY":0},"duration":1},{"transform":{"scX":0.8,"x":16.5,"scY":0.8,"y":-43.4,"pX":0,"pY":0,"skX":0,"skY":0},"z":9,"duration":1},{"transform":{"scX":0.8,"x":16.5,"scY":0.8,"y":-43.15,"pX":0,"pY":0,"skX":0,"skY":0},"z":9,"duration":1},{"transform":{"scX":0.8,"x":16.5,"scY":0.8,"y":-42.65,"pX":0,"pY":0,"skX":0,"skY":0},"z":9,"duration":1},{"z":9,"displayIndex":1,"transform":{"scX":-1,"x":16.55,"scY":1,"y":-39.05,"pX":0,"pY":0,"skX":0,"skY":0},"duration":1},{"z":9,"displayIndex":1,"transform":{"scX":-1,"x":16.55,"scY":1,"y":-38.3,"pX":0,"pY":0,"skX":0,"skY":0},"duration":1},{"z":9,"displayIndex":1,"transform":{"scX":-1,"x":16.55,"scY":1,"y":-38.55,"pX":0,"pY":0,"skX":0,"skY":0},"duration":1},{"z":9,"displayIndex":2,"transform":{"scX":0.8,"x":7.2,"scY":0.8,"y":-26.4,"pX":0,"pY":0,"skX":0,"skY":0},"duration":1},{"z":9,"displayIndex":2,"transform":{"scX":0.8,"x":7.2,"scY":0.8,"y":-25.65,"pX":0,"pY":0,"skX":0,"skY":0},"duration":1},{"z":9,"displayIndex":2,"transform":{"scX":0.8,"x":7.2,"scY":0.8,"y":-24.65,"pX":0,"pY":0,"skX":0,"skY":0},"duration":1},{"z":9,"displayIndex":2,"transform":{"scX":0.8,"x":7.2,"scY":0.8,"y":-24.15,"pX":0,"pY":0,"skX":0,"skY":0},"duration":1},{"z":9,"displayIndex":3,"transform":{"scX":0.8,"x":8.2,"scY":0.8,"y":-23.75,"pX":0,"pY":0,"skX":0,"skY":0},"duration":1},{"z":9,"displayIndex":3,"transform":{"scX":0.8,"x":8.2,"scY":0.8,"y":-25.75,"pX":0,"pY":0,"skX":0,"skY":0},"duration":1},{"z":9,"displayIndex":3,"transform":{"scX":0.8,"x":8.2,"scY":0.8,"y":-26.25,"pX":0,"pY":0,"skX":0,"skY":0},"duration":1},{"z":9,"displayIndex":4,"transform":{"scX":-1,"x":13.3,"scY":1,"y":-39.05,"pX":0,"pY":0,"skX":0,"skY":0},"duration":1},{"z":9,"displayIndex":4,"transform":{"scX":-1,"x":13.3,"scY":1,"y":-39.8,"pX":0,"pY":0,"skX":0,"skY":0},"duration":1},{"z":9,"displayIndex":4,"transform":{"scX":-1,"x":13.3,"scY":1,"y":-40.55,"pX":0,"pY":0,"skX":0,"skY":0},"duration":1},{"transform":{"scX":0.8,"x":16.5,"scY":0.8,"y":-43.4,"pX":0,"pY":0,"skX":0,"skY":0},"z":9,"duration":1}],"offset":0}],"scale":1,"loop":0,"autoTween":0,"name":"standA","duration":49,"tweenEasing":null},{"fadeInTime":0,"timeline":[{"name":"pp大头pp001","scale":1,"frame":[{"z":10,"transform":{"scX":1,"x":-5.85,"scY":1,"y":-31.1,"pX":0,"pY":0,"skX":0,"skY":0},"duration":8,"tweenEasing":0},{"z":10,"transform":{"scX":1,"x":-5.85,"scY":1,"y":-27.6,"pX":0,"pY":0.05,"skX":0,"skY":0},"duration":8,"tweenEasing":0},{"z":10,"transform":{"scX":1,"x":-5.85,"scY":1,"y":-31.1,"pX":0,"pY":0,"skX":0,"skY":0},"duration":1,"tweenEasing":0}],"offset":0},{"name":"pp左脚0031","scale":1,"frame":[{"z":11,"transform":{"scX":1,"x":9.2,"scY":1,"y":-12.55,"pX":0,"pY":0,"skX":0,"skY":0},"duration":8,"tweenEasing":0},{"z":11,"transform":{"scX":1,"x":9.2,"scY":1,"y":-9,"pX":0,"pY":0.05,"skX":-5.76,"skY":-5.76},"duration":8,"tweenEasing":0},{"transform":{"scX":1,"x":9.2,"scY":1,"y":-12.55,"pX":0,"pY":0,"skX":0,"skY":0},"z":11,"duration":1}],"offset":0},{"name":"图层 27","scale":1,"frame":[{"transform":{"scX":-0.77,"x":18.05,"scY":0.77,"y":-44.6,"pX":0,"pY":0,"skX":-9.28,"skY":-9.28},"z":12,"duration":1},{"transform":{"scX":-0.77,"x":18.15,"scY":0.77,"y":-44.25,"pX":0,"pY":0,"skX":-9.28,"skY":-9.28},"z":12,"duration":1},{"transform":{"scX":-0.77,"x":18.65,"scY":0.77,"y":-44.05,"pX":0,"pY":0,"skX":-9.28,"skY":-9.28},"z":12,"duration":1},{"z":12,"displayIndex":1,"transform":{"scX":-0.77,"x":18.2,"scY":0.77,"y":-37.5,"pX":0,"pY":0,"skX":-9.28,"skY":-9.28},"duration":1},{"z":12,"displayIndex":1,"transform":{"scX":-0.77,"x":18.5,"scY":0.77,"y":-37,"pX":0,"pY":0,"skX":-9.28,"skY":-9.28},"duration":1},{"z":12,"displayIndex":1,"transform":{"scX":-0.77,"x":18.7,"scY":0.77,"y":-37,"pX":0,"pY":0,"skX":-9.28,"skY":-9.28},"duration":1},{"z":12,"displayIndex":2,"transform":{"scX":-0.77,"x":5.8,"scY":0.77,"y":-33.55,"pX":0,"pY":0,"skX":51.43,"skY":51.43},"duration":1},{"z":12,"displayIndex":2,"transform":{"scX":-0.77,"x":5.8,"scY":0.77,"y":-33.15,"pX":-0.05,"pY":-0.1,"skX":51.43,"skY":51.43},"duration":1},{"z":12,"displayIndex":2,"transform":{"scX":-0.77,"x":5.9,"scY":0.77,"y":-32.6,"pX":0,"pY":-0.1,"skX":51.43,"skY":51.43},"duration":1},{"z":12,"displayIndex":2,"transform":{"scX":-0.77,"x":5.85,"scY":0.77,"y":-33,"pX":-0.05,"pY":-0.05,"skX":51.43,"skY":51.43},"duration":1},{"z":12,"displayIndex":3,"transform":{"scX":-0.77,"x":17.25,"scY":0.77,"y":-30.3,"pX":0,"pY":0,"skX":-9.28,"skY":-9.28},"duration":1},{"z":12,"displayIndex":3,"transform":{"scX":-0.77,"x":17.15,"scY":0.77,"y":-31.05,"pX":0,"pY":0,"skX":-9.28,"skY":-9.28},"duration":1},{"z":12,"displayIndex":3,"transform":{"scX":-0.77,"x":16.9,"scY":0.77,"y":-31,"pX":0,"pY":0,"skX":-9.28,"skY":-9.28},"duration":1},{"z":12,"displayIndex":4,"transform":{"scX":-0.77,"x":18.35,"scY":0.77,"y":-37.5,"pX":0,"pY":0,"skX":-9.28,"skY":-9.28},"duration":1},{"z":12,"displayIndex":4,"transform":{"scX":-0.77,"x":18.35,"scY":0.77,"y":-37.9,"pX":0,"pY":0,"skX":-9.28,"skY":-9.28},"duration":1},{"z":12,"displayIndex":4,"transform":{"scX":-0.77,"x":18.4,"scY":0.77,"y":-38.4,"pX":0,"pY":0,"skX":-9.28,"skY":-9.28},"duration":1},{"transform":{"scX":-0.77,"x":18.05,"scY":0.77,"y":-44.6,"pX":0,"pY":0,"skX":-9.28,"skY":-9.28},"z":12,"duration":1}],"offset":0},{"name":"pp身体e01","scale":1,"frame":[{"z":13,"transform":{"scX":1,"x":8.15,"scY":1,"y":-7.8,"pX":0,"pY":0,"skX":0,"skY":0},"duration":8,"tweenEasing":0},{"z":13,"transform":{"scX":1,"x":8.15,"scY":1,"y":-4.25,"pX":0,"pY":-0.05,"skX":0,"skY":0},"duration":8,"tweenEasing":0},{"transform":{"scX":1,"x":8.15,"scY":1,"y":-7.8,"pX":0,"pY":0,"skX":0,"skY":0},"z":13,"duration":1}],"offset":0},{"name":"pp大大腿01","scale":1,"frame":[{"z":14,"transform":{"scX":1,"x":-1.35,"scY":1,"y":-11.55,"pX":0,"pY":0,"skX":0,"skY":0},"duration":8,"tweenEasing":0},{"z":14,"transform":{"scX":1,"x":-1.35,"scY":0.97,"y":-8.05,"pX":-0.05,"pY":0.1,"skX":-9.3,"skY":-9.3},"duration":8,"tweenEasing":0},{"transform":{"scX":1,"x":-1.35,"scY":1,"y":-11.55,"pX":0,"pY":0,"skX":0,"skY":0},"z":14,"duration":1}],"offset":0},{"name":"pp右手n01","scale":1,"frame":[{"z":15,"transform":{"scX":1,"x":-11.9,"scY":1,"y":-27.1,"pX":0,"pY":0,"skX":0,"skY":0},"duration":8,"tweenEasing":0},{"z":15,"transform":{"scX":1,"x":-11.9,"scY":0.92,"y":-23.55,"pX":0.1,"pY":0,"skX":7.73,"skY":7.73},"duration":8,"tweenEasing":0},{"transform":{"scX":1,"x":-11.9,"scY":1,"y":-27.1,"pX":0,"pY":0,"skX":0,"skY":0},"z":15,"duration":1}],"offset":0},{"name":"图层 26","scale":1,"frame":[{"transform":{"scX":1,"x":-24.95,"scY":1,"y":-40.1,"pX":0,"pY":0,"skX":0,"skY":0},"z":16,"duration":1},{"transform":{"scX":1,"x":-24.95,"scY":1,"y":-39.6,"pX":0,"pY":0,"skX":0,"skY":0},"z":16,"duration":1},{"transform":{"scX":1,"x":-25.45,"scY":1,"y":-39.1,"pX":0,"pY":0,"skX":0,"skY":0},"z":16,"duration":1},{"z":16,"displayIndex":1,"transform":{"scX":1,"x":-23.65,"scY":1,"y":-30.95,"pX":0,"pY":0,"skX":0,"skY":0},"duration":1},{"z":16,"displayIndex":1,"transform":{"scX":1,"x":-23.9,"scY":1,"y":-30.2,"pX":0,"pY":0,"skX":0,"skY":0},"duration":1},{"z":16,"displayIndex":1,"transform":{"scX":1,"x":-24.15,"scY":1,"y":-30.2,"pX":0,"pY":0,"skX":0,"skY":0},"duration":1},{"z":16,"displayIndex":2,"transform":{"scX":1,"x":-6.75,"scY":1,"y":-28.5,"pX":0,"pY":0,"skX":-60.71,"skY":-60.71},"duration":1},{"z":16,"displayIndex":2,"transform":{"scX":1,"x":-6.75,"scY":1,"y":-28,"pX":0,"pY":0,"skX":-60.71,"skY":-60.71},"duration":1},{"z":16,"displayIndex":2,"transform":{"scX":1,"x":-6.75,"scY":1,"y":-27.25,"pX":0,"pY":0,"skX":-60.71,"skY":-60.71},"duration":1},{"z":16,"displayIndex":2,"transform":{"scX":1,"x":-6.75,"scY":1,"y":-27.75,"pX":0,"pY":0,"skX":-60.71,"skY":-60.71},"duration":1},{"z":16,"displayIndex":3,"transform":{"scX":1,"x":-20.85,"scY":1,"y":-21.95,"pX":0,"pY":0,"skX":0,"skY":0},"duration":1},{"z":16,"displayIndex":3,"transform":{"scX":1,"x":-20.85,"scY":1,"y":-22.95,"pX":0,"pY":0,"skX":0,"skY":0},"duration":1},{"z":16,"displayIndex":3,"transform":{"scX":1,"x":-20.6,"scY":1,"y":-22.95,"pX":0,"pY":0,"skX":0,"skY":0},"duration":1},{"z":16,"displayIndex":4,"transform":{"scX":1,"x":-23.8,"scY":1,"y":-30.95,"pX":0,"pY":0,"skX":0,"skY":0},"duration":1},{"z":16,"displayIndex":4,"transform":{"scX":1,"x":-23.8,"scY":1,"y":-31.45,"pX":0,"pY":0,"skX":0,"skY":0},"duration":1},{"z":16,"displayIndex":4,"transform":{"scX":1,"x":-24.05,"scY":1,"y":-31.95,"pX":0,"pY":0,"skX":0,"skY":0},"duration":1},{"transform":{"scX":1,"x":-24.95,"scY":1,"y":-40.1,"pX":0,"pY":0,"skX":0,"skY":0},"z":16,"duration":1}],"offset":0},{"name":"图层 23","scale":1,"frame":[{"transform":{"scX":1.46,"x":26.3,"scY":1.46,"y":-23.55,"pX":0,"pY":0,"skX":-4.71,"skY":-4.71},"z":17,"duration":1},{"transform":{"scX":1.46,"x":26.35,"scY":1.46,"y":-23.05,"pX":0,"pY":0,"skX":-4.71,"skY":-4.71},"z":17,"duration":1},{"transform":{"scX":1.46,"x":26.4,"scY":1.46,"y":-22.55,"pX":0,"pY":0,"skX":-4.71,"skY":-4.71},"z":17,"duration":1},{"z":17,"displayIndex":1,"transform":{"scX":1.46,"x":26.45,"scY":1.46,"y":-23,"pX":0,"pY":0,"skX":-4.71,"skY":-4.71},"duration":1},{"z":17,"displayIndex":1,"transform":{"scX":1.46,"x":26.45,"scY":1.46,"y":-21,"pX":0,"pY":0,"skX":-4.71,"skY":-4.71},"duration":1},{"z":17,"displayIndex":1,"transform":{"scX":1.46,"x":26.5,"scY":1.46,"y":-20.25,"pX":0,"pY":0,"skX":-4.71,"skY":-4.71},"duration":1},{"z":17,"displayIndex":1,"transform":{"scX":1.46,"x":25.5,"scY":1.46,"y":-17.85,"pX":0,"pY":0,"skX":7.27,"skY":7.27},"duration":1},{"z":17,"displayIndex":1,"transform":{"scX":1.46,"x":25.55,"scY":1.46,"y":-16.6,"pX":0,"pY":0,"skX":7.27,"skY":7.27},"duration":1},{"z":17,"displayIndex":1,"transform":{"scX":1.46,"x":25.55,"scY":1.46,"y":-16.1,"pX":0,"pY":0,"skX":7.27,"skY":7.27},"duration":1},{"z":17,"displayIndex":2,"transform":{"scX":1.46,"x":26.5,"scY":1.46,"y":-18.9,"pX":0,"pY":0,"skX":-2.74,"skY":-2.74},"duration":1},{"z":17,"displayIndex":2,"transform":{"scX":1.46,"x":26.5,"scY":1.46,"y":-19.65,"pX":0,"pY":0,"skX":-2.74,"skY":-2.74},"duration":1},{"z":17,"displayIndex":2,"transform":{"scX":1.46,"x":26.45,"scY":1.46,"y":-20.15,"pX":0,"pY":0,"skX":-2.74,"skY":-2.74},"duration":1},{"z":17,"displayIndex":2,"transform":{"scX":1.46,"x":25.9,"scY":1.46,"y":-22.15,"pX":0,"pY":0,"skX":-9.15,"skY":-9.15},"duration":1},{"z":17,"displayIndex":2,"transform":{"scX":1.46,"x":25.85,"scY":1.46,"y":-22.9,"pX":0,"pY":0,"skX":-9.15,"skY":-9.15},"duration":1},{"z":17,"displayIndex":2,"transform":{"scX":1.46,"x":25.8,"scY":1.46,"y":-23.15,"pX":0,"pY":0,"skX":-9.15,"skY":-9.15},"duration":1},{"z":17,"displayIndex":2,"transform":{"scX":1.46,"x":25.75,"scY":1.46,"y":-23.65,"pX":0,"pY":0,"skX":-9.15,"skY":-9.15},"duration":1},{"transform":{"scX":1.46,"x":26.3,"scY":1.46,"y":-23.55,"pX":0,"pY":0,"skX":-4.71,"skY":-4.71},"z":17,"duration":1}],"offset":0}],"scale":1,"loop":0,"autoTween":0,"name":"standB","duration":17,"tweenEasing":null}]}],"name":"game.living.Living399","frameRate":24,"version":2.3}