{"armature":[{"skin":[{"name":"default","slot":[{"name":"图层 16","z":0,"display":[{"transform":{"scX":1,"x":0,"scY":1,"y":0,"pX":35.5,"pY":8,"skX":0,"skY":0},"name":"Living409/s图层 101","type":"image"}],"parent":"图层 16"},{"name":"a1","z":1,"display":[{"transform":{"scX":1,"x":-1.3,"scY":1,"y":-4.5,"pX":5,"pY":8.5,"skX":0,"skY":0},"name":"Living409/上腿a01","type":"image"}],"parent":"a1"},{"name":"a2","z":2,"display":[{"transform":{"scX":1,"x":-0.2,"scY":1,"y":-0.5,"pX":6.85,"pY":13.75,"skX":0,"skY":0},"name":"Living409/下脚a02","type":"image"}],"parent":"a2"},{"name":"尾巴","z":3,"display":[{"transform":{"scX":1,"x":2.85,"scY":1,"y":-8.75,"pX":16.8,"pY":1.45,"skX":0,"skY":0},"name":"Living409/尾巴ta01","type":"image"},{"transform":{"scX":1,"x":2.8,"scY":1,"y":-8.7,"pX":19.25,"pY":5.85,"skX":0,"skY":0},"name":"Living409/wwwww","type":"image"}],"parent":"尾巴"},{"name":"b1","z":4,"display":[{"transform":{"scX":1,"x":2.35,"scY":1,"y":-2.8,"pX":8.65,"pY":15.1,"skX":0,"skY":0},"name":"Living409/上腿b01","type":"image"}],"parent":"b1"},{"name":"b2","z":5,"display":[{"transform":{"scX":1,"x":0,"scY":1,"y":-2.05,"pX":7.95,"pY":12.4,"skX":0,"skY":0},"name":"Living409/下脚b01","type":"image"}],"parent":"b2"},{"name":"身体","z":6,"display":[{"transform":{"scX":1,"x":-22.25,"scY":1,"y":-29.5,"pX":32.8,"pY":3.15,"skX":0,"skY":0},"name":"Living409/身体s01","type":"image"},{"transform":{"scX":1,"x":-22.25,"scY":1,"y":-29.55,"pX":35.5,"pY":5.5,"skX":0,"skY":0},"name":"Living409/stttt","type":"image"}],"parent":"身体"},{"name":"d1","z":7,"display":[{"transform":{"scX":1,"x":12.55,"scY":1,"y":-2.65,"pX":18.65,"pY":-3.65,"skX":0,"skY":0},"name":"Living409/下脚d01","type":"image"},{"transform":{"scX":1,"x":12.65,"scY":1,"y":-2.65,"pX":20.3,"pY":-2.65,"skX":0,"skY":0},"name":"Living409/ggg","type":"image"}],"parent":"d1"},{"name":"d2","z":8,"display":[{"transform":{"scX":1,"x":-1.7,"scY":1,"y":-12.45,"pX":14.55,"pY":-12.65,"skX":0,"skY":0},"name":"Living409/上腿d02","type":"image"},{"transform":{"scX":1,"x":-1.65,"scY":1,"y":-12.5,"pX":17.15,"pY":-12.35,"skX":0,"skY":0},"name":"Living409/wwwq","type":"image"}],"parent":"d2"},{"name":"c2","z":9,"display":[{"transform":{"scX":1,"x":0.9,"scY":1,"y":-7,"pX":7.5,"pY":8.5,"skX":0,"skY":0},"name":"Living409/上腿c01","type":"image"}],"parent":"c2"},{"name":"c1","z":10,"display":[{"transform":{"scX":1,"x":0.05,"scY":1,"y":-2,"pX":4.7,"pY":14,"skX":0,"skY":0},"name":"Living409/下脚c01","type":"image"}],"parent":"c1"},{"name":"耳朵","z":11,"display":[{"transform":{"scX":1,"x":0.05,"scY":1,"y":-0.3,"pX":13.45,"pY":3.15,"skX":0,"skY":0},"name":"Living409/ssssears002","type":"image"}],"parent":"耳朵"},{"name":"大头","z":12,"display":[{"transform":{"scX":1,"x":-18.5,"scY":1,"y":-102.75,"pX":25.05,"pY":-53.45,"skX":0,"skY":0},"name":"Living409/走路头02","type":"image"}],"parent":"大头"},{"name":"mouth","z":13,"display":[{"transform":{"scX":1,"x":-4.2,"scY":1,"y":-2.9,"pX":3.3,"pY":4.65,"skX":0,"skY":0},"name":"Living409/小嘴巴","type":"image"}],"parent":"mouth"},{"name":"耳朵_0","z":14,"display":[{"transform":{"scX":1,"x":-0.15,"scY":1,"y":-0.5,"pX":6.8,"pY":2.25,"skX":0,"skY":0},"name":"Living409/sssears01","type":"image"}],"parent":"耳朵_0"},{"name":"eyes","z":15,"display":[{"transform":{"scX":1,"x":-11,"scY":1,"y":-2,"pX":0,"pY":0,"skX":0,"skY":0},"name":"Living409/rgghhh","type":"image"},{"transform":{"scX":1,"x":-11,"scY":1,"y":-3.5,"pX":0,"pY":0,"skX":0,"skY":0},"name":"Living409/gt3wg34g4","type":"image"}],"parent":"eyes"},{"name":"围巾","z":16,"display":[{"transform":{"scX":1,"x":2.5,"scY":1,"y":-26.75,"pX":25.35,"pY":-19.25,"skX":0,"skY":0},"name":"Living409/围巾01","type":"image"}],"parent":"围巾"},{"name":"图层 32","z":17,"display":[{"transform":{"scX":1,"x":-30.7,"scY":1,"y":-30.7,"pX":-14.85,"pY":-11.15,"skX":0,"skY":0},"name":"Living409/闪闪星星","type":"image"}],"parent":"图层 32"},{"name":"图层 28","z":18,"display":[{"transform":{"scX":1,"x":0,"scY":1,"y":0,"pX":35.5,"pY":8,"skX":0,"skY":0},"name":"Living409/s图层 101","type":"image"}],"parent":"图层 28"},{"name":"图层 30","z":30,"display":[{"transform":{"scX":1,"x":0,"scY":1,"y":0,"pX":20.5,"pY":21,"skX":0,"skY":0},"name":"Living409/xfbsbsd","type":"image"}],"parent":"图层 30"}]}],"name":"game.living.Living409","bone":[{"transform":{"scX":-1.08,"x":23.75,"skX":0,"scY":1,"y":-1.9,"skY":0},"name":"图层 16"},{"transform":{"scX":1,"x":3.5,"skX":24.73,"scY":1,"y":-15.25,"skY":24.73},"name":"a1"},{"transform":{"scX":1,"x":-1.1,"skX":20.96,"scY":1,"y":-1.45,"skY":20.96},"name":"a2"},{"transform":{"scX":1,"x":52.65,"skX":-9.81,"scY":1,"y":-31.75,"skY":-9.81},"name":"尾巴"},{"transform":{"scX":1,"x":46.7,"skX":-21.48,"scY":1,"y":-9.6,"skY":-21.48},"name":"b1"},{"transform":{"scX":1,"x":52.5,"skX":-21.48,"scY":1,"y":-3.3,"skY":-21.48},"name":"b2"},{"transform":{"scX":1,"x":49,"skX":0,"scY":1,"y":-10.75,"skY":0},"name":"身体"},{"transform":{"scX":1,"x":35.5,"skX":10.78,"scY":1,"y":-14.7,"skY":10.78},"name":"d1"},{"transform":{"scX":1,"x":48.2,"skX":25.21,"scY":0.95,"y":-22.8,"skY":25.21},"name":"d2"},{"transform":{"scX":1,"x":16.3,"skX":-29.45,"scY":1,"y":-11.25,"skY":-29.45},"name":"c2"},{"transform":{"scX":1,"x":23.05,"skX":-38.72,"scY":1,"y":-0.25,"skY":-38.72},"name":"c1"},{"transform":{"scX":1,"x":-19.95,"skX":0,"scY":1,"y":-57.7,"skY":0},"name":"耳朵"},{"transform":{"scX":1,"x":18.5,"skX":0,"scY":1,"y":-26.25,"skY":0},"name":"大头"},{"transform":{"scX":1,"x":-11.9,"skX":-47.83,"scY":1,"y":-35.3,"skY":-47.83},"name":"mouth"},{"transform":{"scX":1,"x":10.25,"skX":0,"scY":1,"y":-57.45,"skY":0},"name":"耳朵_0"},{"transform":{"scX":1,"x":-9.1,"skX":0,"scY":1,"y":-53,"skY":0},"name":"eyes"},{"transform":{"scX":1,"x":12.75,"skX":0,"scY":1,"y":-27.75,"skY":0},"name":"围巾"},{"transform":{"scX":0.25,"x":-5.55,"skX":121.54,"scY":0.25,"y":-18.4,"skY":121.54},"name":"图层 32"},{"transform":{"scX":-1.09,"x":24.7,"skX":0,"scY":1,"y":-3.15,"skY":0},"name":"图层 28"},{"transform":{"scX":1,"x":1.75,"skX":0,"scY":1,"y":-53.6,"skY":0},"name":"图层 30"}],"animation":[{"fadeInTime":0,"timeline":[{"name":"图层 16","scale":1,"frame":[{"duration":5,"z":0,"transform":{"scX":-1.08,"x":23.75,"scY":1,"y":-1.9,"pX":0,"pY":0,"skX":0,"skY":0},"colorTransform":{"bM":100,"gO":0,"bO":0,"aM":50,"rM":100,"aO":0,"gM":100,"rO":0},"tweenEasing":0},{"duration":5,"z":0,"transform":{"scX":-1.02,"x":23.25,"scY":1,"y":-1.9,"pX":0,"pY":0,"skX":0,"skY":0},"colorTransform":{"bM":100,"gO":0,"bO":0,"aM":50,"rM":100,"aO":0,"gM":100,"rO":0},"tweenEasing":0},{"duration":5,"z":0,"transform":{"scX":-1.16,"x":25,"scY":1,"y":-1.9,"pX":0,"pY":0,"skX":0,"skY":0},"colorTransform":{"bM":100,"gO":0,"bO":0,"aM":50,"rM":100,"aO":0,"gM":100,"rO":0},"tweenEasing":0},{"duration":5,"z":0,"transform":{"scX":-1.02,"x":22.5,"scY":1,"y":-1.9,"pX":0,"pY":0,"skX":0,"skY":0},"colorTransform":{"bM":100,"gO":0,"bO":0,"aM":50,"rM":100,"aO":0,"gM":100,"rO":0},"tweenEasing":0},{"duration":5,"z":0,"transform":{"scX":-1.08,"x":23.75,"scY":1,"y":-1.9,"pX":0,"pY":0,"skX":0,"skY":0},"colorTransform":{"bM":100,"gO":0,"bO":0,"aM":50,"rM":100,"aO":0,"gM":100,"rO":0},"tweenEasing":0},{"duration":5,"z":0,"transform":{"scX":-1.02,"x":23.25,"scY":1,"y":-1.9,"pX":0,"pY":0,"skX":0,"skY":0},"colorTransform":{"bM":100,"gO":0,"bO":0,"aM":50,"rM":100,"aO":0,"gM":100,"rO":0},"tweenEasing":0},{"duration":5,"z":0,"transform":{"scX":-1.16,"x":25,"scY":1,"y":-1.9,"pX":0,"pY":0,"skX":0,"skY":0},"colorTransform":{"bM":100,"gO":0,"bO":0,"aM":50,"rM":100,"aO":0,"gM":100,"rO":0},"tweenEasing":0},{"duration":5,"z":0,"transform":{"scX":-1.02,"x":22.5,"scY":1,"y":-1.9,"pX":0,"pY":0,"skX":0,"skY":0},"colorTransform":{"bM":100,"gO":0,"bO":0,"aM":50,"rM":100,"aO":0,"gM":100,"rO":0},"tweenEasing":0},{"z":0,"transform":{"scX":-1.08,"x":23.75,"scY":1,"y":-1.9,"pX":0,"pY":0,"skX":0,"skY":0},"colorTransform":{"bM":100,"gO":0,"bO":0,"aM":50,"rM":100,"aO":0,"gM":100,"rO":0},"duration":1}],"offset":0},{"name":"a1","scale":1,"frame":[{"z":1,"transform":{"scX":1,"x":3.5,"scY":1,"y":-15.25,"pX":0,"pY":0,"skX":24.73,"skY":24.73},"duration":5,"tweenEasing":0},{"z":1,"transform":{"scX":1,"x":3.8,"scY":1,"y":-16.75,"pX":0,"pY":0,"skX":0.03,"skY":0.03},"duration":5,"tweenEasing":0},{"z":1,"transform":{"scX":1,"x":3.3,"scY":1,"y":-15.7,"pX":0.1,"pY":0.05,"skX":-30.48,"skY":-30.48},"duration":5,"tweenEasing":0},{"z":1,"transform":{"scX":1,"x":-2.8,"scY":1,"y":-18.55,"pX":0,"pY":-0.1,"skX":29.95,"skY":27.33},"duration":5,"tweenEasing":0},{"z":1,"transform":{"scX":1,"x":3.5,"scY":1,"y":-15.25,"pX":0,"pY":0,"skX":24.73,"skY":24.73},"duration":5,"tweenEasing":0},{"z":1,"transform":{"scX":1,"x":3.8,"scY":1,"y":-16.75,"pX":0,"pY":0,"skX":0.03,"skY":0.03},"duration":5,"tweenEasing":0},{"z":1,"transform":{"scX":1,"x":3.3,"scY":1,"y":-15.7,"pX":0.1,"pY":0.05,"skX":-30.48,"skY":-30.48},"duration":5,"tweenEasing":0},{"z":1,"transform":{"scX":1,"x":-2.8,"scY":1,"y":-18.55,"pX":0,"pY":-0.1,"skX":29.95,"skY":27.33},"duration":5,"tweenEasing":0},{"transform":{"scX":1,"x":3.5,"scY":1,"y":-15.25,"pX":0,"pY":0,"skX":24.73,"skY":24.73},"z":1,"duration":1}],"offset":0},{"name":"a2","scale":1,"frame":[{"z":2,"transform":{"scX":1,"x":-1.1,"scY":1,"y":-1.45,"pX":0,"pY":0,"skX":20.96,"skY":20.96},"duration":5,"tweenEasing":0},{"z":2,"transform":{"scX":1,"x":5,"scY":1,"y":-1.05,"pX":-0.1,"pY":0,"skX":-1.49,"skY":-1.49},"duration":5,"tweenEasing":0},{"z":2,"transform":{"scX":1,"x":16.2,"scY":1,"y":-3.45,"pX":-0.05,"pY":0,"skX":-37.64,"skY":-37.64},"duration":5,"tweenEasing":0},{"z":2,"transform":{"scX":1,"x":4.9,"scY":1.03,"y":-10.9,"pX":0,"pY":-0.05,"skX":-56.29,"skY":-56.29},"duration":5,"tweenEasing":0},{"z":2,"transform":{"scX":1,"x":-1.1,"scY":1,"y":-1.45,"pX":0,"pY":0,"skX":20.96,"skY":20.96},"duration":5,"tweenEasing":0},{"z":2,"transform":{"scX":1,"x":5,"scY":1,"y":-1.05,"pX":-0.1,"pY":0,"skX":-1.49,"skY":-1.49},"duration":5,"tweenEasing":0},{"z":2,"transform":{"scX":1,"x":16.2,"scY":1,"y":-3.45,"pX":-0.05,"pY":0,"skX":-37.64,"skY":-37.64},"duration":5,"tweenEasing":0},{"z":2,"transform":{"scX":1,"x":4.9,"scY":1.03,"y":-10.9,"pX":0,"pY":-0.05,"skX":-56.29,"skY":-56.29},"duration":5,"tweenEasing":0},{"transform":{"scX":1,"x":-1.1,"scY":1,"y":-1.45,"pX":0,"pY":0,"skX":20.96,"skY":20.96},"z":2,"duration":1}],"offset":0},{"name":"尾巴","scale":1,"frame":[{"z":3,"transform":{"scX":1,"x":52.65,"scY":1,"y":-31.75,"pX":0,"pY":0,"skX":-9.81,"skY":-9.81},"duration":5,"tweenEasing":0},{"z":3,"transform":{"scX":1,"x":52.2,"scY":0.9,"y":-35.5,"pX":-0.1,"pY":0.05,"skX":-4,"skY":-4},"duration":5,"tweenEasing":0},{"z":3,"transform":{"scX":1,"x":52.65,"scY":1,"y":-31.75,"pX":0,"pY":0,"skX":-9.81,"skY":-9.81},"duration":5,"tweenEasing":0},{"z":3,"transform":{"scX":1,"x":52.2,"scY":0.89,"y":-35.3,"pX":-0.1,"pY":0,"skX":-4,"skY":-4},"duration":5,"tweenEasing":0},{"z":3,"transform":{"scX":1,"x":52.65,"scY":1,"y":-31.75,"pX":0,"pY":0,"skX":-9.81,"skY":-9.81},"duration":5,"tweenEasing":0},{"z":3,"transform":{"scX":1,"x":52.2,"scY":0.9,"y":-35.5,"pX":-0.1,"pY":0.05,"skX":-4,"skY":-4},"duration":5,"tweenEasing":0},{"z":3,"transform":{"scX":1,"x":52.65,"scY":1,"y":-31.75,"pX":0,"pY":0,"skX":-9.81,"skY":-9.81},"duration":5,"tweenEasing":0},{"z":3,"transform":{"scX":1,"x":52.2,"scY":0.89,"y":-35.3,"pX":-0.1,"pY":0,"skX":-4,"skY":-4},"duration":5,"tweenEasing":0},{"transform":{"scX":1,"x":52.65,"scY":1,"y":-31.75,"pX":0,"pY":0,"skX":-9.81,"skY":-9.81},"z":3,"duration":1}],"offset":0},{"name":"b1","scale":1,"frame":[{"z":4,"transform":{"scX":1,"x":46.7,"scY":1,"y":-9.6,"pX":0,"pY":0,"skX":-21.48,"skY":-21.48},"duration":5,"tweenEasing":0},{"z":4,"transform":{"scX":1,"x":36.25,"scY":1,"y":-13.6,"pX":-0.1,"pY":-0.05,"skX":-17.75,"skY":-17.75},"duration":5,"tweenEasing":0},{"z":4,"transform":{"scX":1,"x":31,"scY":1,"y":-8.15,"pX":-0.1,"pY":0.1,"skX":16.72,"skY":16.72},"duration":5,"tweenEasing":0},{"z":4,"transform":{"scX":1,"x":36.35,"scY":1,"y":-9.55,"pX":-0.1,"pY":0.1,"skX":3.98,"skY":3.98},"duration":5,"tweenEasing":0},{"z":4,"transform":{"scX":1,"x":46.7,"scY":1,"y":-9.6,"pX":0,"pY":0,"skX":-21.48,"skY":-21.48},"duration":5,"tweenEasing":0},{"z":4,"transform":{"scX":1,"x":36.25,"scY":1,"y":-13.6,"pX":-0.1,"pY":-0.05,"skX":-17.75,"skY":-17.75},"duration":5,"tweenEasing":0},{"z":4,"transform":{"scX":1,"x":31,"scY":1,"y":-8.15,"pX":-0.1,"pY":0.1,"skX":16.72,"skY":16.72},"duration":5,"tweenEasing":0},{"z":4,"transform":{"scX":1,"x":36.35,"scY":1,"y":-9.55,"pX":-0.1,"pY":0.1,"skX":3.98,"skY":3.98},"duration":5,"tweenEasing":0},{"transform":{"scX":1,"x":46.7,"scY":1,"y":-9.6,"pX":0,"pY":0,"skX":-21.48,"skY":-21.48},"z":4,"duration":1}],"offset":0},{"name":"b2","scale":1,"frame":[{"z":5,"transform":{"scX":1,"x":52.5,"scY":1,"y":-3.3,"pX":0,"pY":0,"skX":-21.48,"skY":-21.48},"duration":5,"tweenEasing":0},{"z":5,"transform":{"scX":1,"x":45.1,"scY":1,"y":-14.3,"pX":-0.1,"pY":0.1,"skX":-65.71,"skY":-65.71},"duration":5,"tweenEasing":0},{"z":5,"transform":{"scX":1,"x":31.7,"scY":1,"y":0.3,"pX":-0.05,"pY":0.2,"skX":12.26,"skY":12.26},"duration":5,"tweenEasing":0},{"z":5,"transform":{"scX":1,"x":41.1,"scY":1,"y":-1.95,"pX":0,"pY":0.2,"skX":-1.77,"skY":-1.77},"duration":5,"tweenEasing":0},{"z":5,"transform":{"scX":1,"x":52.5,"scY":1,"y":-3.3,"pX":0,"pY":0,"skX":-21.48,"skY":-21.48},"duration":5,"tweenEasing":0},{"z":5,"transform":{"scX":1,"x":45.1,"scY":1,"y":-14.3,"pX":-0.1,"pY":0.1,"skX":-65.71,"skY":-65.71},"duration":5,"tweenEasing":0},{"z":5,"transform":{"scX":1,"x":31.7,"scY":1,"y":0.3,"pX":-0.05,"pY":0.2,"skX":12.26,"skY":12.26},"duration":5,"tweenEasing":0},{"z":5,"transform":{"scX":1,"x":41.1,"scY":1,"y":-1.95,"pX":0,"pY":0.2,"skX":-1.77,"skY":-1.77},"duration":5,"tweenEasing":0},{"transform":{"scX":1,"x":52.5,"scY":1,"y":-3.3,"pX":0,"pY":0,"skX":-21.48,"skY":-21.48},"z":5,"duration":1}],"offset":0},{"name":"身体","scale":1,"frame":[{"z":6,"transform":{"scX":1,"x":49,"scY":1,"y":-10.75,"pX":0,"pY":0,"skX":0,"skY":0},"duration":5,"tweenEasing":0},{"z":6,"transform":{"scX":1,"x":49,"scY":1,"y":-15,"pX":0,"pY":0,"skX":0,"skY":-0.83},"duration":5,"tweenEasing":0},{"z":6,"transform":{"scX":1,"x":49,"scY":1,"y":-10.25,"pX":0,"pY":0,"skX":0,"skY":0.55},"duration":5,"tweenEasing":0},{"z":6,"transform":{"scX":1,"x":49,"scY":1,"y":-14.25,"pX":0,"pY":0,"skX":0,"skY":0},"duration":5,"tweenEasing":0},{"z":6,"transform":{"scX":1,"x":49,"scY":1,"y":-10.75,"pX":0,"pY":0,"skX":0,"skY":0},"duration":5,"tweenEasing":0},{"z":6,"transform":{"scX":1,"x":49,"scY":1,"y":-15,"pX":0,"pY":0,"skX":0,"skY":-0.83},"duration":5,"tweenEasing":0},{"z":6,"transform":{"scX":1,"x":49,"scY":1,"y":-10.25,"pX":0,"pY":0,"skX":0,"skY":0.55},"duration":5,"tweenEasing":0},{"z":6,"transform":{"scX":1,"x":49,"scY":1,"y":-14.25,"pX":0,"pY":0,"skX":0,"skY":0},"duration":5,"tweenEasing":0},{"transform":{"scX":1,"x":49,"scY":1,"y":-10.75,"pX":0,"pY":0,"skX":0,"skY":0},"z":6,"duration":1}],"offset":0},{"name":"d1","scale":1,"frame":[{"z":7,"transform":{"scX":1,"x":35.5,"scY":1,"y":-14.7,"pX":0,"pY":0,"skX":10.78,"skY":10.78},"duration":5,"tweenEasing":0},{"z":7,"transform":{"scX":1,"x":39.8,"scY":1,"y":-16.3,"pX":-0.05,"pY":0,"skX":-13.43,"skY":-13.43},"duration":5,"tweenEasing":0},{"z":7,"transform":{"scX":1,"x":42,"scY":1,"y":-12.6,"pX":-0.05,"pY":0.05,"skX":-53.85,"skY":-53.85},"duration":3,"tweenEasing":0},{"z":7,"transform":{"scX":1,"x":35.75,"scY":1,"y":-14.95,"pX":0,"pY":0,"skX":-44.92,"skY":-44.92},"duration":2,"tweenEasing":0},{"z":7,"transform":{"scX":1,"x":34.85,"scY":1,"y":-18.65,"pX":0,"pY":0,"skX":-1.73,"skY":-1.73},"duration":5,"tweenEasing":0},{"z":7,"transform":{"scX":1,"x":35.5,"scY":1,"y":-14.7,"pX":0,"pY":0,"skX":10.78,"skY":10.78},"duration":5,"tweenEasing":0},{"z":7,"transform":{"scX":1,"x":39.8,"scY":1,"y":-16.3,"pX":-0.05,"pY":0,"skX":-13.43,"skY":-13.43},"duration":5,"tweenEasing":0},{"z":7,"transform":{"scX":1,"x":42,"scY":1,"y":-12.6,"pX":-0.05,"pY":0.05,"skX":-53.85,"skY":-53.85},"duration":3,"tweenEasing":0},{"z":7,"transform":{"scX":1,"x":35.75,"scY":1,"y":-14.95,"pX":0,"pY":0,"skX":-44.92,"skY":-44.92},"duration":2,"tweenEasing":0},{"z":7,"transform":{"scX":1,"x":34.85,"scY":1,"y":-18.65,"pX":0,"pY":0,"skX":-1.73,"skY":-1.73},"duration":5,"tweenEasing":0},{"transform":{"scX":1,"x":35.5,"scY":1,"y":-14.7,"pX":0,"pY":0,"skX":10.78,"skY":10.78},"z":7,"duration":1}],"offset":0},{"name":"d2","scale":1,"frame":[{"z":8,"transform":{"scX":1,"x":48.2,"scY":0.95,"y":-22.8,"pX":0,"pY":0,"skX":25.21,"skY":25.21},"duration":5,"tweenEasing":0},{"z":8,"transform":{"scX":1,"x":48,"scY":1,"y":-29,"pX":-0.05,"pY":-0.1,"skX":-0.03,"skY":-0.03},"duration":5,"tweenEasing":0},{"z":8,"transform":{"scX":1,"x":45.35,"scY":1,"y":-29.05,"pX":-0.1,"pY":-0.05,"skX":-24.19,"skY":-24.19},"duration":3,"tweenEasing":0},{"z":8,"transform":{"scX":1,"x":47.25,"scY":0.9,"y":-27.7,"pX":-0.05,"pY":-0.1,"skX":8.74,"skY":4},"duration":2,"tweenEasing":0},{"z":8,"transform":{"scX":1,"x":48.55,"scY":0.81,"y":-24.15,"pX":-0.1,"pY":0.1,"skX":28.61,"skY":24.19},"duration":5,"tweenEasing":0},{"z":8,"transform":{"scX":1,"x":48.2,"scY":0.95,"y":-22.8,"pX":0,"pY":0,"skX":25.21,"skY":25.21},"duration":5,"tweenEasing":0},{"z":8,"transform":{"scX":1,"x":48,"scY":1,"y":-29,"pX":-0.05,"pY":-0.1,"skX":-0.03,"skY":-0.03},"duration":5,"tweenEasing":0},{"z":8,"transform":{"scX":1,"x":45.35,"scY":1,"y":-29.05,"pX":-0.1,"pY":-0.05,"skX":-24.19,"skY":-24.19},"duration":3,"tweenEasing":0},{"z":8,"transform":{"scX":1,"x":47.25,"scY":0.9,"y":-27.7,"pX":-0.05,"pY":-0.1,"skX":8.74,"skY":4},"duration":2,"tweenEasing":0},{"z":8,"transform":{"scX":1,"x":48.55,"scY":0.81,"y":-24.15,"pX":-0.1,"pY":0.1,"skX":28.61,"skY":24.19},"duration":5,"tweenEasing":0},{"transform":{"scX":1,"x":48.2,"scY":0.95,"y":-22.8,"pX":0,"pY":0,"skX":25.21,"skY":25.21},"z":8,"duration":1}],"offset":0},{"name":"c2","scale":1,"frame":[{"z":9,"transform":{"scX":1,"x":16.3,"scY":1,"y":-11.25,"pX":0,"pY":0,"skX":-29.45,"skY":-29.45},"duration":5,"tweenEasing":0},{"z":9,"transform":{"scX":1,"x":5.05,"scY":0.91,"y":-15.6,"pX":0.05,"pY":-0.05,"skX":23.17,"skY":23.17},"duration":5,"tweenEasing":0},{"z":9,"transform":{"scX":1,"x":7.25,"scY":1,"y":-12.05,"pX":0.1,"pY":0.05,"skX":22.96,"skY":22.96},"duration":5,"tweenEasing":0},{"z":9,"transform":{"scX":1,"x":13.25,"scY":1,"y":-12.35,"pX":0.1,"pY":0.05,"skX":-14.72,"skY":-14.72},"duration":5,"tweenEasing":0},{"z":9,"transform":{"scX":1,"x":16.3,"scY":1,"y":-11.25,"pX":0,"pY":0,"skX":-29.45,"skY":-29.45},"duration":5,"tweenEasing":0},{"z":9,"transform":{"scX":1,"x":5.05,"scY":0.91,"y":-15.6,"pX":0.05,"pY":-0.05,"skX":23.17,"skY":23.17},"duration":5,"tweenEasing":0},{"z":9,"transform":{"scX":1,"x":7.25,"scY":1,"y":-12.05,"pX":0.1,"pY":0.05,"skX":22.96,"skY":22.96},"duration":5,"tweenEasing":0},{"z":9,"transform":{"scX":1,"x":13.25,"scY":1,"y":-12.35,"pX":0.1,"pY":0.05,"skX":-14.72,"skY":-14.72},"duration":5,"tweenEasing":0},{"transform":{"scX":1,"x":16.3,"scY":1,"y":-11.25,"pX":0,"pY":0,"skX":-29.45,"skY":-29.45},"z":9,"duration":1}],"offset":0},{"name":"c1","scale":1,"frame":[{"z":10,"transform":{"scX":1,"x":23.05,"scY":1,"y":-0.25,"pX":0,"pY":0,"skX":-38.72,"skY":-38.72},"duration":5,"tweenEasing":0},{"z":10,"transform":{"scX":1,"x":9.15,"scY":1.19,"y":-0.7,"pX":0,"pY":-0.05,"skX":-16.34,"skY":-16.34},"duration":5,"tweenEasing":0},{"z":10,"transform":{"scX":1,"x":0.4,"scY":1,"y":-0.75,"pX":0,"pY":0,"skX":22.52,"skY":22.52},"duration":5,"tweenEasing":0},{"z":10,"transform":{"scX":1,"x":15.35,"scY":1,"y":0.7,"pX":0.1,"pY":-0.05,"skX":-20.19,"skY":-20.19},"duration":5,"tweenEasing":0},{"z":10,"transform":{"scX":1,"x":23.05,"scY":1,"y":-0.25,"pX":0,"pY":0,"skX":-38.72,"skY":-38.72},"duration":5,"tweenEasing":0},{"z":10,"transform":{"scX":1,"x":9.15,"scY":1.19,"y":-0.7,"pX":0,"pY":-0.05,"skX":-16.34,"skY":-16.34},"duration":5,"tweenEasing":0},{"z":10,"transform":{"scX":1,"x":0.4,"scY":1,"y":-0.75,"pX":0,"pY":0,"skX":22.52,"skY":22.52},"duration":5,"tweenEasing":0},{"z":10,"transform":{"scX":1,"x":15.35,"scY":1,"y":0.7,"pX":0.1,"pY":-0.05,"skX":-20.19,"skY":-20.19},"duration":5,"tweenEasing":0},{"transform":{"scX":1,"x":23.05,"scY":1,"y":-0.25,"pX":0,"pY":0,"skX":-38.72,"skY":-38.72},"z":10,"duration":1}],"offset":0},{"name":"耳朵","scale":1,"frame":[{"z":11,"transform":{"scX":1,"x":-19.95,"scY":1,"y":-57.7,"pX":0,"pY":0,"skX":0,"skY":0},"duration":5,"tweenEasing":0},{"z":11,"transform":{"scX":1,"x":-20.95,"scY":1,"y":-60.7,"pX":0,"pY":0,"skX":8.97,"skY":8.97},"duration":5,"tweenEasing":0},{"z":11,"transform":{"scX":1,"x":-19.95,"scY":1,"y":-57.7,"pX":0,"pY":0,"skX":0,"skY":0},"duration":5,"tweenEasing":0},{"z":11,"transform":{"scX":1,"x":-20.95,"scY":1,"y":-60.7,"pX":0,"pY":0,"skX":8.97,"skY":8.97},"duration":5,"tweenEasing":0},{"z":11,"transform":{"scX":1,"x":-19.95,"scY":1,"y":-57.7,"pX":0,"pY":0,"skX":0,"skY":0},"duration":5,"tweenEasing":0},{"z":11,"transform":{"scX":1,"x":-20.95,"scY":1,"y":-60.7,"pX":0,"pY":0,"skX":8.97,"skY":8.97},"duration":5,"tweenEasing":0},{"z":11,"transform":{"scX":1,"x":-19.95,"scY":1,"y":-57.7,"pX":0,"pY":0,"skX":0,"skY":0},"duration":5,"tweenEasing":0},{"z":11,"transform":{"scX":1,"x":-20.95,"scY":1,"y":-60.7,"pX":0,"pY":0,"skX":8.97,"skY":8.97},"duration":5,"tweenEasing":0},{"transform":{"scX":1,"x":-19.95,"scY":1,"y":-57.7,"pX":0,"pY":0,"skX":0,"skY":0},"z":11,"duration":1}],"offset":0},{"name":"大头","scale":1,"frame":[{"z":12,"transform":{"scX":1,"x":18.5,"scY":1,"y":-26.25,"pX":0,"pY":0,"skX":0,"skY":0},"duration":5,"tweenEasing":0},{"z":12,"transform":{"scX":1,"x":17.5,"scY":1,"y":-29.25,"pX":0,"pY":-0.05,"skX":-0.96,"skY":-0.96},"duration":5,"tweenEasing":0},{"z":12,"transform":{"scX":1,"x":18.5,"scY":1,"y":-26.25,"pX":0,"pY":0,"skX":0,"skY":0},"duration":5,"tweenEasing":0},{"z":12,"transform":{"scX":1,"x":17.5,"scY":1,"y":-29.25,"pX":0,"pY":-0.05,"skX":-0.96,"skY":-0.96},"duration":5,"tweenEasing":0},{"z":12,"transform":{"scX":1,"x":18.5,"scY":1,"y":-26.25,"pX":0,"pY":0,"skX":0,"skY":0},"duration":5,"tweenEasing":0},{"z":12,"transform":{"scX":1,"x":17.5,"scY":1,"y":-29.25,"pX":0,"pY":-0.05,"skX":-0.96,"skY":-0.96},"duration":5,"tweenEasing":0},{"z":12,"transform":{"scX":1,"x":18.5,"scY":1,"y":-26.25,"pX":0,"pY":0,"skX":0,"skY":0},"duration":5,"tweenEasing":0},{"z":12,"transform":{"scX":1,"x":17.5,"scY":1,"y":-29.25,"pX":0,"pY":-0.05,"skX":-0.96,"skY":-0.96},"duration":5,"tweenEasing":0},{"transform":{"scX":1,"x":18.5,"scY":1,"y":-26.25,"pX":0,"pY":0,"skX":0,"skY":0},"z":12,"duration":1}],"offset":0},{"name":"mouth","scale":1,"frame":[{"z":13,"transform":{"scX":1,"x":-11.9,"scY":1,"y":-35.3,"pX":0,"pY":0,"skX":-47.83,"skY":-47.83},"duration":5,"tweenEasing":0},{"z":13,"transform":{"scX":1.18,"x":-11.5,"scY":1,"y":-36.95,"pX":-0.05,"pY":-0.05,"skX":-47.83,"skY":-37.85},"duration":5,"tweenEasing":0},{"z":13,"transform":{"scX":1,"x":-11.9,"scY":1,"y":-35.3,"pX":0,"pY":0,"skX":-47.83,"skY":-47.83},"duration":5,"tweenEasing":0},{"z":13,"transform":{"scX":1.18,"x":-11.5,"scY":1,"y":-36.95,"pX":-0.05,"pY":-0.05,"skX":-47.83,"skY":-37.85},"duration":5,"tweenEasing":0},{"z":13,"transform":{"scX":1,"x":-11.9,"scY":1,"y":-35.3,"pX":0,"pY":0,"skX":-47.83,"skY":-47.83},"duration":5,"tweenEasing":0},{"z":13,"transform":{"scX":1.18,"x":-11.5,"scY":1,"y":-36.95,"pX":-0.05,"pY":-0.05,"skX":-47.83,"skY":-37.85},"duration":5,"tweenEasing":0},{"z":13,"transform":{"scX":1,"x":-11.9,"scY":1,"y":-35.3,"pX":0,"pY":0,"skX":-47.83,"skY":-47.83},"duration":5,"tweenEasing":0},{"z":13,"transform":{"scX":1.18,"x":-11.5,"scY":1,"y":-36.95,"pX":-0.05,"pY":-0.05,"skX":-47.83,"skY":-37.85},"duration":5,"tweenEasing":0},{"transform":{"scX":1,"x":-11.9,"scY":1,"y":-35.3,"pX":0,"pY":0,"skX":-47.83,"skY":-47.83},"z":13,"duration":1}],"offset":0},{"name":"耳朵_0","scale":1,"frame":[{"z":14,"transform":{"scX":1,"x":10.25,"scY":1,"y":-57.45,"pX":0,"pY":0,"skX":0,"skY":0},"duration":5,"tweenEasing":0},{"z":14,"transform":{"scX":1,"x":8.75,"scY":1,"y":-59.7,"pX":-0.05,"pY":0,"skX":-10.21,"skY":-10.21},"duration":5,"tweenEasing":0},{"z":14,"transform":{"scX":1,"x":10.25,"scY":1,"y":-57.45,"pX":0,"pY":0,"skX":0,"skY":0},"duration":5,"tweenEasing":0},{"z":14,"transform":{"scX":1,"x":8.75,"scY":1,"y":-59.7,"pX":-0.05,"pY":0,"skX":-10.21,"skY":-10.21},"duration":5,"tweenEasing":0},{"z":14,"transform":{"scX":1,"x":10.25,"scY":1,"y":-57.45,"pX":0,"pY":0,"skX":0,"skY":0},"duration":5,"tweenEasing":0},{"z":14,"transform":{"scX":1,"x":8.75,"scY":1,"y":-59.7,"pX":-0.05,"pY":0,"skX":-10.21,"skY":-10.21},"duration":5,"tweenEasing":0},{"z":14,"transform":{"scX":1,"x":10.25,"scY":1,"y":-57.45,"pX":0,"pY":0,"skX":0,"skY":0},"duration":5,"tweenEasing":0},{"z":14,"transform":{"scX":1,"x":8.75,"scY":1,"y":-59.7,"pX":-0.05,"pY":0,"skX":-10.21,"skY":-10.21},"duration":5,"tweenEasing":0},{"transform":{"scX":1,"x":10.25,"scY":1,"y":-57.45,"pX":0,"pY":0,"skX":0,"skY":0},"z":14,"duration":1}],"offset":0},{"name":"eyes","scale":1,"frame":[{"duration":22,"displayIndex":-1},{"transform":{"scX":1,"x":-9.1,"scY":1,"y":-53,"pX":0,"pY":0,"skX":0,"skY":0},"z":15,"duration":1},{"z":15,"displayIndex":1,"transform":{"scX":1,"x":-9.4,"scY":1,"y":-52.65,"pX":0,"pY":0,"skX":0,"skY":0},"duration":1},{"z":15,"displayIndex":1,"transform":{"scX":1,"x":-9.4,"scY":1,"y":-53.15,"pX":0,"pY":0,"skX":0,"skY":0},"duration":1},{"z":15,"displayIndex":1,"transform":{"scX":1,"x":-9.65,"scY":1,"y":-53.65,"pX":0,"pY":0,"skX":0,"skY":0},"duration":1},{"transform":{"scX":1,"x":-9.6,"scY":1,"y":-54.5,"pX":0,"pY":0,"skX":0,"skY":0},"z":15,"duration":1},{"duration":14,"displayIndex":-1}],"offset":0},{"name":"围巾","scale":1,"frame":[{"z":16,"transform":{"scX":1,"x":12.75,"scY":1,"y":-27.75,"pX":0,"pY":0,"skX":0,"skY":0},"duration":5,"tweenEasing":0},{"z":16,"transform":{"scX":1,"x":11.25,"scY":1.01,"y":-31.25,"pX":0,"pY":0,"skX":7.68,"skY":0},"duration":5,"tweenEasing":0},{"z":16,"transform":{"scX":1,"x":12.75,"scY":1,"y":-27.75,"pX":0,"pY":0,"skX":0,"skY":0},"duration":5,"tweenEasing":0},{"z":16,"transform":{"scX":1,"x":11.25,"scY":1.01,"y":-31.25,"pX":0,"pY":0,"skX":7.68,"skY":0},"duration":5,"tweenEasing":0},{"z":16,"transform":{"scX":1,"x":12.75,"scY":1,"y":-27.75,"pX":0,"pY":0,"skX":0,"skY":0},"duration":5,"tweenEasing":0},{"z":16,"transform":{"scX":1,"x":11.25,"scY":1.01,"y":-31.25,"pX":0,"pY":0,"skX":7.68,"skY":0},"duration":5,"tweenEasing":0},{"z":16,"transform":{"scX":1,"x":12.75,"scY":1,"y":-27.75,"pX":0,"pY":0,"skX":0,"skY":0},"duration":5,"tweenEasing":0},{"z":16,"transform":{"scX":1,"x":11.25,"scY":1.01,"y":-31.25,"pX":0,"pY":0,"skX":7.68,"skY":0},"duration":5,"tweenEasing":0},{"transform":{"scX":1,"x":12.75,"scY":1,"y":-27.75,"pX":0,"pY":0,"skX":0,"skY":0},"z":16,"duration":1}],"offset":0},{"name":"图层 32","scale":1,"frame":[{"duration":4,"z":17,"transform":{"scX":0.25,"x":-5.55,"scY":0.25,"y":-18.4,"pX":0,"pY":0,"skX":121.54,"skY":121.54},"colorTransform":{"bM":100,"gO":0,"bO":0,"aM":36,"rM":100,"aO":0,"gM":100,"rO":0},"tweenEasing":0},{"duration":5,"z":17,"transform":{"scX":0.3,"x":-6.55,"scY":0.3,"y":-20.9,"pX":-0.4,"pY":-0.3,"skX":-172.19,"skY":-172.19},"colorTransform":{"bM":100,"gO":0,"bO":0,"aM":91,"rM":100,"aO":0,"gM":100,"rO":0},"tweenEasing":0},{"z":17,"transform":{"scX":0.38,"x":-6.05,"scY":0.38,"y":-17.9,"pX":-0.2,"pY":0.1,"skX":-88.99,"skY":-88.99},"duration":5,"tweenEasing":0},{"duration":4,"z":17,"transform":{"scX":0.3,"x":-7.05,"scY":0.3,"y":-20.5,"pX":0.05,"pY":0.1,"skX":-33.81,"skY":-33.81},"colorTransform":{"bM":100,"gO":0,"bO":0,"aM":90,"rM":100,"aO":0,"gM":100,"rO":0},"tweenEasing":0},{"z":17,"transform":{"scX":0.25,"x":-6.3,"scY":0.25,"y":-19.1,"pX":-0.45,"pY":0.1,"skX":10.42,"skY":10.42},"colorTransform":{"bM":100,"gO":0,"bO":0,"aM":36,"rM":100,"aO":0,"gM":100,"rO":0},"duration":1},{"duration":22,"displayIndex":-1}],"offset":0}],"scale":1,"loop":0,"autoTween":0,"name":"standA","duration":41,"tweenEasing":null},{"fadeInTime":0,"timeline":[{"name":"图层 28","scale":1,"frame":[{"duration":5,"z":18,"transform":{"scX":-1.09,"x":24.7,"scY":1,"y":-3.15,"pX":0,"pY":0,"skX":0,"skY":0},"colorTransform":{"bM":100,"gO":0,"bO":0,"aM":50,"rM":100,"aO":0,"gM":100,"rO":0},"tweenEasing":0},{"duration":5,"z":18,"transform":{"scX":-1.03,"x":24.2,"scY":1,"y":-3.15,"pX":0,"pY":0,"skX":0,"skY":0},"colorTransform":{"bM":100,"gO":0,"bO":0,"aM":50,"rM":100,"aO":0,"gM":100,"rO":0},"tweenEasing":0},{"duration":5,"z":18,"transform":{"scX":-1.24,"x":24.75,"scY":1,"y":-3.15,"pX":0,"pY":0,"skX":0,"skY":0},"colorTransform":{"bM":100,"gO":0,"bO":0,"aM":50,"rM":100,"aO":0,"gM":100,"rO":0},"tweenEasing":0},{"duration":5,"z":18,"transform":{"scX":-1.03,"x":23.45,"scY":1,"y":-3.15,"pX":0,"pY":0,"skX":0,"skY":0},"colorTransform":{"bM":100,"gO":0,"bO":0,"aM":50,"rM":100,"aO":0,"gM":100,"rO":0},"tweenEasing":0},{"duration":1,"z":18,"transform":{"scX":-1.09,"x":24.7,"scY":1,"y":-3.15,"pX":0,"pY":0,"skX":0,"skY":0},"colorTransform":{"bM":100,"gO":0,"bO":0,"aM":50,"rM":100,"aO":0,"gM":100,"rO":0},"tweenEasing":0}],"offset":0},{"name":"a1","scale":1,"frame":[{"z":19,"transform":{"scX":1,"x":4.25,"scY":1,"y":-17.25,"pX":0,"pY":0.05,"skX":24.73,"skY":24.73},"duration":5,"tweenEasing":0},{"z":19,"transform":{"scX":1,"x":17.1,"scY":1,"y":-17.15,"pX":0,"pY":0,"skX":0.03,"skY":0.03},"duration":5,"tweenEasing":0},{"z":19,"transform":{"scX":1,"x":16.6,"scY":1,"y":-17.1,"pX":0.1,"pY":0.05,"skX":-30.48,"skY":-30.48},"duration":5,"tweenEasing":0},{"z":19,"transform":{"scX":1,"x":8.35,"scY":1,"y":-20.9,"pX":0,"pY":0.05,"skX":31.95,"skY":29.34},"duration":5,"tweenEasing":0},{"z":19,"transform":{"scX":1,"x":4.25,"scY":1,"y":-17.25,"pX":0,"pY":0.05,"skX":24.73,"skY":24.73},"duration":1,"tweenEasing":0}],"offset":0},{"name":"a2","scale":1,"frame":[{"z":20,"transform":{"scX":1,"x":-0.35,"scY":1,"y":-3.45,"pX":0,"pY":-0.05,"skX":20.96,"skY":20.96},"duration":5,"tweenEasing":0},{"z":20,"transform":{"scX":1,"x":17.8,"scY":1,"y":-1.45,"pX":-0.1,"pY":0.05,"skX":-1.49,"skY":-1.49},"duration":5,"tweenEasing":0},{"z":20,"transform":{"scX":1,"x":23.95,"scY":1,"y":-3.65,"pX":0.05,"pY":0.05,"skX":-27.88,"skY":-27.88},"duration":5,"tweenEasing":0},{"z":20,"transform":{"scX":1,"x":19.3,"scY":1.03,"y":-10.9,"pX":-0.05,"pY":0,"skX":-54.28,"skY":-54.28},"duration":5,"tweenEasing":0},{"z":20,"transform":{"scX":1,"x":-0.35,"scY":1,"y":-3.45,"pX":0,"pY":-0.05,"skX":20.96,"skY":20.96},"duration":1,"tweenEasing":0}],"offset":0},{"name":"b1","scale":1,"frame":[{"z":21,"transform":{"scX":1,"x":46.85,"scY":1,"y":-10.5,"pX":0,"pY":0,"skX":-12.5,"skY":-12.5},"duration":5,"tweenEasing":0},{"z":21,"transform":{"scX":1,"x":36.1,"scY":1,"y":-15.9,"pX":-0.15,"pY":-0.1,"skX":26.2,"skY":26.2},"duration":5,"tweenEasing":0},{"z":21,"transform":{"scX":1,"x":36.15,"scY":1,"y":-10.8,"pX":-0.1,"pY":0.05,"skX":29.94,"skY":29.94},"duration":5,"tweenEasing":0},{"z":21,"transform":{"scX":1,"x":42.85,"scY":1,"y":-13.8,"pX":-0.1,"pY":0.05,"skX":-8.02,"skY":-8.02},"duration":5,"tweenEasing":0},{"z":21,"transform":{"scX":1,"x":46.85,"scY":1,"y":-10.5,"pX":0,"pY":0,"skX":-12.5,"skY":-12.5},"duration":1,"tweenEasing":0}],"offset":0},{"name":"b2","scale":1,"frame":[{"z":22,"transform":{"scX":1,"x":51.65,"scY":1,"y":-3.35,"pX":-0.05,"pY":-0.05,"skX":-12.5,"skY":-12.5},"duration":5,"tweenEasing":0},{"z":22,"transform":{"scX":1,"x":47.4,"scY":1,"y":-11.35,"pX":-0.1,"pY":-0.1,"skX":-32.95,"skY":-32.95},"duration":5,"tweenEasing":0},{"z":22,"transform":{"scX":1,"x":35.25,"scY":1,"y":-3.35,"pX":-0.05,"pY":0.05,"skX":18.75,"skY":18.75},"duration":5,"tweenEasing":0},{"z":22,"transform":{"scX":1,"x":47.8,"scY":1,"y":-4.05,"pX":0,"pY":0.05,"skX":-6.02,"skY":-6.02},"duration":5,"tweenEasing":0},{"z":22,"transform":{"scX":1,"x":51.65,"scY":1,"y":-3.35,"pX":-0.05,"pY":-0.05,"skX":-12.5,"skY":-12.5},"duration":1,"tweenEasing":0}],"offset":0},{"name":"身体","scale":1,"frame":[{"z":23,"displayIndex":1,"transform":{"scX":1,"x":52,"scY":1,"y":-11.05,"pX":0,"pY":0,"skX":0,"skY":-0.8},"duration":5,"tweenEasing":0},{"z":23,"displayIndex":1,"transform":{"scX":0.98,"x":50.6,"scY":1,"y":-14.5,"pX":0.05,"pY":0,"skX":0,"skY":-0.83},"duration":5,"tweenEasing":0},{"z":23,"displayIndex":1,"transform":{"scX":0.98,"x":50.8,"scY":1,"y":-9.75,"pX":-0.05,"pY":0.05,"skX":0,"skY":0.55},"duration":5,"tweenEasing":0},{"z":23,"displayIndex":1,"transform":{"scX":1,"x":52,"scY":1,"y":-14.35,"pX":0,"pY":0.05,"skX":0,"skY":-0.6},"duration":5,"tweenEasing":0},{"z":23,"displayIndex":1,"transform":{"scX":1,"x":52,"scY":1,"y":-11.05,"pX":0,"pY":0,"skX":0,"skY":-0.8},"duration":1,"tweenEasing":0}],"offset":0},{"name":"d1","scale":1,"frame":[{"z":24,"displayIndex":1,"transform":{"scX":1,"x":35.6,"scY":1,"y":-14.55,"pX":0,"pY":0,"skX":31,"skY":31},"duration":5,"tweenEasing":0},{"z":24,"displayIndex":1,"transform":{"scX":1,"x":37.75,"scY":1,"y":-16.6,"pX":-0.05,"pY":0.1,"skX":-18.41,"skY":-18.41},"duration":5,"tweenEasing":0},{"z":24,"displayIndex":1,"transform":{"scX":1,"x":41.95,"scY":1,"y":-15.15,"pX":-0.05,"pY":-0.05,"skX":-31.36,"skY":-31.36},"duration":2,"tweenEasing":0},{"z":24,"displayIndex":1,"transform":{"scX":1,"x":38.55,"scY":1.06,"y":-17.45,"pX":-0.15,"pY":0.15,"skX":-19.93,"skY":-19.93},"duration":3,"tweenEasing":0},{"z":24,"displayIndex":1,"transform":{"scX":1.04,"x":36.1,"scY":1.07,"y":-21.3,"pX":0,"pY":0.05,"skX":4.43,"skY":3.14},"duration":5,"tweenEasing":0},{"z":24,"displayIndex":1,"transform":{"scX":1,"x":35.6,"scY":1,"y":-14.55,"pX":0,"pY":0,"skX":31,"skY":31},"duration":1,"tweenEasing":0}],"offset":0},{"name":"d2","scale":1,"frame":[{"z":25,"displayIndex":1,"transform":{"scX":1,"x":48.1,"scY":1,"y":-28.1,"pX":0,"pY":0,"skX":17.62,"skY":17.62},"duration":5,"tweenEasing":0},{"z":25,"displayIndex":1,"transform":{"scX":1,"x":46.35,"scY":1,"y":-33.75,"pX":-0.15,"pY":0,"skX":-4.01,"skY":-4.01},"duration":5,"tweenEasing":0},{"z":25,"displayIndex":1,"transform":{"scX":1,"x":40.6,"scY":1,"y":-34.15,"pX":-0.15,"pY":0.1,"skX":-32.75,"skY":-32.75},"duration":2,"tweenEasing":0},{"z":25,"displayIndex":1,"transform":{"scX":1,"x":46.2,"scY":1,"y":-33.15,"pX":-0.1,"pY":0.05,"skX":-7.51,"skY":-7.51},"duration":3,"tweenEasing":0},{"z":25,"displayIndex":1,"transform":{"scX":1,"x":50.6,"scY":1,"y":-32.7,"pX":-0.1,"pY":0.1,"skX":21.38,"skY":21.38},"duration":5,"tweenEasing":0},{"z":25,"displayIndex":1,"transform":{"scX":1,"x":48.1,"scY":1,"y":-28.1,"pX":0,"pY":0,"skX":17.62,"skY":17.62},"duration":1,"tweenEasing":0}],"offset":0},{"name":"尾巴","scale":1,"frame":[{"z":26,"displayIndex":1,"transform":{"scX":1,"x":55.65,"scY":1,"y":-31.85,"pX":0,"pY":0,"skX":-9.81,"skY":-9.81},"duration":5,"tweenEasing":0},{"z":26,"displayIndex":1,"transform":{"scX":1,"x":55.2,"scY":0.9,"y":-35,"pX":-0.05,"pY":-0.05,"skX":-4,"skY":-4},"duration":5,"tweenEasing":0},{"z":26,"displayIndex":1,"transform":{"scX":1,"x":55.65,"scY":1,"y":-31.25,"pX":0,"pY":-0.05,"skX":-9.81,"skY":-9.81},"duration":5,"tweenEasing":0},{"z":26,"displayIndex":1,"transform":{"scX":1,"x":55.2,"scY":0.89,"y":-35.2,"pX":-0.05,"pY":0,"skX":-4,"skY":-4},"duration":5,"tweenEasing":0},{"z":26,"displayIndex":1,"transform":{"scX":1,"x":55.65,"scY":1,"y":-31.85,"pX":0,"pY":0,"skX":-9.81,"skY":-9.81},"duration":1,"tweenEasing":0}],"offset":0},{"name":"c2","scale":1,"frame":[{"z":27,"transform":{"scX":1,"x":8.8,"scY":1,"y":-12.75,"pX":0.05,"pY":-0.05,"skX":-29.45,"skY":-29.45},"duration":5,"tweenEasing":0},{"z":27,"transform":{"scX":1,"x":-0.7,"scY":0.91,"y":-18.35,"pX":0.05,"pY":0,"skX":23.17,"skY":23.17},"duration":5,"tweenEasing":0},{"z":27,"transform":{"scX":1,"x":-3,"scY":1,"y":-12.55,"pX":0.1,"pY":0,"skX":22.96,"skY":22.96},"duration":5,"tweenEasing":0},{"z":27,"transform":{"scX":1,"x":6,"scY":1,"y":-14.1,"pX":0.1,"pY":0.05,"skX":-14.72,"skY":-14.72},"duration":5,"tweenEasing":0},{"z":27,"transform":{"scX":1,"x":8.8,"scY":1,"y":-12.75,"pX":0.05,"pY":-0.05,"skX":-29.45,"skY":-29.45},"duration":1,"tweenEasing":0}],"offset":0},{"name":"c1","scale":1,"frame":[{"z":28,"transform":{"scX":1,"x":15.55,"scY":1,"y":-1.75,"pX":0,"pY":0,"skX":-38.72,"skY":-38.72},"duration":5,"tweenEasing":0},{"z":28,"transform":{"scX":1,"x":3.4,"scY":1.19,"y":-3.45,"pX":0.1,"pY":0,"skX":-16.34,"skY":-16.34},"duration":5,"tweenEasing":0},{"z":28,"transform":{"scX":1,"x":-9.85,"scY":1,"y":-1.25,"pX":0,"pY":0,"skX":22.52,"skY":22.52},"duration":5,"tweenEasing":0},{"z":28,"transform":{"scX":1,"x":8.1,"scY":1,"y":-1.05,"pX":0.1,"pY":-0.05,"skX":-20.19,"skY":-20.19},"duration":5,"tweenEasing":0},{"z":28,"transform":{"scX":1,"x":15.55,"scY":1,"y":-1.75,"pX":0,"pY":0,"skX":-38.72,"skY":-38.72},"duration":1,"tweenEasing":0}],"offset":0},{"name":"耳朵","scale":1,"frame":[{"z":29,"transform":{"scX":-0.93,"x":17.15,"scY":0.93,"y":-64.4,"pX":0,"pY":-0.05,"skX":-4.44,"skY":-4.44},"duration":5,"tweenEasing":0},{"z":29,"transform":{"scX":-0.93,"x":17.15,"scY":0.93,"y":-67.9,"pX":0,"pY":0,"skX":-13.41,"skY":-13.41},"duration":5,"tweenEasing":0},{"z":29,"transform":{"scX":-0.93,"x":17.15,"scY":0.93,"y":-64.4,"pX":0,"pY":-0.05,"skX":-4.44,"skY":-4.44},"duration":5,"tweenEasing":0},{"z":29,"transform":{"scX":-0.93,"x":17.15,"scY":0.93,"y":-67.9,"pX":0,"pY":0,"skX":-13.41,"skY":-13.41},"duration":5,"tweenEasing":0},{"transform":{"scX":-0.93,"x":17.15,"scY":0.93,"y":-64.4,"pX":0,"pY":-0.05,"skX":-4.44,"skY":-4.44},"z":29,"duration":1}],"offset":0},{"name":"图层 30","scale":1,"frame":[{"z":30,"transform":{"scX":1,"x":1.75,"scY":1,"y":-53.6,"pX":0,"pY":0,"skX":0,"skY":0},"duration":5,"tweenEasing":0},{"z":30,"transform":{"scX":1,"x":1.75,"scY":1,"y":-57.6,"pX":0,"pY":0,"skX":0,"skY":0},"duration":5,"tweenEasing":0},{"z":30,"transform":{"scX":1,"x":1.75,"scY":1,"y":-53.6,"pX":0,"pY":0,"skX":0,"skY":0},"duration":5,"tweenEasing":0},{"z":30,"transform":{"scX":1,"x":1.75,"scY":1,"y":-57.6,"pX":0,"pY":0,"skX":0,"skY":0},"duration":5,"tweenEasing":0},{"transform":{"scX":1,"x":1.75,"scY":1,"y":-53.6,"pX":0,"pY":0,"skX":0,"skY":0},"z":30,"duration":1}],"offset":0},{"name":"耳朵_0","scale":1,"frame":[{"z":31,"transform":{"scX":-1,"x":-14.1,"scY":1,"y":-56.8,"pX":0,"pY":0,"skX":0,"skY":0},"duration":5,"tweenEasing":0},{"z":31,"transform":{"scX":-1,"x":-14.1,"scY":1,"y":-60.3,"pX":-0.05,"pY":0,"skX":10.21,"skY":10.21},"duration":5,"tweenEasing":0},{"z":31,"transform":{"scX":-1,"x":-14.1,"scY":1,"y":-56.8,"pX":0,"pY":0,"skX":0,"skY":0},"duration":5,"tweenEasing":0},{"z":31,"transform":{"scX":-1,"x":-14.1,"scY":1,"y":-60.3,"pX":-0.05,"pY":0,"skX":10.21,"skY":10.21},"duration":5,"tweenEasing":0},{"transform":{"scX":-1,"x":-14.1,"scY":1,"y":-56.8,"pX":0,"pY":0,"skX":0,"skY":0},"z":31,"duration":1}],"offset":0}],"scale":1,"loop":0,"autoTween":0,"name":"standB","duration":21,"tweenEasing":null}]}],"name":"game.living.Living409","frameRate":24,"version":2.3}