{"armature":[{"skin":[{"name":"default","slot":[{"name":"doudou0018","z":0,"display":[{"transform":{"scX":1,"x":-8.1,"scY":1,"y":0.65,"pX":11.5,"pY":11,"skX":0,"skY":0},"name":"Living407/ttdoudou0018","type":"image"}],"parent":"doudou0018"},{"name":"doudou0017","z":1,"display":[{"transform":{"scX":1,"x":5.9,"scY":1,"y":-0.6,"pX":8.5,"pY":11,"skX":0,"skY":0},"name":"Living407/ttdoudou0017","type":"image"}],"parent":"doudou0017"},{"name":"doudou0016","z":2,"display":[{"transform":{"scX":1,"x":2.15,"scY":1,"y":3.6,"pX":4.5,"pY":6.5,"skX":0,"skY":0},"name":"Living407/dttoudou0016","type":"image"}],"parent":"doudou0016"},{"name":"ccd02","z":3,"display":[{"transform":{"scX":1,"x":-1.35,"scY":1,"y":1,"pX":4,"pY":2.5,"skX":0,"skY":0},"name":"Living407/ttccd02","type":"image"}],"parent":"ccd02"},{"name":"ccd001","z":4,"display":[{"transform":{"scX":1,"x":-0.05,"scY":1,"y":2.45,"pX":3.5,"pY":2.5,"skX":0,"skY":0},"name":"Living407/ttccd001","type":"image"}],"parent":"ccd001"},{"name":"doudou0015","z":5,"display":[{"transform":{"scX":1,"x":0,"scY":1,"y":7,"pX":9,"pY":10,"skX":0,"skY":0},"name":"Living407/ttdoudou0015","type":"image"}],"parent":"doudou0015"},{"name":"doudou0013","z":6,"display":[{"transform":{"scX":1,"x":-2.15,"scY":1,"y":4.15,"pX":5.5,"pY":7.5,"skX":0,"skY":0},"name":"Living407/ttdoudou0013","type":"image"}],"parent":"doudou0013"},{"name":"doudou0012","z":7,"display":[{"transform":{"scX":1,"x":9.5,"scY":1,"y":-11,"pX":12.5,"pY":16,"skX":0,"skY":0},"name":"Living407/ttdoudou0012","type":"image"}],"parent":"doudou0012"},{"name":"doudou0011","z":8,"display":[{"transform":{"scX":1,"x":-2.5,"scY":1,"y":-21,"pX":25.05,"pY":22.1,"skX":0,"skY":0},"name":"Living407/ttdoudou0011","type":"image"}],"parent":"doudou0011"},{"name":"图层 4","z":9,"display":[{"transform":{"scX":1,"x":-19.5,"scY":1,"y":-9,"pX":0,"pY":0,"skX":0,"skY":0},"name":"Living407/sfsfsf","type":"image"},{"transform":{"scX":1,"x":-19,"scY":1,"y":-13,"pX":0,"pY":0,"skX":0,"skY":0},"name":"Living407/fewfsw","type":"image"}],"parent":"图层 4"},{"name":"doudou0010","z":10,"display":[{"transform":{"scX":1,"x":0,"scY":1,"y":0,"pX":5.5,"pY":4,"skX":0,"skY":0},"name":"Living407/ttdoudou0010","type":"image"}],"parent":"doudou0010"},{"name":"doudou0008","z":11,"display":[{"transform":{"scX":1,"x":3.45,"scY":1,"y":4,"pX":5,"pY":6.5,"skX":0,"skY":0},"name":"Living407/ttdoudou0008","type":"image"}],"parent":"doudou0008"},{"name":"deed02","z":12,"display":[{"transform":{"scX":1,"x":0,"scY":1,"y":2,"pX":3,"pY":2.5,"skX":0,"skY":0},"name":"Living407/ttdeed02","type":"image"}],"parent":"deed02"},{"name":"eerr001","z":13,"display":[{"transform":{"scX":1,"x":-1,"scY":1,"y":1.75,"pX":4.5,"pY":3,"skX":0,"skY":0},"name":"Living407/tteerr001","type":"image"}],"parent":"eerr001"},{"name":"doudou000sa","z":14,"display":[{"transform":{"scX":1,"x":-0.7,"scY":1,"y":7.05,"pX":9,"pY":10.5,"skX":0,"skY":0},"name":"Living407/ttdoudou000sa","type":"image"}],"parent":"doudou000sa"},{"name":"doudou0005","z":15,"display":[{"transform":{"scX":1,"x":-3.25,"scY":1,"y":4.75,"pX":5.5,"pY":7.5,"skX":0,"skY":0},"name":"Living407/ttdoudou0005","type":"image"}],"parent":"doudou0005"},{"name":"doudou0004","z":16,"display":[{"transform":{"scX":1,"x":-9.45,"scY":1,"y":-9.75,"pX":13,"pY":16,"skX":0,"skY":0},"name":"Living407/ttdoudou0004","type":"image"}],"parent":"doudou0004"},{"name":"doudou0003","z":17,"display":[{"transform":{"scX":1,"x":0.7,"scY":1,"y":-20.7,"pX":24.5,"pY":22,"skX":0,"skY":0},"name":"Living407/ttdoudou0003","type":"image"}],"parent":"doudou0003"},{"name":"doudou0002","z":18,"display":[{"transform":{"scX":1,"x":9.9,"scY":1,"y":-3.5,"pX":11.5,"pY":11,"skX":0,"skY":0},"name":"Living407/ttdoudou0002","type":"image"}],"parent":"doudou0002"},{"name":"doudou0001","z":19,"display":[{"transform":{"scX":1,"x":-6.35,"scY":1,"y":-2.75,"pX":8.5,"pY":11,"skX":0,"skY":0},"name":"Living407/ttdoudou0001","type":"image"}],"parent":"doudou0001"}]}],"name":"game.living.Living407","bone":[{"transform":{"scX":-0.58,"x":5.3,"skX":-28.42,"scY":0.97,"y":-18.95,"skY":-28.41},"name":"doudou0018"},{"transform":{"scX":-0.52,"x":-0.4,"skX":18.23,"scY":0.97,"y":-17.8,"skY":18.23},"name":"doudou0017"},{"transform":{"scX":-0.97,"x":-5.1,"skX":17.74,"scY":0.97,"y":-19.4,"skY":17.74},"name":"doudou0016"},{"transform":{"scX":-0.97,"x":-4.95,"skX":-8.99,"scY":0.97,"y":-5.6,"skY":-8.99},"name":"ccd02"},{"transform":{"scX":-0.97,"x":4.5,"skX":-19.23,"scY":0.97,"y":-5.9,"skY":-19.23},"name":"ccd001"},{"transform":{"scX":-0.97,"x":1.1,"skX":0,"scY":0.97,"y":-19.3,"skY":0},"name":"doudou0015"},{"transform":{"scX":-0.97,"x":7.3,"skX":-17.23,"scY":0.97,"y":-19,"skY":-17.23},"name":"doudou0013"},{"transform":{"scX":-0.97,"x":5,"skX":0,"scY":0.97,"y":-60.05,"skY":0},"name":"doudou0012"},{"transform":{"scX":-0.97,"x":1.1,"skX":0,"scY":0.97,"y":-21.25,"skY":0},"name":"doudou0011"},{"transform":{"scX":-1,"x":-1.8,"skX":0,"scY":1,"y":-49.25,"skY":0},"name":"图层 4"},{"transform":{"scX":-1,"x":-1.85,"skX":0,"scY":1,"y":-27.5,"skY":0},"name":"doudou0010"},{"transform":{"scX":0.97,"x":6.5,"skX":-12.19,"scY":0.97,"y":-18.75,"skY":-12.19},"name":"doudou0008"},{"transform":{"scX":0.97,"x":5.6,"skX":-18.69,"scY":0.97,"y":-4.7,"skY":-18.69},"name":"deed02"},{"transform":{"scX":0.97,"x":-2.15,"skX":-15.69,"scY":0.97,"y":-4.95,"skY":-15.69},"name":"eerr001"},{"transform":{"scX":0.97,"x":1.9,"skX":0,"scY":0.97,"y":-18.75,"skY":0},"name":"doudou000sa"},{"transform":{"scX":0.97,"x":-2.95,"skX":16.72,"scY":0.97,"y":-18.5,"skY":16.72},"name":"doudou0005"},{"transform":{"scX":0.97,"x":5.55,"skX":0,"scY":0.97,"y":-60.2,"skY":0},"name":"doudou0004"},{"transform":{"scX":0.97,"x":2.9,"skX":0,"scY":0.97,"y":-20.45,"skY":0},"name":"doudou0003"},{"transform":{"scX":0.41,"x":4.8,"skX":0,"scY":0.97,"y":-13.9,"skY":0},"name":"doudou0002"},{"transform":{"scX":0.47,"x":0.95,"skX":0,"scY":0.97,"y":-14.65,"skY":0},"name":"doudou0001"}],"animation":[{"fadeInTime":0,"timeline":[{"name":"doudou0018","scale":1,"frame":[{"z":0,"transform":{"scX":-0.58,"x":5.3,"scY":0.97,"y":-18.95,"pX":0,"pY":0,"skX":-28.42,"skY":-28.41},"duration":8,"tweenEasing":0},{"duration":8,"z":0,"transform":{"scX":-0.97,"x":5.35,"scY":0.97,"y":-22.3,"pX":-0.05,"pY":0,"skX":0,"skY":0},"colorTransform":{"bM":100,"gO":140,"bO":0,"aM":100,"rM":100,"aO":0,"gM":100,"rO":159},"tweenEasing":0},{"z":0,"transform":{"scX":-0.58,"x":5.3,"scY":0.97,"y":-18.95,"pX":0,"pY":0,"skX":-28.42,"skY":-28.41},"duration":8,"tweenEasing":0},{"duration":8,"z":0,"transform":{"scX":-0.97,"x":5.35,"scY":0.97,"y":-22.3,"pX":-0.05,"pY":0,"skX":0,"skY":0},"colorTransform":{"bM":100,"gO":140,"bO":0,"aM":100,"rM":100,"aO":0,"gM":100,"rO":159},"tweenEasing":0},{"z":0,"transform":{"scX":-0.58,"x":5.3,"scY":0.97,"y":-18.95,"pX":0,"pY":0,"skX":-28.42,"skY":-28.41},"duration":8,"tweenEasing":0},{"duration":8,"z":0,"transform":{"scX":-0.97,"x":5.35,"scY":0.97,"y":-22.3,"pX":-0.05,"pY":0,"skX":0,"skY":0},"colorTransform":{"bM":100,"gO":140,"bO":0,"aM":100,"rM":100,"aO":0,"gM":100,"rO":159},"tweenEasing":0},{"z":0,"transform":{"scX":-0.58,"x":5.3,"scY":0.97,"y":-18.95,"pX":0,"pY":0,"skX":-28.42,"skY":-28.41},"duration":8,"tweenEasing":0},{"duration":8,"z":0,"transform":{"scX":-0.97,"x":5.35,"scY":0.97,"y":-22.3,"pX":-0.05,"pY":0,"skX":0,"skY":0},"colorTransform":{"bM":100,"gO":140,"bO":0,"aM":100,"rM":100,"aO":0,"gM":100,"rO":159},"tweenEasing":0},{"transform":{"scX":-0.58,"x":5.3,"scY":0.97,"y":-18.95,"pX":0,"pY":0,"skX":-28.42,"skY":-28.41},"z":0,"duration":1}],"offset":0},{"name":"doudou0017","scale":1,"frame":[{"z":1,"transform":{"scX":-0.52,"x":-0.4,"scY":0.97,"y":-17.8,"pX":0,"pY":0,"skX":18.23,"skY":18.23},"duration":8,"tweenEasing":0},{"duration":8,"z":1,"transform":{"scX":-0.97,"x":-0.45,"scY":0.97,"y":-21.25,"pX":0,"pY":0.15,"skX":0,"skY":0},"colorTransform":{"bM":100,"gO":140,"bO":0,"aM":100,"rM":100,"aO":0,"gM":100,"rO":159},"tweenEasing":0},{"z":1,"transform":{"scX":-0.52,"x":-0.4,"scY":0.97,"y":-17.8,"pX":0,"pY":0,"skX":18.23,"skY":18.23},"duration":8,"tweenEasing":0},{"duration":8,"z":1,"transform":{"scX":-0.97,"x":-0.45,"scY":0.97,"y":-21.25,"pX":0,"pY":0.15,"skX":0,"skY":0},"colorTransform":{"bM":100,"gO":140,"bO":0,"aM":100,"rM":100,"aO":0,"gM":100,"rO":159},"tweenEasing":0},{"z":1,"transform":{"scX":-0.52,"x":-0.4,"scY":0.97,"y":-17.8,"pX":0,"pY":0,"skX":18.23,"skY":18.23},"duration":8,"tweenEasing":0},{"duration":8,"z":1,"transform":{"scX":-0.97,"x":-0.45,"scY":0.97,"y":-21.25,"pX":0,"pY":0.15,"skX":0,"skY":0},"colorTransform":{"bM":100,"gO":140,"bO":0,"aM":100,"rM":100,"aO":0,"gM":100,"rO":159},"tweenEasing":0},{"z":1,"transform":{"scX":-0.52,"x":-0.4,"scY":0.97,"y":-17.8,"pX":0,"pY":0,"skX":18.23,"skY":18.23},"duration":8,"tweenEasing":0},{"duration":8,"z":1,"transform":{"scX":-0.97,"x":-0.45,"scY":0.97,"y":-21.25,"pX":0,"pY":0.15,"skX":0,"skY":0},"colorTransform":{"bM":100,"gO":140,"bO":0,"aM":100,"rM":100,"aO":0,"gM":100,"rO":159},"tweenEasing":0},{"transform":{"scX":-0.52,"x":-0.4,"scY":0.97,"y":-17.8,"pX":0,"pY":0,"skX":18.23,"skY":18.23},"z":1,"duration":1}],"offset":0},{"name":"doudou0016","scale":1,"frame":[{"z":2,"transform":{"scX":-0.97,"x":-5.1,"scY":0.97,"y":-19.4,"pX":0,"pY":0,"skX":17.74,"skY":17.74},"duration":8,"tweenEasing":0},{"duration":8,"z":2,"transform":{"scX":-0.97,"x":-5.05,"scY":0.97,"y":-22.8,"pX":-0.05,"pY":0,"skX":0,"skY":0},"colorTransform":{"bM":100,"gO":26,"bO":0,"aM":100,"rM":100,"aO":0,"gM":100,"rO":28},"tweenEasing":0},{"z":2,"transform":{"scX":-0.97,"x":-5.1,"scY":0.97,"y":-19.4,"pX":0,"pY":0,"skX":17.74,"skY":17.74},"duration":8,"tweenEasing":0},{"duration":8,"z":2,"transform":{"scX":-0.97,"x":-5.05,"scY":0.97,"y":-22.8,"pX":-0.05,"pY":0,"skX":0,"skY":0},"colorTransform":{"bM":100,"gO":26,"bO":0,"aM":100,"rM":100,"aO":0,"gM":100,"rO":28},"tweenEasing":0},{"z":2,"transform":{"scX":-0.97,"x":-5.1,"scY":0.97,"y":-19.4,"pX":0,"pY":0,"skX":17.74,"skY":17.74},"duration":8,"tweenEasing":0},{"duration":8,"z":2,"transform":{"scX":-0.97,"x":-5.05,"scY":0.97,"y":-22.8,"pX":-0.05,"pY":0,"skX":0,"skY":0},"colorTransform":{"bM":100,"gO":26,"bO":0,"aM":100,"rM":100,"aO":0,"gM":100,"rO":28},"tweenEasing":0},{"z":2,"transform":{"scX":-0.97,"x":-5.1,"scY":0.97,"y":-19.4,"pX":0,"pY":0,"skX":17.74,"skY":17.74},"duration":8,"tweenEasing":0},{"duration":8,"z":2,"transform":{"scX":-0.97,"x":-5.05,"scY":0.97,"y":-22.8,"pX":-0.05,"pY":0,"skX":0,"skY":0},"colorTransform":{"bM":100,"gO":26,"bO":0,"aM":100,"rM":100,"aO":0,"gM":100,"rO":28},"tweenEasing":0},{"transform":{"scX":-0.97,"x":-5.1,"scY":0.97,"y":-19.4,"pX":0,"pY":0,"skX":17.74,"skY":17.74},"z":2,"duration":1}],"offset":0},{"name":"ccd02","scale":1,"frame":[{"z":3,"transform":{"scX":-0.97,"x":-4.95,"scY":0.97,"y":-5.6,"pX":0,"pY":0,"skX":-8.99,"skY":-8.99},"duration":8,"tweenEasing":0},{"duration":8,"z":3,"transform":{"scX":-0.97,"x":-4.95,"scY":0.97,"y":-8.6,"pX":0.05,"pY":0.05,"skX":9.75,"skY":9.75},"colorTransform":{"bM":100,"gO":26,"bO":0,"aM":100,"rM":100,"aO":0,"gM":100,"rO":28},"tweenEasing":0},{"z":3,"transform":{"scX":-0.97,"x":-4.95,"scY":0.97,"y":-5.6,"pX":0,"pY":0,"skX":-8.99,"skY":-8.99},"duration":8,"tweenEasing":0},{"duration":8,"z":3,"transform":{"scX":-0.97,"x":-4.95,"scY":0.97,"y":-8.6,"pX":0.05,"pY":0.05,"skX":9.75,"skY":9.75},"colorTransform":{"bM":100,"gO":26,"bO":0,"aM":100,"rM":100,"aO":0,"gM":100,"rO":28},"tweenEasing":0},{"z":3,"transform":{"scX":-0.97,"x":-4.95,"scY":0.97,"y":-5.6,"pX":0,"pY":0,"skX":-8.99,"skY":-8.99},"duration":8,"tweenEasing":0},{"duration":8,"z":3,"transform":{"scX":-0.97,"x":-4.95,"scY":0.97,"y":-8.6,"pX":0.05,"pY":0.05,"skX":9.75,"skY":9.75},"colorTransform":{"bM":100,"gO":26,"bO":0,"aM":100,"rM":100,"aO":0,"gM":100,"rO":28},"tweenEasing":0},{"z":3,"transform":{"scX":-0.97,"x":-4.95,"scY":0.97,"y":-5.6,"pX":0,"pY":0,"skX":-8.99,"skY":-8.99},"duration":8,"tweenEasing":0},{"duration":8,"z":3,"transform":{"scX":-0.97,"x":-4.95,"scY":0.97,"y":-8.6,"pX":0.05,"pY":0.05,"skX":9.75,"skY":9.75},"colorTransform":{"bM":100,"gO":26,"bO":0,"aM":100,"rM":100,"aO":0,"gM":100,"rO":28},"tweenEasing":0},{"transform":{"scX":-0.97,"x":-4.95,"scY":0.97,"y":-5.6,"pX":0,"pY":0,"skX":-8.99,"skY":-8.99},"z":3,"duration":1}],"offset":0},{"name":"ccd001","scale":1,"frame":[{"z":4,"transform":{"scX":-0.97,"x":4.5,"scY":0.97,"y":-5.9,"pX":0,"pY":0,"skX":-19.23,"skY":-19.23},"duration":8,"tweenEasing":0},{"duration":8,"z":4,"transform":{"scX":-0.97,"x":4.55,"scY":1.14,"y":-9.1,"pX":0.05,"pY":0,"skX":-1.7,"skY":-1.7},"colorTransform":{"bM":100,"gO":26,"bO":0,"aM":100,"rM":100,"aO":0,"gM":100,"rO":28},"tweenEasing":0},{"z":4,"transform":{"scX":-0.97,"x":4.5,"scY":0.97,"y":-5.9,"pX":0,"pY":0,"skX":-19.23,"skY":-19.23},"duration":8,"tweenEasing":0},{"duration":8,"z":4,"transform":{"scX":-0.97,"x":4.55,"scY":1.14,"y":-9.1,"pX":0.05,"pY":0,"skX":-1.7,"skY":-1.7},"colorTransform":{"bM":100,"gO":26,"bO":0,"aM":100,"rM":100,"aO":0,"gM":100,"rO":28},"tweenEasing":0},{"z":4,"transform":{"scX":-0.97,"x":4.5,"scY":0.97,"y":-5.9,"pX":0,"pY":0,"skX":-19.23,"skY":-19.23},"duration":8,"tweenEasing":0},{"duration":8,"z":4,"transform":{"scX":-0.97,"x":4.55,"scY":1.14,"y":-9.1,"pX":0.05,"pY":0,"skX":-1.7,"skY":-1.7},"colorTransform":{"bM":100,"gO":26,"bO":0,"aM":100,"rM":100,"aO":0,"gM":100,"rO":28},"tweenEasing":0},{"z":4,"transform":{"scX":-0.97,"x":4.5,"scY":0.97,"y":-5.9,"pX":0,"pY":0,"skX":-19.23,"skY":-19.23},"duration":8,"tweenEasing":0},{"duration":8,"z":4,"transform":{"scX":-0.97,"x":4.55,"scY":1.14,"y":-9.1,"pX":0.05,"pY":0,"skX":-1.7,"skY":-1.7},"colorTransform":{"bM":100,"gO":26,"bO":0,"aM":100,"rM":100,"aO":0,"gM":100,"rO":28},"tweenEasing":0},{"transform":{"scX":-0.97,"x":4.5,"scY":0.97,"y":-5.9,"pX":0,"pY":0,"skX":-19.23,"skY":-19.23},"z":4,"duration":1}],"offset":0},{"name":"doudou0015","scale":1,"frame":[{"z":5,"transform":{"scX":-0.97,"x":1.1,"scY":0.97,"y":-19.3,"pX":0,"pY":0,"skX":0,"skY":0},"duration":8,"tweenEasing":0},{"duration":8,"z":5,"transform":{"scX":-0.97,"x":1.1,"scY":0.97,"y":-22.7,"pX":0,"pY":0,"skX":0,"skY":0},"colorTransform":{"bM":100,"gO":26,"bO":0,"aM":100,"rM":100,"aO":0,"gM":100,"rO":28},"tweenEasing":0},{"z":5,"transform":{"scX":-0.97,"x":1.1,"scY":0.97,"y":-19.3,"pX":0,"pY":0,"skX":0,"skY":0},"duration":8,"tweenEasing":0},{"duration":8,"z":5,"transform":{"scX":-0.97,"x":1.1,"scY":0.97,"y":-22.7,"pX":0,"pY":0,"skX":0,"skY":0},"colorTransform":{"bM":100,"gO":26,"bO":0,"aM":100,"rM":100,"aO":0,"gM":100,"rO":28},"tweenEasing":0},{"z":5,"transform":{"scX":-0.97,"x":1.1,"scY":0.97,"y":-19.3,"pX":0,"pY":0,"skX":0,"skY":0},"duration":8,"tweenEasing":0},{"duration":8,"z":5,"transform":{"scX":-0.97,"x":1.1,"scY":0.97,"y":-22.7,"pX":0,"pY":0,"skX":0,"skY":0},"colorTransform":{"bM":100,"gO":26,"bO":0,"aM":100,"rM":100,"aO":0,"gM":100,"rO":28},"tweenEasing":0},{"z":5,"transform":{"scX":-0.97,"x":1.1,"scY":0.97,"y":-19.3,"pX":0,"pY":0,"skX":0,"skY":0},"duration":8,"tweenEasing":0},{"duration":8,"z":5,"transform":{"scX":-0.97,"x":1.1,"scY":0.97,"y":-22.7,"pX":0,"pY":0,"skX":0,"skY":0},"colorTransform":{"bM":100,"gO":26,"bO":0,"aM":100,"rM":100,"aO":0,"gM":100,"rO":28},"tweenEasing":0},{"transform":{"scX":-0.97,"x":1.1,"scY":0.97,"y":-19.3,"pX":0,"pY":0,"skX":0,"skY":0},"z":5,"duration":1}],"offset":0},{"name":"doudou0013","scale":1,"frame":[{"z":6,"transform":{"scX":-0.97,"x":7.3,"scY":0.97,"y":-19,"pX":0,"pY":0,"skX":-17.23,"skY":-17.23},"duration":8,"tweenEasing":0},{"duration":8,"z":6,"transform":{"scX":-0.97,"x":7.3,"scY":0.97,"y":-22.35,"pX":0.05,"pY":0.05,"skX":0,"skY":0},"colorTransform":{"bM":100,"gO":26,"bO":0,"aM":100,"rM":100,"aO":0,"gM":100,"rO":28},"tweenEasing":0},{"z":6,"transform":{"scX":-0.97,"x":7.3,"scY":0.97,"y":-19,"pX":0,"pY":0,"skX":-17.23,"skY":-17.23},"duration":8,"tweenEasing":0},{"duration":8,"z":6,"transform":{"scX":-0.97,"x":7.3,"scY":0.97,"y":-22.35,"pX":0.05,"pY":0.05,"skX":0,"skY":0},"colorTransform":{"bM":100,"gO":26,"bO":0,"aM":100,"rM":100,"aO":0,"gM":100,"rO":28},"tweenEasing":0},{"z":6,"transform":{"scX":-0.97,"x":7.3,"scY":0.97,"y":-19,"pX":0,"pY":0,"skX":-17.23,"skY":-17.23},"duration":8,"tweenEasing":0},{"duration":8,"z":6,"transform":{"scX":-0.97,"x":7.3,"scY":0.97,"y":-22.35,"pX":0.05,"pY":0.05,"skX":0,"skY":0},"colorTransform":{"bM":100,"gO":26,"bO":0,"aM":100,"rM":100,"aO":0,"gM":100,"rO":28},"tweenEasing":0},{"z":6,"transform":{"scX":-0.97,"x":7.3,"scY":0.97,"y":-19,"pX":0,"pY":0,"skX":-17.23,"skY":-17.23},"duration":8,"tweenEasing":0},{"duration":8,"z":6,"transform":{"scX":-0.97,"x":7.3,"scY":0.97,"y":-22.35,"pX":0.05,"pY":0.05,"skX":0,"skY":0},"colorTransform":{"bM":100,"gO":26,"bO":0,"aM":100,"rM":100,"aO":0,"gM":100,"rO":28},"tweenEasing":0},{"transform":{"scX":-0.97,"x":7.3,"scY":0.97,"y":-19,"pX":0,"pY":0,"skX":-17.23,"skY":-17.23},"z":6,"duration":1}],"offset":0},{"name":"doudou0012","scale":1,"frame":[{"z":7,"transform":{"scX":-0.97,"x":5,"scY":0.97,"y":-60.05,"pX":0,"pY":0,"skX":0,"skY":0},"duration":8,"tweenEasing":0},{"duration":8,"z":7,"transform":{"scX":-0.97,"x":3.8,"scY":0.97,"y":-63.45,"pX":0.15,"pY":-0.15,"skX":-19.13,"skY":-19.13},"colorTransform":{"bM":100,"gO":51,"bO":0,"aM":100,"rM":100,"aO":0,"gM":100,"rO":54},"tweenEasing":0},{"z":7,"transform":{"scX":-0.97,"x":5,"scY":0.97,"y":-60.05,"pX":0,"pY":0,"skX":0,"skY":0},"duration":8,"tweenEasing":0},{"duration":8,"z":7,"transform":{"scX":-0.97,"x":3.8,"scY":0.97,"y":-63.45,"pX":0.15,"pY":-0.15,"skX":-19.13,"skY":-19.13},"colorTransform":{"bM":100,"gO":51,"bO":0,"aM":100,"rM":100,"aO":0,"gM":100,"rO":54},"tweenEasing":0},{"z":7,"transform":{"scX":-0.97,"x":5,"scY":0.97,"y":-60.05,"pX":0,"pY":0,"skX":0,"skY":0},"duration":8,"tweenEasing":0},{"duration":8,"z":7,"transform":{"scX":-0.97,"x":3.8,"scY":0.97,"y":-63.45,"pX":0.15,"pY":-0.15,"skX":-19.13,"skY":-19.13},"colorTransform":{"bM":100,"gO":51,"bO":0,"aM":100,"rM":100,"aO":0,"gM":100,"rO":54},"tweenEasing":0},{"z":7,"transform":{"scX":-0.97,"x":5,"scY":0.97,"y":-60.05,"pX":0,"pY":0,"skX":0,"skY":0},"duration":8,"tweenEasing":0},{"duration":8,"z":7,"transform":{"scX":-0.97,"x":3.8,"scY":0.97,"y":-63.45,"pX":0.15,"pY":-0.15,"skX":-19.13,"skY":-19.13},"colorTransform":{"bM":100,"gO":51,"bO":0,"aM":100,"rM":100,"aO":0,"gM":100,"rO":54},"tweenEasing":0},{"transform":{"scX":-0.97,"x":5,"scY":0.97,"y":-60.05,"pX":0,"pY":0,"skX":0,"skY":0},"z":7,"duration":1}],"offset":0},{"name":"doudou0011","scale":1,"frame":[{"z":8,"transform":{"scX":-0.97,"x":1.1,"scY":0.97,"y":-21.25,"pX":0,"pY":0,"skX":0,"skY":0},"duration":8,"tweenEasing":0},{"duration":8,"z":8,"transform":{"scX":-0.97,"x":1,"scY":0.97,"y":-24.65,"pX":0,"pY":0.05,"skX":-1.76,"skY":-1.76},"colorTransform":{"bM":100,"gO":26,"bO":0,"aM":100,"rM":100,"aO":0,"gM":100,"rO":28},"tweenEasing":0},{"z":8,"transform":{"scX":-0.97,"x":1.1,"scY":0.97,"y":-21.25,"pX":0,"pY":0,"skX":0,"skY":0},"duration":8,"tweenEasing":0},{"duration":8,"z":8,"transform":{"scX":-0.97,"x":1,"scY":0.97,"y":-24.65,"pX":0,"pY":0.05,"skX":-1.76,"skY":-1.76},"colorTransform":{"bM":100,"gO":26,"bO":0,"aM":100,"rM":100,"aO":0,"gM":100,"rO":28},"tweenEasing":0},{"z":8,"transform":{"scX":-0.97,"x":1.1,"scY":0.97,"y":-21.25,"pX":0,"pY":0,"skX":0,"skY":0},"duration":8,"tweenEasing":0},{"duration":8,"z":8,"transform":{"scX":-0.97,"x":1,"scY":0.97,"y":-24.65,"pX":0,"pY":0.05,"skX":-1.76,"skY":-1.76},"colorTransform":{"bM":100,"gO":26,"bO":0,"aM":100,"rM":100,"aO":0,"gM":100,"rO":28},"tweenEasing":0},{"z":8,"transform":{"scX":-0.97,"x":1.1,"scY":0.97,"y":-21.25,"pX":0,"pY":0,"skX":0,"skY":0},"duration":8,"tweenEasing":0},{"duration":8,"z":8,"transform":{"scX":-0.97,"x":1,"scY":0.97,"y":-24.65,"pX":0,"pY":0.05,"skX":-1.76,"skY":-1.76},"colorTransform":{"bM":100,"gO":26,"bO":0,"aM":100,"rM":100,"aO":0,"gM":100,"rO":28},"tweenEasing":0},{"transform":{"scX":-0.97,"x":1.1,"scY":0.97,"y":-21.25,"pX":0,"pY":0,"skX":0,"skY":0},"z":8,"duration":1}],"offset":0},{"name":"图层 4","scale":1,"frame":[{"duration":32,"displayIndex":-1},{"transform":{"scX":-1,"x":-1.8,"scY":1,"y":-49.25,"pX":0,"pY":0,"skX":0,"skY":0},"z":9,"duration":1},{"z":9,"displayIndex":1,"transform":{"scX":-1,"x":-1.55,"scY":1,"y":-45.5,"pX":0,"pY":0,"skX":0,"skY":0},"duration":1},{"z":9,"displayIndex":1,"transform":{"scX":-1,"x":-1.3,"scY":1,"y":-46,"pX":0,"pY":0,"skX":0,"skY":0},"duration":1},{"transform":{"scX":-1,"x":-2.3,"scY":1,"y":-50.75,"pX":0,"pY":0,"skX":0,"skY":0},"z":9,"duration":1},{"duration":29,"displayIndex":-1}],"offset":0},{"name":"doudou0010","scale":1,"frame":[{"z":10,"transform":{"scX":-1,"x":-1.85,"scY":1,"y":-27.5,"pX":0,"pY":0,"skX":0,"skY":0},"duration":8,"tweenEasing":0},{"z":10,"transform":{"scX":-1,"x":-2.1,"scY":0.47,"y":-31,"pX":0,"pY":0,"skX":0,"skY":0},"duration":8,"tweenEasing":0},{"z":10,"transform":{"scX":-1,"x":-1.85,"scY":1,"y":-27.5,"pX":0,"pY":0,"skX":0,"skY":0},"duration":8,"tweenEasing":0},{"z":10,"transform":{"scX":-1,"x":-2.1,"scY":0.47,"y":-31,"pX":0,"pY":0,"skX":0,"skY":0},"duration":8,"tweenEasing":0},{"z":10,"transform":{"scX":-1,"x":-1.85,"scY":1,"y":-27.5,"pX":0,"pY":0,"skX":0,"skY":0},"duration":8,"tweenEasing":0},{"z":10,"transform":{"scX":-1,"x":-2.1,"scY":0.47,"y":-31,"pX":0,"pY":0,"skX":0,"skY":0},"duration":8,"tweenEasing":0},{"z":10,"transform":{"scX":-1,"x":-1.85,"scY":1,"y":-27.5,"pX":0,"pY":0,"skX":0,"skY":0},"duration":8,"tweenEasing":0},{"z":10,"transform":{"scX":-1,"x":-2.1,"scY":0.47,"y":-31,"pX":0,"pY":0,"skX":0,"skY":0},"duration":8,"tweenEasing":0},{"transform":{"scX":-1,"x":-1.85,"scY":1,"y":-27.5,"pX":0,"pY":0,"skX":0,"skY":0},"z":10,"duration":1}],"offset":0}],"scale":1,"loop":0,"autoTween":0,"name":"standA","duration":65,"tweenEasing":null},{"fadeInTime":0,"timeline":[{"name":"doudou0008","scale":1,"frame":[{"z":11,"transform":{"scX":0.97,"x":6.5,"scY":0.97,"y":-18.75,"pX":0,"pY":0,"skX":-12.19,"skY":-12.19},"duration":8,"tweenEasing":0},{"duration":8,"z":11,"transform":{"scX":0.97,"x":6.5,"scY":0.97,"y":-25.05,"pX":0.05,"pY":0.05,"skX":0,"skY":0},"colorTransform":{"bM":100,"gO":26,"bO":0,"aM":100,"rM":100,"aO":0,"gM":100,"rO":25},"tweenEasing":0},{"z":11,"transform":{"scX":0.97,"x":6.5,"scY":0.97,"y":-18.75,"pX":0,"pY":0,"skX":-12.19,"skY":-12.19},"duration":1,"tweenEasing":0}],"offset":0},{"name":"deed02","scale":1,"frame":[{"z":12,"transform":{"scX":0.97,"x":5.6,"scY":0.97,"y":-4.7,"pX":0,"pY":0,"skX":-18.69,"skY":-18.69},"duration":8,"tweenEasing":0},{"duration":8,"z":12,"transform":{"scX":0.97,"x":5.05,"scY":0.97,"y":-10.5,"pX":0,"pY":0,"skX":0,"skY":0},"colorTransform":{"bM":100,"gO":26,"bO":0,"aM":100,"rM":100,"aO":0,"gM":100,"rO":25},"tweenEasing":0},{"z":12,"transform":{"scX":0.97,"x":5.6,"scY":0.97,"y":-4.7,"pX":0,"pY":0,"skX":-18.69,"skY":-18.69},"duration":1,"tweenEasing":0}],"offset":0},{"name":"eerr001","scale":1,"frame":[{"z":13,"transform":{"scX":0.97,"x":-2.15,"scY":0.97,"y":-4.95,"pX":0,"pY":0,"skX":-15.69,"skY":-15.69},"duration":8,"tweenEasing":0},{"duration":8,"z":13,"transform":{"scX":0.97,"x":-2.2,"scY":0.97,"y":-10.75,"pX":-0.05,"pY":0,"skX":0,"skY":0},"colorTransform":{"bM":100,"gO":26,"bO":0,"aM":100,"rM":100,"aO":0,"gM":100,"rO":25},"tweenEasing":0},{"z":13,"transform":{"scX":0.97,"x":-2.15,"scY":0.97,"y":-4.95,"pX":0,"pY":0,"skX":-15.69,"skY":-15.69},"duration":1,"tweenEasing":0}],"offset":0},{"name":"doudou000sa","scale":1,"frame":[{"z":14,"transform":{"scX":0.97,"x":1.9,"scY":0.97,"y":-18.75,"pX":0,"pY":0,"skX":0,"skY":0},"duration":8,"tweenEasing":0},{"duration":8,"z":14,"transform":{"scX":0.97,"x":1.9,"scY":0.97,"y":-25.05,"pX":0,"pY":0,"skX":0,"skY":0},"colorTransform":{"bM":100,"gO":26,"bO":0,"aM":100,"rM":100,"aO":0,"gM":100,"rO":25},"tweenEasing":0},{"z":14,"transform":{"scX":0.97,"x":1.9,"scY":0.97,"y":-18.75,"pX":0,"pY":0,"skX":0,"skY":0},"duration":1,"tweenEasing":0}],"offset":0},{"name":"doudou0005","scale":1,"frame":[{"z":15,"transform":{"scX":0.97,"x":-2.95,"scY":0.97,"y":-18.5,"pX":0,"pY":0,"skX":16.72,"skY":16.72},"duration":8,"tweenEasing":0},{"duration":8,"z":15,"transform":{"scX":0.97,"x":-2.95,"scY":0.97,"y":-24.8,"pX":0,"pY":-0.05,"skX":0,"skY":0},"colorTransform":{"bM":100,"gO":26,"bO":0,"aM":100,"rM":100,"aO":0,"gM":100,"rO":25},"tweenEasing":0},{"z":15,"transform":{"scX":0.97,"x":-2.95,"scY":0.97,"y":-18.5,"pX":0,"pY":0,"skX":16.72,"skY":16.72},"duration":1,"tweenEasing":0}],"offset":0},{"name":"doudou0004","scale":1,"frame":[{"z":16,"transform":{"scX":0.97,"x":5.55,"scY":0.97,"y":-60.2,"pX":0,"pY":0,"skX":0,"skY":0},"duration":8,"tweenEasing":0},{"duration":8,"z":16,"transform":{"scX":0.97,"x":4.75,"scY":1.04,"y":-66.45,"pX":0,"pY":0.05,"skX":-23.4,"skY":-23.4},"colorTransform":{"bM":100,"gO":57,"bO":0,"aM":100,"rM":100,"aO":0,"gM":100,"rO":49},"tweenEasing":0},{"z":16,"transform":{"scX":0.97,"x":5.55,"scY":0.97,"y":-60.2,"pX":0,"pY":0,"skX":0,"skY":0},"duration":1,"tweenEasing":0}],"offset":0},{"name":"doudou0003","scale":1,"frame":[{"z":17,"transform":{"scX":0.97,"x":2.9,"scY":0.97,"y":-20.45,"pX":0,"pY":0,"skX":0,"skY":0},"duration":8,"tweenEasing":0},{"duration":8,"z":17,"transform":{"scX":0.97,"x":2.9,"scY":0.97,"y":-26.7,"pX":-0.05,"pY":-0.15,"skX":-1,"skY":-1},"colorTransform":{"bM":100,"gO":26,"bO":0,"aM":100,"rM":100,"aO":0,"gM":100,"rO":25},"tweenEasing":0},{"z":17,"transform":{"scX":0.97,"x":2.9,"scY":0.97,"y":-20.45,"pX":0,"pY":0,"skX":0,"skY":0},"duration":1,"tweenEasing":0}],"offset":0},{"name":"doudou0002","scale":1,"frame":[{"z":18,"transform":{"scX":0.41,"x":4.8,"scY":0.97,"y":-13.9,"pX":0,"pY":0,"skX":0,"skY":0},"duration":8,"tweenEasing":0},{"duration":8,"z":18,"transform":{"scX":0.97,"x":5.3,"scY":0.97,"y":-20.2,"pX":-0.15,"pY":-0.05,"skX":4.94,"skY":4.94},"colorTransform":{"bM":100,"gO":91,"bO":0,"aM":100,"rM":100,"aO":0,"gM":100,"rO":103},"tweenEasing":0},{"z":18,"transform":{"scX":0.41,"x":4.8,"scY":0.97,"y":-13.9,"pX":0,"pY":0,"skX":0,"skY":0},"duration":1,"tweenEasing":0}],"offset":0},{"name":"doudou0001","scale":1,"frame":[{"z":19,"transform":{"scX":0.47,"x":0.95,"scY":0.97,"y":-14.65,"pX":0,"pY":0,"skX":0,"skY":0},"duration":8,"tweenEasing":0},{"duration":8,"z":19,"transform":{"scX":1.14,"x":-0.05,"scY":0.97,"y":-20.95,"pX":0.15,"pY":0.05,"skX":-3.95,"skY":-3.95},"colorTransform":{"bM":100,"gO":91,"bO":0,"aM":100,"rM":100,"aO":0,"gM":100,"rO":103},"tweenEasing":0},{"z":19,"transform":{"scX":0.47,"x":0.95,"scY":0.97,"y":-14.65,"pX":0,"pY":0,"skX":0,"skY":0},"duration":1,"tweenEasing":0}],"offset":0}],"scale":1,"loop":0,"autoTween":0,"name":"standB","duration":17,"tweenEasing":null}]}],"name":"game.living.Living407","frameRate":24,"version":2.3}