{"armature":[{"skin":[{"name":"default","slot":[{"name":"鬼前006","z":0,"display":[{"transform":{"scX":1,"x":-10.25,"skX":0,"scY":1,"y":10.25,"skY":0},"name":"Living405/dsfgweg0009","type":"armature"}],"parent":"鬼前006"},{"name":"鬼前005","z":1,"display":[{"transform":{"scX":1,"x":-3.25,"scY":1,"y":-22.5,"pX":27,"pY":28,"skX":0,"skY":0},"name":"Living405/dsfgweg0008","type":"image"}],"parent":"鬼前005"},{"name":"图层 4","z":2,"display":[{"transform":{"scX":1,"x":-19,"scY":1,"y":-5.5,"pX":0,"pY":0,"skX":0,"skY":0},"name":"Living405/efrgg","type":"image"},{"transform":{"scX":1,"x":-20.5,"scY":1,"y":-7.4,"pX":0,"pY":0,"skX":0,"skY":0},"name":"Living405/ggehh","type":"image"}],"parent":"图层 4"},{"name":"鬼前003","z":3,"display":[{"transform":{"scX":1,"x":0,"scY":1,"y":0,"pX":6,"pY":3,"skX":0,"skY":0},"name":"Living405/dsfgweg0006","type":"image"}],"parent":"鬼前003"},{"name":"鬼前004","z":4,"display":[{"transform":{"scX":1,"x":-12.5,"scY":1,"y":12.1,"pX":19,"pY":15.5,"skX":0,"skY":0},"name":"Living405/dsfgweg0007","type":"image"}],"parent":"鬼前004"},{"name":"鬼前002","z":5,"display":[{"transform":{"scX":1,"x":4.6,"scY":1,"y":4.7,"pX":6.5,"pY":7.5,"skX":0,"skY":0},"name":"Living405/dsfgweg0005","type":"image"}],"parent":"鬼前002"},{"name":"鬼前001","z":6,"display":[{"transform":{"scX":1,"x":3,"scY":1,"y":5.8,"pX":7.5,"pY":8.5,"skX":0,"skY":0},"name":"Living405/dsfgweg0004","type":"image"}],"parent":"鬼前001"},{"name":"图层 12","z":7,"display":[{"transform":{"scX":1,"x":6.95,"skX":0,"scY":1,"y":10,"skY":0},"name":"Living405/whgfsjh001","type":"armature"}],"parent":"图层 12"},{"name":"图层 11","z":8,"display":[{"transform":{"scX":1,"x":-1,"scY":1,"y":-21.5,"pX":27,"pY":28.5,"skX":0,"skY":0},"name":"Living405/henad001","type":"image"}],"parent":"图层 11"},{"name":"鬼后002","z":9,"display":[{"transform":{"scX":1,"x":12.45,"scY":1,"y":11,"pX":20,"pY":15.5,"skX":0,"skY":0},"name":"Living405/dsfgweg0002","type":"image"}],"parent":"鬼后002"},{"name":"鬼后001","z":10,"display":[{"transform":{"scX":1,"x":-3.05,"scY":1,"y":3.5,"pX":6.5,"pY":7,"skX":0,"skY":0},"name":"Living405/dsfgweg0001","type":"image"}],"parent":"鬼后001"}]}],"name":"game.living.Living405","bone":[{"transform":{"scX":-1,"x":-2.4,"skX":0,"scY":1,"y":-25.25,"skY":0},"name":"鬼前006"},{"transform":{"scX":-1,"x":-3.9,"skX":0,"scY":1,"y":-26.5,"skY":0},"name":"鬼前005"},{"transform":{"scX":-1.05,"x":-6.55,"skX":0,"scY":1,"y":-54.45,"skY":0},"name":"图层 4"},{"transform":{"scX":1,"x":-6.55,"skX":0,"scY":1,"y":-34.5,"skY":0},"name":"鬼前003"},{"transform":{"scX":-1,"x":4.8,"skX":-8.83,"scY":1,"y":-73.55,"skY":-7.17},"name":"鬼前004"},{"transform":{"scX":-1,"x":-15.55,"skX":11.59,"scY":1,"y":-25.2,"skY":5.95},"name":"鬼前002"},{"transform":{"scX":-1,"x":9.8,"skX":7.04,"scY":1,"y":-27.25,"skY":3.24},"name":"鬼前001"},{"transform":{"scX":1,"x":0.05,"skX":0,"scY":1,"y":-23.25,"skY":0},"name":"图层 12"},{"transform":{"scX":1,"x":-0.5,"skX":0,"scY":1,"y":-25.75,"skY":0},"name":"图层 11"},{"transform":{"scX":1,"x":4.05,"skX":-10.9,"scY":1,"y":-70.75,"skY":-7.44},"name":"鬼后002"},{"transform":{"scX":1,"x":-15.95,"skX":17.66,"scY":1.01,"y":-20.75,"skY":11.95},"name":"鬼后001"}],"animation":[{"fadeInTime":0,"timeline":[{"name":"鬼前006","scale":1,"frame":[{"z":0,"transform":{"scX":-1,"x":-2.4,"scY":1,"y":-25.25,"pX":0,"pY":0,"skX":0,"skY":0},"duration":11,"tweenEasing":0},{"z":0,"transform":{"scX":-1,"x":-2.4,"scY":1,"y":-31.5,"pX":0,"pY":0,"skX":0,"skY":0},"duration":15,"tweenEasing":0},{"z":0,"transform":{"scX":-1,"x":-2.4,"scY":1,"y":-25.25,"pX":0,"pY":0,"skX":0,"skY":0},"duration":11,"tweenEasing":0},{"z":0,"transform":{"scX":-1,"x":-2.4,"scY":1,"y":-31.5,"pX":0,"pY":0,"skX":0,"skY":0},"duration":15,"tweenEasing":0},{"z":0,"transform":{"scX":-1,"x":-2.4,"scY":1,"y":-25.25,"pX":0,"pY":0,"skX":0,"skY":0},"duration":11,"tweenEasing":0},{"z":0,"transform":{"scX":-1,"x":-2.4,"scY":1,"y":-31.5,"pX":0,"pY":0,"skX":0,"skY":0},"duration":15,"tweenEasing":0},{"transform":{"scX":-1,"x":-2.4,"scY":1,"y":-25.25,"pX":0,"pY":0,"skX":0,"skY":0},"z":0,"duration":1}],"offset":0},{"name":"鬼前005","scale":1,"frame":[{"z":1,"transform":{"scX":-1,"x":-3.9,"scY":1,"y":-26.5,"pX":0,"pY":0,"skX":0,"skY":0},"duration":11,"tweenEasing":0},{"z":1,"transform":{"scX":-1.05,"x":-3.9,"scY":0.97,"y":-32.75,"pX":0.05,"pY":0,"skX":0,"skY":0},"duration":15,"tweenEasing":0},{"z":1,"transform":{"scX":-1,"x":-3.9,"scY":1,"y":-26.5,"pX":0,"pY":0,"skX":0,"skY":0},"duration":6,"tweenEasing":0},{"z":1,"transform":{"scX":-1.03,"x":-3.9,"scY":0.98,"y":-29.9,"pX":0,"pY":0,"skX":0,"skY":0},"duration":5,"tweenEasing":0},{"z":1,"transform":{"scX":-1.05,"x":-3.9,"scY":0.97,"y":-32.75,"pX":0.05,"pY":0,"skX":0,"skY":0},"duration":15,"tweenEasing":0},{"z":1,"transform":{"scX":-1,"x":-3.9,"scY":1,"y":-26.5,"pX":0,"pY":0,"skX":0,"skY":0},"duration":11,"tweenEasing":0},{"z":1,"transform":{"scX":-1.05,"x":-3.9,"scY":0.97,"y":-32.75,"pX":0.05,"pY":0,"skX":0,"skY":0},"duration":15,"tweenEasing":0},{"transform":{"scX":-1,"x":-3.9,"scY":1,"y":-26.5,"pX":0,"pY":0,"skX":0,"skY":0},"z":1,"duration":1}],"offset":0},{"name":"图层 4","scale":1,"frame":[{"duration":37,"displayIndex":-1},{"transform":{"scX":-1.05,"x":-6.55,"scY":1,"y":-54.45,"pX":0,"pY":0,"skX":0,"skY":0},"z":2,"duration":1},{"z":2,"displayIndex":1,"transform":{"scX":-1.05,"x":-6.3,"scY":1,"y":-52,"pX":0,"pY":0,"skX":1.7,"skY":1.7},"duration":1},{"z":2,"displayIndex":1,"transform":{"scX":-1.05,"x":-6.3,"scY":1,"y":-51.5,"pX":0,"pY":0,"skX":1.7,"skY":1.7},"duration":1},{"transform":{"scX":-1.05,"x":-6.55,"scY":1,"y":-52.95,"pX":0,"pY":0,"skX":0,"skY":0},"z":2,"duration":1},{"duration":38,"displayIndex":-1}],"offset":0},{"name":"鬼前003","scale":1,"frame":[{"z":3,"transform":{"scX":1,"x":-6.55,"scY":1,"y":-34.5,"pX":0,"pY":0,"skX":0,"skY":0},"duration":11,"tweenEasing":0},{"z":3,"transform":{"scX":1,"x":-7.55,"scY":0.53,"y":-41.8,"pX":0,"pY":0,"skX":0,"skY":0},"duration":15,"tweenEasing":0},{"z":3,"transform":{"scX":1,"x":-6.55,"scY":1,"y":-34.5,"pX":0,"pY":0,"skX":0,"skY":0},"duration":11,"tweenEasing":0},{"z":3,"transform":{"scX":1,"x":-7.55,"scY":0.53,"y":-41.8,"pX":0,"pY":0,"skX":0,"skY":0},"duration":15,"tweenEasing":0},{"z":3,"transform":{"scX":1,"x":-6.55,"scY":1,"y":-34.5,"pX":0,"pY":0,"skX":0,"skY":0},"duration":11,"tweenEasing":0},{"z":3,"transform":{"scX":1,"x":-7.55,"scY":0.53,"y":-41.8,"pX":0,"pY":0,"skX":0,"skY":0},"duration":15,"tweenEasing":0},{"transform":{"scX":1,"x":-6.55,"scY":1,"y":-34.5,"pX":0,"pY":0,"skX":0,"skY":0},"z":3,"duration":1}],"offset":0},{"name":"鬼前004","scale":1,"frame":[{"z":4,"transform":{"scX":-1,"x":4.8,"scY":1,"y":-73.55,"pX":0,"pY":0,"skX":-8.83,"skY":-7.17},"duration":11,"tweenEasing":0},{"z":4,"transform":{"scX":-1,"x":4.85,"scY":1,"y":-78.25,"pX":0,"pY":-0.1,"skX":-1.73,"skY":-1.73},"duration":15,"tweenEasing":0},{"z":4,"transform":{"scX":-1,"x":4.8,"scY":1,"y":-73.55,"pX":0,"pY":0,"skX":-8.83,"skY":-7.17},"duration":11,"tweenEasing":0},{"z":4,"transform":{"scX":-1,"x":4.85,"scY":1,"y":-78.25,"pX":0,"pY":-0.1,"skX":-1.73,"skY":-1.73},"duration":15,"tweenEasing":0},{"z":4,"transform":{"scX":-1,"x":4.8,"scY":1,"y":-73.55,"pX":0,"pY":0,"skX":-8.83,"skY":-7.17},"duration":11,"tweenEasing":0},{"z":4,"transform":{"scX":-1,"x":4.85,"scY":1,"y":-78.25,"pX":0,"pY":-0.1,"skX":-1.73,"skY":-1.73},"duration":15,"tweenEasing":0},{"transform":{"scX":-1,"x":4.8,"scY":1,"y":-73.55,"pX":0,"pY":0,"skX":-8.83,"skY":-7.17},"z":4,"duration":1}],"offset":0},{"name":"鬼前002","scale":1,"frame":[{"z":5,"transform":{"scX":-1,"x":-15.55,"scY":1,"y":-25.2,"pX":0,"pY":0,"skX":11.59,"skY":5.95},"duration":11,"tweenEasing":0},{"z":5,"transform":{"scX":-1,"x":-15.35,"scY":1,"y":-31.5,"pX":0.15,"pY":0,"skX":-9.45,"skY":-9.45},"duration":15,"tweenEasing":0},{"z":5,"transform":{"scX":-1,"x":-15.55,"scY":1,"y":-25.2,"pX":0,"pY":0,"skX":11.59,"skY":5.95},"duration":11,"tweenEasing":0},{"z":5,"transform":{"scX":-1,"x":-15.35,"scY":1,"y":-31.5,"pX":0.15,"pY":0,"skX":-9.45,"skY":-9.45},"duration":15,"tweenEasing":0},{"z":5,"transform":{"scX":-1,"x":-15.55,"scY":1,"y":-25.2,"pX":0,"pY":0,"skX":11.59,"skY":5.95},"duration":11,"tweenEasing":0},{"z":5,"transform":{"scX":-1,"x":-15.35,"scY":1,"y":-31.5,"pX":0.15,"pY":0,"skX":-9.45,"skY":-9.45},"duration":15,"tweenEasing":0},{"transform":{"scX":-1,"x":-15.55,"scY":1,"y":-25.2,"pX":0,"pY":0,"skX":11.59,"skY":5.95},"z":5,"duration":1}],"offset":0},{"name":"鬼前001","scale":1,"frame":[{"z":6,"transform":{"scX":-1,"x":9.8,"scY":1,"y":-27.25,"pX":0,"pY":0,"skX":7.04,"skY":3.24},"duration":11,"tweenEasing":0},{"z":6,"transform":{"scX":-1,"x":9.85,"scY":1,"y":-33.5,"pX":0.05,"pY":-0.2,"skX":-11.13,"skY":-11.13},"duration":15,"tweenEasing":0},{"z":6,"transform":{"scX":-1,"x":9.8,"scY":1,"y":-27.25,"pX":0,"pY":0,"skX":7.04,"skY":3.24},"duration":11,"tweenEasing":0},{"z":6,"transform":{"scX":-1,"x":9.85,"scY":1,"y":-33.5,"pX":0.05,"pY":-0.2,"skX":-11.13,"skY":-11.13},"duration":15,"tweenEasing":0},{"z":6,"transform":{"scX":-1,"x":9.8,"scY":1,"y":-27.25,"pX":0,"pY":0,"skX":7.04,"skY":3.24},"duration":11,"tweenEasing":0},{"z":6,"transform":{"scX":-1,"x":9.85,"scY":1,"y":-33.5,"pX":0.05,"pY":-0.2,"skX":-11.13,"skY":-11.13},"duration":15,"tweenEasing":0},{"transform":{"scX":-1,"x":9.8,"scY":1,"y":-27.25,"pX":0,"pY":0,"skX":7.04,"skY":3.24},"z":6,"duration":1}],"offset":0}],"scale":1,"loop":0,"autoTween":0,"name":"standA","duration":79,"tweenEasing":null},{"fadeInTime":0,"timeline":[{"name":"图层 12","scale":1,"frame":[{"z":7,"transform":{"scX":1,"x":0.05,"scY":1,"y":-23.25,"pX":0,"pY":0,"skX":0,"skY":0},"duration":11,"tweenEasing":0},{"z":7,"transform":{"scX":1,"x":0.05,"scY":1,"y":-29.25,"pX":0,"pY":0,"skX":0,"skY":0},"duration":15,"tweenEasing":0},{"transform":{"scX":1,"x":0.05,"scY":1,"y":-23.25,"pX":0,"pY":0,"skX":0,"skY":0},"z":7,"duration":1}],"offset":0},{"name":"图层 11","scale":1,"frame":[{"z":8,"transform":{"scX":1,"x":-0.5,"scY":1,"y":-25.75,"pX":0,"pY":0,"skX":0,"skY":0},"duration":11,"tweenEasing":0},{"z":8,"transform":{"scX":1.03,"x":-0.5,"scY":0.96,"y":-31.75,"pX":0,"pY":0,"skX":0,"skY":0},"duration":15,"tweenEasing":0},{"transform":{"scX":1,"x":-0.5,"scY":1,"y":-25.75,"pX":0,"pY":0,"skX":0,"skY":0},"z":8,"duration":1}],"offset":0},{"name":"鬼后002","scale":1,"frame":[{"z":9,"transform":{"scX":1,"x":4.05,"scY":1,"y":-70.75,"pX":0,"pY":0,"skX":-10.9,"skY":-7.44},"duration":11,"tweenEasing":0},{"z":9,"transform":{"scX":1,"x":3.55,"scY":1,"y":-75,"pX":0.05,"pY":0,"skX":0,"skY":0},"duration":15,"tweenEasing":0},{"z":9,"transform":{"scX":1,"x":4.05,"scY":1,"y":-70.75,"pX":0,"pY":0,"skX":-10.9,"skY":-7.44},"duration":1,"tweenEasing":0}],"offset":0},{"name":"鬼后001","scale":1,"frame":[{"z":10,"transform":{"scX":1,"x":-15.95,"scY":1.01,"y":-20.75,"pX":0,"pY":0,"skX":17.66,"skY":11.95},"duration":11,"tweenEasing":0},{"z":10,"transform":{"scX":1,"x":-15.95,"scY":1,"y":-26.75,"pX":0,"pY":-0.05,"skX":-8.74,"skY":-8.74},"duration":15,"tweenEasing":0},{"transform":{"scX":1,"x":-15.95,"scY":1.01,"y":-20.75,"pX":0,"pY":0,"skX":17.66,"skY":11.95},"z":10,"duration":1}],"offset":0}],"scale":1,"loop":0,"autoTween":0,"name":"standB","duration":27,"tweenEasing":null}]},{"skin":[{"name":"default","slot":[{"name":"图层 1","z":0,"display":[{"transform":{"scX":1,"x":-28.5,"scY":1,"y":-17,"pX":0,"pY":0,"skX":0,"skY":0},"name":"Living405/dgesg0009","type":"image"},{"transform":{"scX":1,"x":-36.5,"scY":1,"y":-20.05,"pX":0,"pY":0,"skX":0,"skY":0},"name":"Living405/hgbfc001.png","type":"image"},{"transform":{"scX":1,"x":-36.5,"scY":1,"y":-18,"pX":0,"pY":0,"skX":0,"skY":0},"name":"Living405/hgbfc002.png","type":"image"},{"transform":{"scX":1,"x":-36.9,"scY":1,"y":-19,"pX":0,"pY":0,"skX":0,"skY":0},"name":"Living405/hgbfc003.png","type":"image"}],"parent":"图层 1"}]}],"name":"Living405/dsfgweg0009","bone":[{"transform":{"scX":1,"x":0,"skX":0,"scY":1,"y":0,"skY":0},"name":"图层 1"}],"animation":[{"fadeInTime":0,"timeline":[{"name":"图层 1","scale":1,"frame":[{"transform":{"scX":1,"x":0,"scY":1,"y":0,"pX":0,"pY":0,"skX":0,"skY":0},"z":0,"duration":3},{"z":0,"displayIndex":1,"transform":{"scX":-0.83,"x":-0.5,"scY":0.83,"y":0.55,"pX":0,"pY":0,"skX":0,"skY":0},"duration":3},{"z":0,"displayIndex":2,"transform":{"scX":-0.83,"x":-1.25,"scY":0.83,"y":0.5,"pX":0,"pY":0,"skX":0,"skY":0},"duration":3},{"z":0,"displayIndex":3,"transform":{"scX":-0.82,"x":-0.7,"scY":0.82,"y":0.95,"pX":0,"pY":0,"skX":0,"skY":0},"duration":3}],"offset":0}],"scale":1,"loop":0,"autoTween":0,"name":"bdds","duration":12,"tweenEasing":null}]},{"skin":[{"name":"default","slot":[{"name":"图层 2","z":0,"display":[{"transform":{"scX":1,"x":-36.5,"scY":1,"y":-20.05,"pX":0,"pY":0,"skX":0,"skY":0},"name":"Living405/hgbfc001.png","type":"image"},{"transform":{"scX":1,"x":-36.5,"scY":1,"y":-18,"pX":0,"pY":0,"skX":0,"skY":0},"name":"Living405/hgbfc002.png","type":"image"},{"transform":{"scX":1,"x":-36.95,"scY":1,"y":-19,"pX":0,"pY":0,"skX":0,"skY":0},"name":"Living405/hgbfc003.png","type":"image"},{"transform":{"scX":1,"x":-28.5,"scY":1,"y":-17,"pX":0,"pY":0,"skX":0,"skY":0},"name":"Living405/dgesg0009","type":"image"}],"parent":"图层 2"}]}],"name":"Living405/whgfsjh001","bone":[{"transform":{"scX":0.83,"x":-0.25,"skX":0,"scY":0.83,"y":0.55,"skY":0},"name":"图层 2"}],"animation":[{"fadeInTime":0,"timeline":[{"name":"图层 2","scale":1,"frame":[{"transform":{"scX":0.83,"x":-0.25,"scY":0.83,"y":0.55,"pX":0,"pY":0,"skX":0,"skY":0},"z":0,"duration":3},{"z":0,"displayIndex":1,"transform":{"scX":0.83,"x":0.5,"scY":0.83,"y":0.5,"pX":0,"pY":0,"skX":0,"skY":0},"duration":3},{"z":0,"displayIndex":2,"transform":{"scX":0.82,"x":-0.05,"scY":0.82,"y":0.95,"pX":0,"pY":0,"skX":0,"skY":0},"duration":3},{"z":0,"displayIndex":3,"transform":{"scX":-1,"x":0,"scY":1,"y":0,"pX":0,"pY":0,"skX":0,"skY":0},"duration":3}],"offset":0}],"scale":1,"loop":0,"autoTween":0,"name":"bd","duration":12,"tweenEasing":null}]}],"name":"game.living.Living405","frameRate":24,"version":2.3}