{"armature":[{"skin":[{"name":"default","slot":[{"name":"hh翅膀004","z":8,"display":[{"transform":{"scX":1,"x":0,"scY":1,"y":0,"pX":23,"pY":27,"skX":0,"skY":0},"name":"Living400/gghh翅膀004","type":"image"}],"parent":"hh翅膀004"},{"name":"hh翅膀003","z":9,"display":[{"transform":{"scX":1,"x":0,"scY":1,"y":0,"pX":19.5,"pY":18,"skX":0,"skY":0},"name":"Living400/gghh翅膀003","type":"image"}],"parent":"hh翅膀003"},{"name":"hh翅膀002","z":10,"display":[{"transform":{"scX":1,"x":0,"scY":1,"y":0,"pX":14,"pY":18,"skX":0,"skY":0},"name":"Living400/gghh翅膀002","type":"image"}],"parent":"hh翅膀002"},{"name":"hh翅膀001","z":11,"display":[{"transform":{"scX":1,"x":0,"scY":1,"y":0,"pX":16.5,"pY":26.5,"skX":0,"skY":0},"name":"Living400/gghh翅膀001","type":"image"}],"parent":"hh翅膀001"},{"name":"hh大头001","z":12,"display":[{"transform":{"scX":1,"x":0,"scY":1,"y":0,"pX":19,"pY":20,"skX":0,"skY":0},"name":"Living400/gghh大头001","type":"image"}],"parent":"hh大头001"},{"name":"图层 19","z":13,"display":[{"transform":{"scX":1,"x":-11,"scY":1,"y":-3,"pX":0,"pY":0,"skX":0,"skY":0},"name":"Living400/dff","type":"image"},{"transform":{"scX":1,"x":-11.5,"scY":1,"y":-4.5,"pX":0,"pY":0,"skX":0,"skY":0},"name":"Living400/fgegrege","type":"image"}],"parent":"图层 19"},{"name":"hh身体001","z":14,"display":[{"transform":{"scX":1,"x":0,"scY":1,"y":0,"pX":16,"pY":10,"skX":0,"skY":0},"name":"Living400/gghh身体001","type":"image"}],"parent":"hh身体001"},{"name":"hh大腿002","z":15,"display":[{"transform":{"scX":1,"x":0,"scY":1,"y":0,"pX":3.5,"pY":5.5,"skX":0,"skY":0},"name":"Living400/gghh大腿002","type":"image"}],"parent":"hh大腿002"},{"name":"hh大腿001","z":16,"display":[{"transform":{"scX":1,"x":0,"scY":1,"y":0,"pX":3.5,"pY":5.5,"skX":0,"skY":0},"name":"Living400/gghh大腿001","type":"image"}],"parent":"hh大腿001"},{"name":"hh触角002","z":17,"display":[{"transform":{"scX":1,"x":1.75,"scY":1,"y":-6.5,"pX":4.5,"pY":7,"skX":0,"skY":0},"name":"Living400/gghh触角002","type":"image"}],"parent":"hh触角002"},{"name":"hh触角001","z":18,"display":[{"transform":{"scX":1,"x":0.5,"scY":1,"y":-11.25,"pX":5.5,"pY":12,"skX":0,"skY":0},"name":"Living400/gghh触角001","type":"image"}],"parent":"hh触角001"},{"name":"图层 26","z":0,"display":[{"transform":{"scX":1,"x":0.5,"scY":1,"y":-10.5,"pX":5.5,"pY":12,"skX":0,"skY":0},"name":"Living400/egvgfhs","type":"image"}],"parent":"图层 26"},{"name":"ee大腿003","z":1,"display":[{"transform":{"scX":1,"x":0.5,"scY":1,"y":3.75,"pX":3.5,"pY":6.5,"skX":0,"skY":0},"name":"Living400/ggee大腿003","type":"image"}],"parent":"ee大腿003"},{"name":"ee大腿001","z":2,"display":[{"transform":{"scX":1,"x":0.5,"scY":1,"y":2.25,"pX":4,"pY":6,"skX":0,"skY":0},"name":"Living400/ggee大腿001","type":"image"}],"parent":"ee大腿001"},{"name":"ee身体001","z":3,"display":[{"transform":{"scX":1,"x":0,"scY":1,"y":0,"pX":22,"pY":27.5,"skX":0,"skY":0},"name":"Living400/ggee身体001","type":"image"}],"parent":"ee身体001"},{"name":"ee翅膀004","z":4,"display":[{"transform":{"scX":1,"x":16.45,"scY":1,"y":7.75,"pX":19,"pY":18,"skX":0,"skY":0},"name":"Living400/ggee翅膀004","type":"image"}],"parent":"ee翅膀004"},{"name":"ee翅膀003","z":5,"display":[{"transform":{"scX":1,"x":18,"scY":1,"y":-24.5,"pX":22,"pY":27.5,"skX":0,"skY":0},"name":"Living400/ggee翅膀003","type":"image"}],"parent":"ee翅膀003"},{"name":"ee翅膀002","z":6,"display":[{"transform":{"scX":1,"x":-11.95,"scY":1,"y":11,"pX":13.5,"pY":18,"skX":0,"skY":0},"name":"Living400/ggee翅膀002","type":"image"}],"parent":"ee翅膀002"},{"name":"ee翅膀001","z":7,"display":[{"transform":{"scX":1,"x":-14,"scY":1,"y":-23.75,"pX":16,"pY":28,"skX":0,"skY":0},"name":"Living400/ggee翅膀001","type":"image"}],"parent":"ee翅膀001"}]}],"name":"game.living.Living400","bone":[{"transform":{"scX":-1,"x":21.75,"skX":0,"scY":1,"y":-54.75,"skY":0},"name":"hh翅膀004"},{"transform":{"scX":-1,"x":19.25,"skX":0,"scY":1,"y":-17.75,"skY":0},"name":"hh翅膀003"},{"transform":{"scX":-1,"x":-16.25,"skX":0,"scY":1,"y":-17.75,"skY":0},"name":"hh翅膀002"},{"transform":{"scX":-1,"x":-17.75,"skX":0,"scY":1,"y":-55.25,"skY":0},"name":"hh翅膀001"},{"transform":{"scX":-1,"x":-3.75,"skX":0,"scY":1,"y":-43.25,"skY":0},"name":"hh大头001"},{"transform":{"scX":-1,"x":-6.3,"skX":0,"scY":1,"y":-38,"skY":0},"name":"图层 19"},{"transform":{"scX":-1,"x":-4.75,"skX":0,"scY":1,"y":-18.25,"skY":0},"name":"hh身体001"},{"transform":{"scX":-1,"x":-9.25,"skX":0,"scY":1,"y":-6.75,"skY":0},"name":"hh大腿002"},{"transform":{"scX":-1,"x":0.75,"skX":0,"scY":1,"y":-4.75,"skY":0},"name":"hh大腿001"},{"transform":{"scX":-1,"x":-2.05,"skX":0,"scY":1,"y":-45.05,"skY":0},"name":"hh触角002"},{"transform":{"scX":-1,"x":-11.3,"skX":0,"scY":1,"y":-44.3,"skY":0},"name":"hh触角001"},{"transform":{"scX":1,"x":-11.5,"skX":0,"scY":1,"y":-45.75,"skY":0},"name":"图层 26"},{"transform":{"scX":1,"x":0.25,"skX":0,"scY":1,"y":-10,"skY":0},"name":"ee大腿003"},{"transform":{"scX":1,"x":-10.25,"skX":0,"scY":1,"y":-10,"skY":0},"name":"ee大腿001"},{"transform":{"scX":1,"x":-3.75,"skX":0,"scY":1,"y":-36.25,"skY":0},"name":"ee身体001"},{"transform":{"scX":1.02,"x":2.35,"skX":0,"scY":1,"y":-26.75,"skY":0},"name":"ee翅膀004"},{"transform":{"scX":1.02,"x":3.85,"skX":0,"scY":1,"y":-31,"skY":0},"name":"ee翅膀003"},{"transform":{"scX":1.04,"x":-5.85,"skX":0,"scY":1,"y":-30,"skY":0},"name":"ee翅膀002"},{"transform":{"scX":1.04,"x":-5.3,"skX":0,"scY":1,"y":-31.25,"skY":0},"name":"ee翅膀001"}],"animation":[{"fadeInTime":0,"timeline":[{"name":"hh翅膀004","scale":1,"frame":[{"z":8,"transform":{"scX":-1,"x":21.75,"scY":1,"y":-54.75,"pX":0,"pY":0,"skX":0,"skY":0},"duration":4,"tweenEasing":0},{"z":8,"transform":{"scX":-0.5,"x":4.7,"scY":0.98,"y":-51.35,"pX":0,"pY":0,"skX":-4.62,"skY":-17.13},"duration":3,"tweenEasing":0},{"z":8,"transform":{"scX":-1,"x":21.75,"scY":1,"y":-48,"pX":0,"pY":0,"skX":0,"skY":0},"duration":4,"tweenEasing":0},{"z":8,"transform":{"scX":-0.5,"x":4.7,"scY":0.98,"y":-51.35,"pX":0,"pY":0,"skX":-4.62,"skY":-17.13},"duration":3,"tweenEasing":0},{"z":8,"transform":{"scX":-1,"x":21.75,"scY":1,"y":-54.75,"pX":0,"pY":0,"skX":0,"skY":0},"duration":4,"tweenEasing":0},{"z":8,"transform":{"scX":-0.5,"x":4.7,"scY":0.98,"y":-51.35,"pX":0,"pY":0,"skX":-4.62,"skY":-17.13},"duration":3,"tweenEasing":0},{"z":8,"transform":{"scX":-1,"x":21.75,"scY":1,"y":-48,"pX":0,"pY":0,"skX":0,"skY":0},"duration":4,"tweenEasing":0},{"z":8,"transform":{"scX":-0.5,"x":4.7,"scY":0.98,"y":-51.35,"pX":0,"pY":0,"skX":-4.62,"skY":-17.13},"duration":3,"tweenEasing":0},{"z":8,"transform":{"scX":-1,"x":21.75,"scY":1,"y":-54.75,"pX":0,"pY":0,"skX":0,"skY":0},"duration":4,"tweenEasing":0},{"z":8,"transform":{"scX":-0.5,"x":4.7,"scY":0.98,"y":-51.35,"pX":0,"pY":0,"skX":-4.62,"skY":-17.13},"duration":3,"tweenEasing":0},{"z":8,"transform":{"scX":-1,"x":21.75,"scY":1,"y":-48,"pX":0,"pY":0,"skX":0,"skY":0},"duration":4,"tweenEasing":0},{"z":8,"transform":{"scX":-0.5,"x":4.7,"scY":0.98,"y":-51.35,"pX":0,"pY":0,"skX":-4.62,"skY":-17.13},"duration":3,"tweenEasing":0},{"transform":{"scX":-1,"x":21.75,"scY":1,"y":-54.75,"pX":0,"pY":0,"skX":0,"skY":0},"z":8,"duration":1}],"offset":0},{"name":"hh翅膀003","scale":1,"frame":[{"z":9,"transform":{"scX":-1,"x":19.25,"scY":1,"y":-17.75,"pX":0,"pY":0,"skX":0,"skY":0},"duration":4,"tweenEasing":0},{"z":9,"transform":{"scX":-0.51,"x":6.65,"scY":0.96,"y":-15.25,"pX":0,"pY":0,"skX":-11.16,"skY":-25.77},"duration":3,"tweenEasing":0},{"z":9,"transform":{"scX":-1,"x":19.25,"scY":1,"y":-11,"pX":0,"pY":0,"skX":0,"skY":0},"duration":4,"tweenEasing":0},{"z":9,"transform":{"scX":-0.51,"x":6.65,"scY":0.96,"y":-15.25,"pX":0,"pY":0,"skX":-11.16,"skY":-25.77},"duration":3,"tweenEasing":0},{"z":9,"transform":{"scX":-1,"x":19.25,"scY":1,"y":-17.75,"pX":0,"pY":0,"skX":0,"skY":0},"duration":4,"tweenEasing":0},{"z":9,"transform":{"scX":-0.51,"x":6.65,"scY":0.96,"y":-15.25,"pX":0,"pY":0,"skX":-11.16,"skY":-25.77},"duration":3,"tweenEasing":0},{"z":9,"transform":{"scX":-1,"x":19.25,"scY":1,"y":-11,"pX":0,"pY":0,"skX":0,"skY":0},"duration":4,"tweenEasing":0},{"z":9,"transform":{"scX":-0.51,"x":6.65,"scY":0.96,"y":-15.25,"pX":0,"pY":0,"skX":-11.16,"skY":-25.77},"duration":3,"tweenEasing":0},{"z":9,"transform":{"scX":-1,"x":19.25,"scY":1,"y":-17.75,"pX":0,"pY":0,"skX":0,"skY":0},"duration":4,"tweenEasing":0},{"z":9,"transform":{"scX":-0.51,"x":6.65,"scY":0.96,"y":-15.25,"pX":0,"pY":0,"skX":-11.16,"skY":-25.77},"duration":3,"tweenEasing":0},{"z":9,"transform":{"scX":-1,"x":19.25,"scY":1,"y":-11,"pX":0,"pY":0,"skX":0,"skY":0},"duration":4,"tweenEasing":0},{"z":9,"transform":{"scX":-0.51,"x":6.65,"scY":0.96,"y":-15.25,"pX":0,"pY":0,"skX":-11.16,"skY":-25.77},"duration":3,"tweenEasing":0},{"transform":{"scX":-1,"x":19.25,"scY":1,"y":-17.75,"pX":0,"pY":0,"skX":0,"skY":0},"z":9,"duration":1}],"offset":0},{"name":"hh翅膀002","scale":1,"frame":[{"z":10,"transform":{"scX":-1,"x":-16.25,"scY":1,"y":-17.75,"pX":0,"pY":0,"skX":0,"skY":0},"duration":4,"tweenEasing":0},{"z":10,"transform":{"scX":-0.48,"x":-11.3,"scY":0.97,"y":-15.55,"pX":0,"pY":0,"skX":7.54,"skY":22.69},"duration":3,"tweenEasing":0},{"z":10,"transform":{"scX":-1,"x":-16.25,"scY":1,"y":-11,"pX":0,"pY":0,"skX":0,"skY":0},"duration":4,"tweenEasing":0},{"z":10,"transform":{"scX":-0.48,"x":-11.3,"scY":0.97,"y":-15.55,"pX":0,"pY":0,"skX":7.54,"skY":22.69},"duration":3,"tweenEasing":0},{"z":10,"transform":{"scX":-1,"x":-16.25,"scY":1,"y":-17.75,"pX":0,"pY":0,"skX":0,"skY":0},"duration":4,"tweenEasing":0},{"z":10,"transform":{"scX":-0.48,"x":-11.3,"scY":0.97,"y":-15.55,"pX":0,"pY":0,"skX":7.54,"skY":22.69},"duration":3,"tweenEasing":0},{"z":10,"transform":{"scX":-1,"x":-16.25,"scY":1,"y":-11,"pX":0,"pY":0,"skX":0,"skY":0},"duration":4,"tweenEasing":0},{"z":10,"transform":{"scX":-0.48,"x":-11.3,"scY":0.97,"y":-15.55,"pX":0,"pY":0,"skX":7.54,"skY":22.69},"duration":3,"tweenEasing":0},{"z":10,"transform":{"scX":-1,"x":-16.25,"scY":1,"y":-17.75,"pX":0,"pY":0,"skX":0,"skY":0},"duration":4,"tweenEasing":0},{"z":10,"transform":{"scX":-0.48,"x":-11.3,"scY":0.97,"y":-15.55,"pX":0,"pY":0,"skX":7.54,"skY":22.69},"duration":3,"tweenEasing":0},{"z":10,"transform":{"scX":-1,"x":-16.25,"scY":1,"y":-11,"pX":0,"pY":0,"skX":0,"skY":0},"duration":4,"tweenEasing":0},{"z":10,"transform":{"scX":-0.48,"x":-11.3,"scY":0.97,"y":-15.55,"pX":0,"pY":0,"skX":7.54,"skY":22.69},"duration":3,"tweenEasing":0},{"transform":{"scX":-1,"x":-16.25,"scY":1,"y":-17.75,"pX":0,"pY":0,"skX":0,"skY":0},"z":10,"duration":1}],"offset":0},{"name":"hh翅膀001","scale":1,"frame":[{"z":11,"transform":{"scX":-1,"x":-17.75,"scY":1,"y":-55.25,"pX":0,"pY":0,"skX":0,"skY":0},"duration":4,"tweenEasing":0},{"z":11,"transform":{"scX":-0.46,"x":-10.2,"scY":0.99,"y":-50.4,"pX":0,"pY":0,"skX":2.15,"skY":13.48},"duration":3,"tweenEasing":0},{"z":11,"transform":{"scX":-1,"x":-17.75,"scY":1,"y":-48.5,"pX":0,"pY":0,"skX":0,"skY":0},"duration":4,"tweenEasing":0},{"z":11,"transform":{"scX":-0.46,"x":-10.2,"scY":0.99,"y":-50.4,"pX":0,"pY":0,"skX":2.15,"skY":13.48},"duration":3,"tweenEasing":0},{"z":11,"transform":{"scX":-1,"x":-17.75,"scY":1,"y":-55.25,"pX":0,"pY":0,"skX":0,"skY":0},"duration":4,"tweenEasing":0},{"z":11,"transform":{"scX":-0.46,"x":-10.2,"scY":0.99,"y":-50.4,"pX":0,"pY":0,"skX":2.15,"skY":13.48},"duration":3,"tweenEasing":0},{"z":11,"transform":{"scX":-1,"x":-17.75,"scY":1,"y":-48.5,"pX":0,"pY":0,"skX":0,"skY":0},"duration":4,"tweenEasing":0},{"z":11,"transform":{"scX":-0.46,"x":-10.2,"scY":0.99,"y":-50.4,"pX":0,"pY":0,"skX":2.15,"skY":13.48},"duration":3,"tweenEasing":0},{"z":11,"transform":{"scX":-1,"x":-17.75,"scY":1,"y":-55.25,"pX":0,"pY":0,"skX":0,"skY":0},"duration":4,"tweenEasing":0},{"z":11,"transform":{"scX":-0.46,"x":-10.2,"scY":0.99,"y":-50.4,"pX":0,"pY":0,"skX":2.15,"skY":13.48},"duration":3,"tweenEasing":0},{"z":11,"transform":{"scX":-1,"x":-17.75,"scY":1,"y":-48.5,"pX":0,"pY":0,"skX":0,"skY":0},"duration":4,"tweenEasing":0},{"z":11,"transform":{"scX":-0.46,"x":-10.2,"scY":0.99,"y":-50.4,"pX":0,"pY":0,"skX":2.15,"skY":13.48},"duration":3,"tweenEasing":0},{"transform":{"scX":-1,"x":-17.75,"scY":1,"y":-55.25,"pX":0,"pY":0,"skX":0,"skY":0},"z":11,"duration":1}],"offset":0},{"name":"hh大头001","scale":1,"frame":[{"z":12,"transform":{"scX":-1,"x":-3.75,"scY":1,"y":-43.25,"pX":0,"pY":0,"skX":0,"skY":0},"duration":7,"tweenEasing":0},{"z":12,"transform":{"scX":-1,"x":-3.75,"scY":1,"y":-37.75,"pX":0,"pY":0,"skX":0,"skY":0},"duration":7,"tweenEasing":0},{"z":12,"transform":{"scX":-1,"x":-3.75,"scY":1,"y":-43.25,"pX":0,"pY":0,"skX":0,"skY":0},"duration":7,"tweenEasing":0},{"z":12,"transform":{"scX":-1,"x":-3.75,"scY":1,"y":-37.75,"pX":0,"pY":0,"skX":0,"skY":0},"duration":7,"tweenEasing":0},{"z":12,"transform":{"scX":-1,"x":-3.75,"scY":1,"y":-43.25,"pX":0,"pY":0,"skX":0,"skY":0},"duration":7,"tweenEasing":0},{"z":12,"transform":{"scX":-1,"x":-3.75,"scY":1,"y":-37.75,"pX":0,"pY":0,"skX":0,"skY":0},"duration":7,"tweenEasing":0},{"transform":{"scX":-1,"x":-3.75,"scY":1,"y":-43.25,"pX":0,"pY":0,"skX":0,"skY":0},"z":12,"duration":1}],"offset":0},{"name":"图层 19","scale":1,"frame":[{"duration":28,"displayIndex":-1},{"transform":{"scX":-1,"x":-6.3,"scY":1,"y":-38,"pX":0,"pY":0,"skX":0,"skY":0},"z":13,"duration":1},{"z":13,"displayIndex":1,"transform":{"scX":-1,"x":-5.6,"scY":1,"y":-35.4,"pX":0,"pY":0,"skX":0,"skY":0},"duration":1},{"z":13,"displayIndex":1,"transform":{"scX":-1,"x":-5.6,"scY":1,"y":-34.6,"pX":0,"pY":0,"skX":0,"skY":0},"duration":1},{"transform":{"scX":-1,"x":-6.1,"scY":1,"y":-35.3,"pX":0,"pY":0,"skX":0,"skY":0},"z":13,"duration":1},{"duration":11,"displayIndex":-1}],"offset":0},{"name":"hh身体001","scale":1,"frame":[{"z":14,"transform":{"scX":-1,"x":-4.75,"scY":1,"y":-18.25,"pX":0,"pY":0,"skX":0,"skY":0},"duration":7,"tweenEasing":0},{"z":14,"transform":{"scX":-1,"x":-4.75,"scY":1,"y":-12.25,"pX":0,"pY":0,"skX":0,"skY":0},"duration":7,"tweenEasing":0},{"z":14,"transform":{"scX":-1,"x":-4.75,"scY":1,"y":-18.25,"pX":0,"pY":0,"skX":0,"skY":0},"duration":7,"tweenEasing":0},{"z":14,"transform":{"scX":-1,"x":-4.75,"scY":1,"y":-12.25,"pX":0,"pY":0,"skX":0,"skY":0},"duration":7,"tweenEasing":0},{"z":14,"transform":{"scX":-1,"x":-4.75,"scY":1,"y":-18.25,"pX":0,"pY":0,"skX":0,"skY":0},"duration":7,"tweenEasing":0},{"z":14,"transform":{"scX":-1,"x":-4.75,"scY":1,"y":-12.25,"pX":0,"pY":0,"skX":0,"skY":0},"duration":7,"tweenEasing":0},{"transform":{"scX":-1,"x":-4.75,"scY":1,"y":-18.25,"pX":0,"pY":0,"skX":0,"skY":0},"z":14,"duration":1}],"offset":0},{"name":"hh大腿002","scale":1,"frame":[{"z":15,"transform":{"scX":-1,"x":-9.25,"scY":1,"y":-6.75,"pX":0,"pY":0,"skX":0,"skY":0},"duration":7,"tweenEasing":0},{"z":15,"transform":{"scX":-1,"x":-10.25,"scY":1,"y":-0.75,"pX":0,"pY":0,"skX":18.48,"skY":18.48},"duration":7,"tweenEasing":0},{"z":15,"transform":{"scX":-1,"x":-9.25,"scY":1,"y":-6.75,"pX":0,"pY":0,"skX":0,"skY":0},"duration":7,"tweenEasing":0},{"z":15,"transform":{"scX":-1,"x":-10.25,"scY":1,"y":-0.75,"pX":0,"pY":0,"skX":18.48,"skY":18.48},"duration":7,"tweenEasing":0},{"z":15,"transform":{"scX":-1,"x":-9.25,"scY":1,"y":-6.75,"pX":0,"pY":0,"skX":0,"skY":0},"duration":7,"tweenEasing":0},{"z":15,"transform":{"scX":-1,"x":-10.25,"scY":1,"y":-0.75,"pX":0,"pY":0,"skX":18.48,"skY":18.48},"duration":7,"tweenEasing":0},{"transform":{"scX":-1,"x":-9.25,"scY":1,"y":-6.75,"pX":0,"pY":0,"skX":0,"skY":0},"z":15,"duration":1}],"offset":0},{"name":"hh大腿001","scale":1,"frame":[{"z":16,"transform":{"scX":-1,"x":0.75,"scY":1,"y":-4.75,"pX":0,"pY":0,"skX":0,"skY":0},"duration":7,"tweenEasing":0},{"z":16,"transform":{"scX":-1,"x":1.25,"scY":0.91,"y":0.5,"pX":0,"pY":0,"skX":-17.23,"skY":-17.23},"duration":7,"tweenEasing":0},{"z":16,"transform":{"scX":-1,"x":0.75,"scY":1,"y":-4.75,"pX":0,"pY":0,"skX":0,"skY":0},"duration":7,"tweenEasing":0},{"z":16,"transform":{"scX":-1,"x":1.25,"scY":0.91,"y":0.5,"pX":0,"pY":0,"skX":-17.23,"skY":-17.23},"duration":7,"tweenEasing":0},{"z":16,"transform":{"scX":-1,"x":0.75,"scY":1,"y":-4.75,"pX":0,"pY":0,"skX":0,"skY":0},"duration":7,"tweenEasing":0},{"z":16,"transform":{"scX":-1,"x":1.25,"scY":0.91,"y":0.5,"pX":0,"pY":0,"skX":-17.23,"skY":-17.23},"duration":7,"tweenEasing":0},{"transform":{"scX":-1,"x":0.75,"scY":1,"y":-4.75,"pX":0,"pY":0,"skX":0,"skY":0},"z":16,"duration":1}],"offset":0},{"name":"hh触角002","scale":1,"frame":[{"z":17,"transform":{"scX":-1,"x":-2.05,"scY":1,"y":-45.05,"pX":0,"pY":0,"skX":0,"skY":0},"duration":4,"tweenEasing":0},{"z":17,"transform":{"scX":-1,"x":-2.2,"scY":1,"y":-41.65,"pX":0,"pY":0,"skX":7.91,"skY":7.91},"duration":3,"tweenEasing":0},{"z":17,"transform":{"scX":-1,"x":-1.8,"scY":1,"y":-39.55,"pX":0,"pY":0,"skX":0,"skY":0},"duration":3,"tweenEasing":0},{"z":17,"transform":{"scX":-1,"x":-1.65,"scY":1,"y":-41.3,"pX":0.05,"pY":-0.05,"skX":7.91,"skY":7.91},"duration":4,"tweenEasing":0},{"z":17,"transform":{"scX":-1,"x":-2.05,"scY":1,"y":-45.05,"pX":0,"pY":0,"skX":0,"skY":0},"duration":4,"tweenEasing":0},{"z":17,"transform":{"scX":-1,"x":-2.2,"scY":1,"y":-41.65,"pX":0,"pY":0,"skX":7.91,"skY":7.91},"duration":3,"tweenEasing":0},{"z":17,"transform":{"scX":-1,"x":-1.8,"scY":1,"y":-39.55,"pX":0,"pY":0,"skX":0,"skY":0},"duration":3,"tweenEasing":0},{"z":17,"transform":{"scX":-1,"x":-1.65,"scY":1,"y":-41.3,"pX":0.05,"pY":-0.05,"skX":7.91,"skY":7.91},"duration":4,"tweenEasing":0},{"z":17,"transform":{"scX":-1,"x":-2.05,"scY":1,"y":-45.05,"pX":0,"pY":0,"skX":0,"skY":0},"duration":4,"tweenEasing":0},{"z":17,"transform":{"scX":-1,"x":-2.2,"scY":1,"y":-41.65,"pX":0,"pY":0,"skX":7.91,"skY":7.91},"duration":3,"tweenEasing":0},{"z":17,"transform":{"scX":-1,"x":-1.8,"scY":1,"y":-39.55,"pX":0,"pY":0,"skX":0,"skY":0},"duration":3,"tweenEasing":0},{"z":17,"transform":{"scX":-1,"x":-1.65,"scY":1,"y":-41.3,"pX":0.05,"pY":-0.05,"skX":7.91,"skY":7.91},"duration":4,"tweenEasing":0},{"transform":{"scX":-1,"x":-2.05,"scY":1,"y":-45.05,"pX":0,"pY":0,"skX":0,"skY":0},"z":17,"duration":1}],"offset":0},{"name":"hh触角001","scale":1,"frame":[{"z":18,"transform":{"scX":-1,"x":-11.3,"scY":1,"y":-44.3,"pX":0,"pY":0,"skX":0,"skY":0},"duration":4,"tweenEasing":0},{"z":18,"transform":{"scX":-1,"x":-11.45,"scY":1,"y":-40.9,"pX":0.05,"pY":0.05,"skX":-3.21,"skY":-3.21},"duration":3,"tweenEasing":0},{"z":18,"transform":{"scX":-1,"x":-11.05,"scY":1,"y":-38.8,"pX":0,"pY":0,"skX":0,"skY":0},"duration":3,"tweenEasing":0},{"z":18,"transform":{"scX":-1,"x":-10.9,"scY":1,"y":-40.55,"pX":0,"pY":0,"skX":-3.21,"skY":-3.21},"duration":4,"tweenEasing":0},{"z":18,"transform":{"scX":-1,"x":-11.3,"scY":1,"y":-44.3,"pX":0,"pY":0,"skX":0,"skY":0},"duration":4,"tweenEasing":0},{"z":18,"transform":{"scX":-1,"x":-11.45,"scY":1,"y":-40.9,"pX":0.05,"pY":0.05,"skX":-3.21,"skY":-3.21},"duration":3,"tweenEasing":0},{"z":18,"transform":{"scX":-1,"x":-11.05,"scY":1,"y":-38.8,"pX":0,"pY":0,"skX":0,"skY":0},"duration":3,"tweenEasing":0},{"z":18,"transform":{"scX":-1,"x":-10.9,"scY":1,"y":-40.55,"pX":0,"pY":0,"skX":-3.21,"skY":-3.21},"duration":4,"tweenEasing":0},{"z":18,"transform":{"scX":-1,"x":-11.3,"scY":1,"y":-44.3,"pX":0,"pY":0,"skX":0,"skY":0},"duration":4,"tweenEasing":0},{"z":18,"transform":{"scX":-1,"x":-11.45,"scY":1,"y":-40.9,"pX":0.05,"pY":0.05,"skX":-3.21,"skY":-3.21},"duration":3,"tweenEasing":0},{"z":18,"transform":{"scX":-1,"x":-11.05,"scY":1,"y":-38.8,"pX":0,"pY":0,"skX":0,"skY":0},"duration":3,"tweenEasing":0},{"z":18,"transform":{"scX":-1,"x":-10.9,"scY":1,"y":-40.55,"pX":0,"pY":0,"skX":-3.21,"skY":-3.21},"duration":4,"tweenEasing":0},{"transform":{"scX":-1,"x":-11.3,"scY":1,"y":-44.3,"pX":0,"pY":0,"skX":0,"skY":0},"z":18,"duration":1}],"offset":0}],"scale":1,"loop":0,"autoTween":0,"name":"standA","duration":43,"tweenEasing":null},{"fadeInTime":0,"timeline":[{"name":"图层 26","scale":1,"frame":[{"z":0,"transform":{"scX":1,"x":-11.5,"scY":1,"y":-45.75,"pX":0,"pY":0,"skX":0,"skY":0},"duration":4,"tweenEasing":0},{"z":0,"transform":{"scX":1,"x":-14.75,"scY":1,"y":-42.55,"pX":-0.05,"pY":-0.05,"skX":9.46,"skY":9.46},"duration":3,"tweenEasing":0},{"z":0,"transform":{"scX":1,"x":-13.25,"scY":1,"y":-40.25,"pX":0,"pY":0,"skX":4.96,"skY":4.96},"duration":3,"tweenEasing":0},{"z":0,"transform":{"scX":1,"x":-14.75,"scY":1,"y":-42.55,"pX":-0.05,"pY":-0.05,"skX":9.46,"skY":9.46},"duration":4,"tweenEasing":0},{"z":0,"transform":{"scX":1,"x":-11.5,"scY":1,"y":-45.75,"pX":0,"pY":0,"skX":0,"skY":0},"duration":1,"tweenEasing":0}],"offset":0},{"name":"ee大腿003","scale":1,"frame":[{"z":1,"transform":{"scX":1,"x":0.25,"scY":1,"y":-10,"pX":0,"pY":0,"skX":0,"skY":0},"duration":7,"tweenEasing":0},{"z":1,"transform":{"scX":1,"x":0.25,"scY":1.06,"y":-3.95,"pX":0,"pY":0,"skX":-15.17,"skY":-15.17},"duration":7,"tweenEasing":0},{"transform":{"scX":1,"x":0.25,"scY":1,"y":-10,"pX":0,"pY":0,"skX":0,"skY":0},"z":1,"duration":1}],"offset":0},{"name":"ee大腿001","scale":1,"frame":[{"z":2,"transform":{"scX":1,"x":-10.25,"scY":1,"y":-10,"pX":0,"pY":0,"skX":0,"skY":0},"duration":7,"tweenEasing":0},{"z":2,"transform":{"scX":1,"x":-9.75,"scY":1,"y":-4,"pX":0,"pY":0.05,"skX":22.48,"skY":22.48},"duration":7,"tweenEasing":0},{"transform":{"scX":1,"x":-10.25,"scY":1,"y":-10,"pX":0,"pY":0,"skX":0,"skY":0},"z":2,"duration":1}],"offset":0},{"name":"ee身体001","scale":1,"frame":[{"z":3,"transform":{"scX":1,"x":-3.75,"scY":1,"y":-36.25,"pX":0,"pY":0,"skX":0,"skY":0},"duration":7,"tweenEasing":0},{"z":3,"transform":{"scX":1,"x":-3.75,"scY":1,"y":-30.25,"pX":0,"pY":0,"skX":0,"skY":0},"duration":7,"tweenEasing":0},{"transform":{"scX":1,"x":-3.75,"scY":1,"y":-36.25,"pX":0,"pY":0,"skX":0,"skY":0},"z":3,"duration":1}],"offset":0},{"name":"ee翅膀004","scale":1,"frame":[{"z":4,"transform":{"scX":1.02,"x":2.35,"scY":1,"y":-26.75,"pX":0,"pY":0,"skX":0,"skY":0},"duration":4,"tweenEasing":0},{"z":4,"transform":{"scX":0.51,"x":0.1,"scY":1,"y":-20.25,"pX":0.1,"pY":0.05,"skX":-8.76,"skY":-10.91},"duration":3,"tweenEasing":0},{"z":4,"transform":{"scX":1.02,"x":2.6,"scY":1,"y":-20.75,"pX":0,"pY":0,"skX":0,"skY":0},"duration":3,"tweenEasing":0},{"z":4,"transform":{"scX":0.51,"x":0.35,"scY":1,"y":-20,"pX":0.1,"pY":0.05,"skX":-8.76,"skY":-10.91},"duration":4,"tweenEasing":0},{"z":4,"transform":{"scX":1.02,"x":2.35,"scY":1,"y":-26.75,"pX":0,"pY":0,"skX":0,"skY":0},"duration":1,"tweenEasing":0}],"offset":0},{"name":"ee翅膀003","scale":1,"frame":[{"z":5,"transform":{"scX":1.02,"x":3.85,"scY":1,"y":-31,"pX":0,"pY":0,"skX":0,"skY":0},"duration":4,"tweenEasing":0},{"z":5,"transform":{"scX":0.5,"x":0.85,"scY":1,"y":-24.5,"pX":-0.05,"pY":0,"skX":0,"skY":0},"duration":3,"tweenEasing":0},{"z":5,"transform":{"scX":1.02,"x":4.1,"scY":1,"y":-25,"pX":0,"pY":0,"skX":0,"skY":0},"duration":3,"tweenEasing":0},{"z":5,"transform":{"scX":0.5,"x":1.1,"scY":1,"y":-24.25,"pX":-0.05,"pY":0,"skX":0,"skY":0},"duration":4,"tweenEasing":0},{"z":5,"transform":{"scX":1.02,"x":3.85,"scY":1,"y":-31,"pX":0,"pY":0,"skX":0,"skY":0},"duration":1,"tweenEasing":0}],"offset":0},{"name":"ee翅膀002","scale":1,"frame":[{"z":6,"transform":{"scX":1.04,"x":-5.85,"scY":1,"y":-30,"pX":0,"pY":0,"skX":0,"skY":0},"duration":4,"tweenEasing":0},{"z":6,"transform":{"scX":0.44,"x":-5.1,"scY":1,"y":-23.5,"pX":0,"pY":0,"skX":6.85,"skY":8.13},"duration":3,"tweenEasing":0},{"z":6,"transform":{"scX":1.04,"x":-5.6,"scY":1,"y":-24,"pX":0,"pY":0,"skX":0,"skY":0},"duration":3,"tweenEasing":0},{"z":6,"transform":{"scX":0.44,"x":-4.85,"scY":1,"y":-23.25,"pX":0,"pY":-0.05,"skX":6.85,"skY":8.13},"duration":4,"tweenEasing":0},{"z":6,"transform":{"scX":1.04,"x":-5.85,"scY":1,"y":-30,"pX":0,"pY":0,"skX":0,"skY":0},"duration":1,"tweenEasing":0}],"offset":0},{"name":"ee翅膀001","scale":1,"frame":[{"z":7,"transform":{"scX":1.04,"x":-5.3,"scY":1,"y":-31.25,"pX":0,"pY":0,"skX":0,"skY":0},"duration":4,"tweenEasing":0},{"z":7,"transform":{"scX":0.44,"x":-4.85,"scY":1,"y":-24.75,"pX":0,"pY":0,"skX":0,"skY":0},"duration":3,"tweenEasing":0},{"z":7,"transform":{"scX":1.04,"x":-5.05,"scY":1,"y":-25.25,"pX":0,"pY":0,"skX":0,"skY":0},"duration":3,"tweenEasing":0},{"z":7,"transform":{"scX":0.44,"x":-4.6,"scY":1,"y":-24.5,"pX":0,"pY":0,"skX":0,"skY":0},"duration":4,"tweenEasing":0},{"z":7,"transform":{"scX":1.04,"x":-5.3,"scY":1,"y":-31.25,"pX":0,"pY":0,"skX":0,"skY":0},"duration":1,"tweenEasing":0}],"offset":0}],"scale":1,"loop":0,"autoTween":0,"name":"standB","duration":15,"tweenEasing":null}]}],"name":"game.living.Living400","frameRate":24,"version":2.3}