<?xml version="1.0" encoding="UTF-8"?>
<!-- Created with TexturePacker http://www.codeandweb.com/texturepacker-->
<!-- $TexturePacker:SmartUpdate:74dde8899d27fc641755649fa972bf46:1/1$ -->
<TextureAtlas imagePath="image_petFollow_1.png">
    <SubTexture name="Living392/eyeeb001" x="147" y="468" width="46" height="15"/>
    <SubTexture name="Living392/eyesbg002" x="147" y="485" width="46" height="9"/>
    <SubTexture name="Living392/gg亚身体01" x="160" y="311" width="53" height="44"/>
    <SubTexture name="Living392/gg鸭子d右脚" x="478" y="820" width="24" height="20"/>
    <SubTexture name="Living392/gg鸭子d尾" x="356" y="861" width="17" height="17"/>
    <SubTexture name="Living392/gg鸭子d左翅" x="227" y="747" width="27" height="27"/>
    <SubTexture name="Living392/gg鸭子d左脚" x="49" y="631" width="21" height="19"/>
    <SubTexture name="Living392/gg鸭子tie结" x="280" y="824" width="17" height="20"/>
    <SubTexture name="Living392/gg鸭子头发01" x="455" y="831" width="21" height="26"/>
    <SubTexture name="Living392/gg鸭子手bbd01" x="227" y="648" width="29" height="24"/>
    <SubTexture name="Living392/gg鸭子正头01" x="224" y="162" width="60" height="58"/>
    <SubTexture name="Living392/gg鸭帽子" x="305" y="44" width="70" height="48"/>
    <SubTexture name="Living392/tt子后左翅h01" x="359" y="695" width="28" height="26"/>
    <SubTexture name="Living392/tt鸭子后6d1右脚" x="155" y="627" width="19" height="22"/>
    <SubTexture name="Living392/tt鸭子后右翅d20" x="227" y="622" width="29" height="24"/>
    <SubTexture name="Living392/tt鸭子后围巾" x="160" y="227" width="56" height="21"/>
    <SubTexture name="Living392/tt鸭子后头d032" x="160" y="111" width="62" height="58"/>
    <SubTexture name="Living392/tt鸭子后头毛p02" x="432" y="811" width="21" height="26"/>
    <SubTexture name="Living392/tt鸭子后尾e01" x="211" y="638" width="14" height="17"/>
    <SubTexture name="Living392/tt鸭子后左脚k01" x="20" y="723" width="16" height="21"/>
    <SubTexture name="Living392/tt鸭子后帽儿03" x="233" y="42" width="70" height="56"/>
    <SubTexture name="Living392/tt鸭子后身363" x="216" y="297" width="53" height="45"/>
    <SubTexture name="Living393/eeabib左手" x="413" y="880" width="16" height="28"/>
    <SubTexture name="Living393/eera耳朵002" x="428" y="564" width="35" height="41"/>
    <SubTexture name="Living393/ee兔子ra呆毛63" x="463" y="670" width="13" height="14"/>
    <SubTexture name="Living393/ee兔子右脚lenad001" x="35" y="762" width="14" height="9"/>
    <SubTexture name="Living393/ee兔子左手ppp0001" x="373" y="588" width="15" height="26"/>
    <SubTexture name="Living393/ee兔子左脚lead001" x="51" y="756" width="14" height="10"/>
    <SubTexture name="Living393/ee兔子脸ggghb01" x="160" y="171" width="60" height="54"/>
    <SubTexture name="Living393/ee大萝卜lobo" x="2" y="63" width="66" height="35"/>
    <SubTexture name="Living393/ee头发haieb01" x="215" y="402" width="49" height="33"/>
    <SubTexture name="Living393/ee萝卜叶子bbdg001" x="405" y="859" width="24" height="19"/>
    <SubTexture name="Living393/ee衣服" x="258" y="649" width="32" height="32"/>
    <SubTexture name="Living393/ee裤儿 副本 2" x="82" y="694" width="19" height="19"/>
    <SubTexture name="Living393/ee裤儿 副本 3" x="305" y="821" width="19" height="19"/>
    <SubTexture name="Living393/ee裤儿 副本" x="426" y="685" width="34" height="16"/>
    <SubTexture name="Living393/egfegregr" x="50" y="477" width="46" height="15"/>
    <SubTexture name="Living393/kk兔子内裤001" x="292" y="674" width="32" height="16"/>
    <SubTexture name="Living393/kk兔子右手9956" x="469" y="914" width="16" height="26"/>
    <SubTexture name="Living393/kk兔子右脚gg002" x="263" y="823" width="15" height="9"/>
    <SubTexture name="Living393/kk兔子大头bb001" x="2" y="216" width="60" height="59"/>
    <SubTexture name="Living393/kk兔子头发ff" x="176" y="706" width="32" height="21"/>
    <SubTexture name="Living393/kk兔子尾巴bcd01" x="314" y="788" width="10" height="10"/>
    <SubTexture name="Living393/kk兔子左脚gg001" x="263" y="811" width="15" height="10"/>
    <SubTexture name="Living393/kk兔子耳朵bbds001" x="258" y="606" width="35" height="41"/>
    <SubTexture name="Living393/kk兔子裤子0001" x="375" y="860" width="22" height="17"/>
    <SubTexture name="Living393/kk兔子裤子0002" x="176" y="629" width="33" height="17"/>
    <SubTexture name="Living393/kk兔子身体tt01" x="390" y="577" width="35" height="32"/>
    <SubTexture name="Living393/kk大萝卜9" x="70" y="63" width="65" height="35"/>
    <SubTexture name="Living393/kk头发ccf001" x="173" y="773" width="18" height="14"/>
    <SubTexture name="Living393/kk子耳朵bb001" x="154" y="674" width="20" height="45"/>
    <SubTexture name="Living393/kk左手pp" x="369" y="161" width="16" height="28"/>
    <SubTexture name="Living393/kk萝卜叶子" x="498" y="414" width="12" height="17"/>
    <SubTexture name="Living393/reeabit耳朵620" x="154" y="721" width="20" height="44"/>
    <SubTexture name="Living393/rgghbhe" x="443" y="435" width="43" height="10"/>
    <SubTexture name="Living396/eyewbs001" x="326" y="796" width="25" height="9"/>
    <SubTexture name="Living396/eyewbs002" x="380" y="788" width="25" height="7"/>
    <SubTexture name="Living396/tt大头bbe63" x="391" y="484" width="42" height="42"/>
    <SubTexture name="Living396/tt头巾t001" x="352" y="424" width="44" height="22"/>
    <SubTexture name="Living396/tt结pp01" x="443" y="754" width="10" height="12"/>
    <SubTexture name="Living396/tt结巴001" x="443" y="725" width="10" height="13"/>
    <SubTexture name="Living396/tt蛇头bgf01" x="406" y="353" width="44" height="45"/>
    <SubTexture name="Living396/tt蛇眼镜dd01" x="2" y="600" width="38" height="15"/>
    <SubTexture name="Living396/tt蛇蛇头巾220" x="390" y="557" width="36" height="18"/>
    <SubTexture name="Living396/tt蛇身ff001" x="25" y="669" width="20" height="30"/>
    <SubTexture name="Living396/tt蛇身ff002" x="280" y="789" width="23" height="16" frameX="-1" frameY="0" frameWidth="25" frameHeight="16"/>
    <SubTexture name="Living396/tt蛇身ff003" x="2" y="632" width="21" height="19"/>
    <SubTexture name="Living396/tt身身nnd001" x="2" y="670" width="20" height="28"/>
    <SubTexture name="Living396/tt身身nnd002" x="176" y="753" width="28" height="18"/>
    <SubTexture name="Living396/tt身身nnd003" x="2" y="772" width="14" height="8"/>
    <SubTexture name="Living396/tt身身nnd004" x="103" y="709" width="15" height="13"/>
    <SubTexture name="Living399/egeeerhg" x="390" y="611" width="35" height="20"/>
    <SubTexture name="Living399/egeht" x="390" y="528" width="41" height="27" frameX="0" frameY="-6" frameWidth="41" frameHeight="33"/>
    <SubTexture name="Living399/egghrtrt" x="195" y="490" width="41" height="21" frameX="0" frameY="-6" frameWidth="41" frameHeight="27"/>
    <SubTexture name="Living399/ehrnjxc" x="136" y="573" width="38" height="33" frameX="0" frameY="-6" frameWidth="38" frameHeight="39"/>
    <SubTexture name="Living399/ghehh5re" x="258" y="683" width="32" height="13"/>
    <SubTexture name="Living399/gregrere" x="326" y="678" width="32" height="10"/>
    <SubTexture name="Living399/hbhreew" x="433" y="537" width="41" height="25" frameX="0" frameY="-4" frameWidth="41" frameHeight="29"/>
    <SubTexture name="Living399/hhjrtd" x="259" y="720" width="30" height="17"/>
    <SubTexture name="Living399/kkpp右手n01" x="2" y="723" width="16" height="21"/>
    <SubTexture name="Living399/kkpp大大腿01" x="210" y="657" width="15" height="19"/>
    <SubTexture name="Living399/kkpp大头pp001" x="455" y="302" width="49" height="49"/>
    <SubTexture name="Living399/kkpp左脚0031" x="373" y="638" width="15" height="19"/>
    <SubTexture name="Living399/kkpp身体e01" x="346" y="448" width="43" height="43"/>
    <SubTexture name="Living399/kktt右手" x="465" y="564" width="11" height="20"/>
    <SubTexture name="Living399/kktt右腿003" x="140" y="770" width="11" height="10"/>
    <SubTexture name="Living399/kktt大头" x="301" y="375" width="49" height="49"/>
    <SubTexture name="Living399/kktt左手bd01" x="443" y="740" width="10" height="12"/>
    <SubTexture name="Living399/kktt左腿" x="147" y="445" width="10" height="21"/>
    <SubTexture name="Living399/kktt身体01" x="2" y="562" width="38" height="36"/>
    <SubTexture name="Living399/ppomn001" x="487" y="490" width="23" height="28"/>
    <SubTexture name="Living399/ppomn002" x="351" y="838" width="22" height="21"/>
    <SubTexture name="Living399/ppomn003" x="47" y="686" width="20" height="21"/>
    <SubTexture name="Living399/pp左2.png" x="478" y="731" width="30" height="24"/>
    <SubTexture name="Living399/pp左3.png" x="326" y="753" width="25" height="28"/>
    <SubTexture name="Living399/pp左翅膀.png" x="301" y="489" width="43" height="31"/>
    <SubTexture name="Living399/pp翅膀02" x="258" y="581" width="36" height="23"/>
    <SubTexture name="Living399/尾巴.png" x="450" y="910" width="17" height="9"/>
    <SubTexture name="Living399/尾巴1.png" x="2" y="746" width="15" height="8"/>
    <SubTexture name="Living399/尾巴3.png" x="200" y="804" width="15" height="8"/>
    <SubTexture name="Living400/dff" x="50" y="617" width="22" height="6"/>
    <SubTexture name="Living400/egvgfhs" x="377" y="562" width="11" height="24"/>
    <SubTexture name="Living400/fgegrege" x="326" y="833" width="23" height="9"/>
    <SubTexture name="Living400/ggee大腿001" x="377" y="44" width="8" height="12"/>
    <SubTexture name="Living400/ggee大腿003" x="377" y="76" width="7" height="13"/>
    <SubTexture name="Living400/ggee翅膀001" x="176" y="648" width="32" height="56"/>
    <SubTexture name="Living400/ggee翅膀002" x="229" y="513" width="27" height="36"/>
    <SubTexture name="Living400/ggee翅膀003" x="2" y="505" width="44" height="55"/>
    <SubTexture name="Living400/ggee翅膀004" x="48" y="551" width="38" height="36"/>
    <SubTexture name="Living400/ggee身体001" x="50" y="494" width="44" height="55"/>
    <SubTexture name="Living400/gghh大头001" x="96" y="539" width="38" height="40"/>
    <SubTexture name="Living400/gghh大腿001" x="99" y="421" width="7" height="11"/>
    <SubTexture name="Living400/gghh大腿002" x="377" y="91" width="7" height="11"/>
    <SubTexture name="Living400/gghh翅膀001" x="266" y="360" width="33" height="53"/>
    <SubTexture name="Living400/gghh翅膀002" x="271" y="322" width="28" height="36"/>
    <SubTexture name="Living400/gghh翅膀003" x="145" y="535" width="39" height="36"/>
    <SubTexture name="Living400/gghh翅膀004" x="51" y="421" width="46" height="54"/>
    <SubTexture name="Living400/gghh触角001" x="377" y="536" width="11" height="24"/>
    <SubTexture name="Living400/gghh触角002" x="315" y="742" width="9" height="14"/>
    <SubTexture name="Living400/gghh身体001" x="292" y="652" width="32" height="20"/>
    <SubTexture name="Living401/bbyeue001" x="414" y="260" width="39" height="36"/>
    <SubTexture name="Living401/bbyeue002" x="227" y="551" width="29" height="36"/>
    <SubTexture name="Living401/pparmbb001" x="69" y="692" width="11" height="16"/>
    <SubTexture name="Living401/pparmbb002" x="465" y="605" width="11" height="16"/>
    <SubTexture name="Living401/ppdress0001" x="2" y="617" width="22" height="13"/>
    <SubTexture name="Living401/ppdress002" x="480" y="891" width="23" height="21"/>
    <SubTexture name="Living401/pphair001" x="26" y="626" width="21" height="22"/>
    <SubTexture name="Living401/pphair0012" x="406" y="832" width="24" height="25"/>
    <SubTexture name="Living401/pphead001" x="452" y="353" width="44" height="44"/>
    <SubTexture name="Living401/pplegfe01" x="376" y="142" width="9" height="17"/>
    <SubTexture name="Living401/ppwind001" x="326" y="690" width="31" height="61"/>
    <SubTexture name="Living401/ppwind002" x="301" y="426" width="43" height="61"/>
    <SubTexture name="Living401/pp上衣0035" x="386" y="762" width="25" height="24"/>
    <SubTexture name="Living401/pp大手001" x="498" y="395" width="12" height="17"/>
    <SubTexture name="Living401/pp大手002" x="216" y="583" width="9" height="15"/>
    <SubTexture name="Living401/pp头发001" x="478" y="793" width="24" height="25"/>
    <SubTexture name="Living401/pp头发002" x="432" y="839" width="21" height="22"/>
    <SubTexture name="Living401/pp群字0023" x="326" y="820" width="23" height="11"/>
    <SubTexture name="Living401/pp翅膀001" x="380" y="797" width="24" height="38"/>
    <SubTexture name="Living401/pp翅膀0025" x="266" y="415" width="33" height="36"/>
    <SubTexture name="Living401/pp脚beeg001" x="376" y="123" width="9" height="17"/>
    <SubTexture name="Living401/pp脸001" x="352" y="378" width="44" height="44"/>
    <SubTexture name="Living401/位图 1" x="481" y="859" width="24" height="6"/>
    <SubTexture name="Living401/位图 2" x="455" y="859" width="24" height="10"/>
    <SubTexture name="Living405/dgesg0009" x="222" y="222" width="57" height="34"/>
    <SubTexture name="Living405/dsfgweg0001" x="463" y="654" width="13" height="14"/>
    <SubTexture name="Living405/dsfgweg0002" x="187" y="513" width="40" height="31"/>
    <SubTexture name="Living405/dsfgweg0004" x="210" y="697" width="15" height="17"/>
    <SubTexture name="Living405/dsfgweg0005" x="286" y="201" width="13" height="15"/>
    <SubTexture name="Living405/dsfgweg0006" x="68" y="710" width="12" height="6"/>
    <SubTexture name="Living405/dsfgweg0007" x="88" y="581" width="38" height="31"/>
    <SubTexture name="Living405/dsfgweg0008" x="2" y="339" width="54" height="56"/>
    <SubTexture name="Living405/efrgg" x="176" y="583" width="38" height="11"/>
    <SubTexture name="Living405/ggehh" x="258" y="497" width="41" height="15"/>
    <SubTexture name="Living405/henad001" x="62" y="288" width="54" height="57"/>
    <SubTexture name="Living405/hgbfc001.png" x="312" y="2" width="73" height="40"/>
    <SubTexture name="Living405/hgbfc002.png" x="387" y="2" width="73" height="36"/>
    <SubTexture name="Living405/hgbfc003.png" x="236" y="2" width="74" height="38"/>
    <SubTexture name="Living406/dfefe" x="111" y="793" width="13" height="7"/>
    <SubTexture name="Living406/fesfgswkbgn001" x="216" y="258" width="54" height="37"/>
    <SubTexture name="Living406/fesfgswkbgn002" x="301" y="341" width="51" height="32"/>
    <SubTexture name="Living406/fesfgswkbgn003" x="301" y="303" width="51" height="36" frameX="0" frameY="0" frameWidth="53" frameHeight="36"/>
    <SubTexture name="Living406/fesfgswkbgn004" x="159" y="405" width="48" height="33"/>
    <SubTexture name="Living406/fesfgswkbgn005" x="99" y="445" width="46" height="43" frameX="-3" frameY="-3" frameWidth="58" frameHeight="47"/>
    <SubTexture name="Living406/fesfgswkbgn006" x="109" y="403" width="48" height="40" frameX="-1" frameY="-3" frameWidth="56" frameHeight="44"/>
    <SubTexture name="Living406/fhjfsjf001" x="160" y="250" width="54" height="59"/>
    <SubTexture name="Living406/fhjfsjf002" x="387" y="114" width="69" height="50" frameX="-2" frameY="-3" frameWidth="75" frameHeight="56"/>
    <SubTexture name="Living406/fhjfsjf003" x="387" y="166" width="66" height="37"/>
    <SubTexture name="Living406/fhjfsjf004" x="296" y="594" width="35" height="56" frameX="-12" frameY="-4" frameWidth="55" frameHeight="66"/>
    <SubTexture name="Living406/fhjfsjf005" x="98" y="490" width="45" height="47"/>
    <SubTexture name="Living406/fhjfsjf006" x="408" y="298" width="45" height="53"/>
    <SubTexture name="Living406/gfwgerdss001" x="133" y="100" width="25" height="47"/>
    <SubTexture name="Living406/gfwgerdss002" x="301" y="149" width="66" height="37" frameX="-4" frameY="-2" frameWidth="74" frameHeight="41"/>
    <SubTexture name="Living406/gfwgerdss003" x="165" y="357" width="48" height="46" frameX="-5" frameY="0" frameWidth="58" frameHeight="46"/>
    <SubTexture name="Living406/gfwgerdss004" x="427" y="631" width="34" height="52" frameX="0" frameY="0" frameWidth="38" frameHeight="52"/>
    <SubTexture name="Living406/gfwgerdss006" x="292" y="692" width="31" height="48" frameX="-1" frameY="0" frameWidth="33" frameHeight="48"/>
    <SubTexture name="Living406/gfwgerdss007" x="145" y="496" width="40" height="37"/>
    <SubTexture name="Living406/hbbbrid002" x="377" y="58" width="8" height="9"/>
    <SubTexture name="Living406/hbbbrid004" x="455" y="802" width="21" height="27"/>
    <SubTexture name="Living406/hbbbrid005" x="35" y="748" width="14" height="12"/>
    <SubTexture name="Living406/hbbbrid006" x="120" y="627" width="33" height="24"/>
    <SubTexture name="Living406/hbbbrid007" x="355" y="283" width="51" height="59"/>
    <SubTexture name="Living406/hbbbrid012" x="176" y="596" width="37" height="31"/>
    <SubTexture name="Living406/hbbbrid013" x="2" y="277" width="58" height="60"/>
    <SubTexture name="Living406/hbbbrid015" x="70" y="680" width="9" height="10"/>
    <SubTexture name="Living406/hbbbrid016" x="103" y="694" width="15" height="13"/>
    <SubTexture name="Living406/hbbbrid017" x="25" y="650" width="21" height="17"/>
    <SubTexture name="Living406/hbbbrid018" x="18" y="763" width="14" height="8"/>
    <SubTexture name="Living406/hbbbrid020" x="305" y="800" width="19" height="19"/>
    <SubTexture name="Living406/kfkegk001" x="361" y="191" width="24" height="53"/>
    <SubTexture name="Living406/kfkegk002" x="258" y="534" width="38" height="45" frameX="-9" frameY="0" frameWidth="52" frameHeight="55"/>
    <SubTexture name="Living406/kfkegk003" x="398" y="400" width="44" height="25" frameX="-2" frameY="-5" frameWidth="48" frameHeight="33"/>
    <SubTexture name="Living406/kfkegk004" x="272" y="262" width="27" height="58"/>
    <SubTexture name="Living406/kfkegk005" x="129" y="195" width="29" height="47" frameX="0" frameY="0" frameWidth="31" frameHeight="47"/>
    <SubTexture name="Living406/kfkegk006" x="257" y="739" width="27" height="32"/>
    <SubTexture name="Living406/kwhkfgdsqw001" x="58" y="387" width="49" height="32"/>
    <SubTexture name="Living406/kwhkfgdsqw002" x="354" y="344" width="50" height="32"/>
    <SubTexture name="Living406/kwhkfgdsqw003" x="435" y="499" width="41" height="36" frameX="-6" frameY="-1" frameWidth="55" frameHeight="38"/>
    <SubTexture name="Living406/kwhkfgdsqw004" x="452" y="399" width="44" height="34" frameX="-3" frameY="0" frameWidth="52" frameHeight="34"/>
    <SubTexture name="Living406/kwhkfgdsqw005" x="159" y="440" width="47" height="26" frameX="-2" frameY="-9" frameWidth="51" frameHeight="38"/>
    <SubTexture name="Living406/kwhkfgdsqw006" x="301" y="272" width="52" height="29" frameX="0" frameY="-5" frameWidth="52" frameHeight="37"/>
    <SubTexture name="Living406/sfsgrgrsds" x="375" y="879" width="17" height="16"/>
    <SubTexture name="Living406/wfhgvsg001" x="455" y="171" width="54" height="59"/>
    <SubTexture name="Living406/wfhgvsg002" x="2" y="100" width="64" height="40" frameX="-5" frameY="-15" frameWidth="76" frameHeight="64"/>
    <SubTexture name="Living406/wfhgvsg003" x="67" y="153" width="62" height="37"/>
    <SubTexture name="Living406/wfhgvsg004" x="125" y="244" width="33" height="61" frameX="-1" frameY="0" frameWidth="35" frameHeight="61"/>
    <SubTexture name="Living406/wfhgvsg005" x="299" y="522" width="38" height="45"/>
    <SubTexture name="Living406/wfhgvsg006" x="346" y="493" width="42" height="41"/>
    <SubTexture name="Living406/wfweffew" x="81" y="786" width="13" height="10"/>
    <SubTexture name="Living407/dttoudou0016" x="70" y="652" width="9" height="13"/>
    <SubTexture name="Living407/fewfsw" x="42" y="589" width="38" height="26"/>
    <SubTexture name="Living407/sfsfsf" x="258" y="514" width="39" height="18"/>
    <SubTexture name="Living407/ttccd001" x="99" y="434" width="7" height="5"/>
    <SubTexture name="Living407/ttccd02" x="377" y="69" width="8" height="5"/>
    <SubTexture name="Living407/ttdeed02" x="224" y="124" width="6" height="5"/>
    <SubTexture name="Living407/ttdoudou0001" x="225" y="791" width="17" height="22"/>
    <SubTexture name="Living407/ttdoudou0002" x="455" y="871" width="23" height="22"/>
    <SubTexture name="Living407/ttdoudou0003" x="114" y="357" width="49" height="44"/>
    <SubTexture name="Living407/ttdoudou0004" x="286" y="755" width="26" height="32"/>
    <SubTexture name="Living407/ttdoudou0005" x="141" y="723" width="11" height="15"/>
    <SubTexture name="Living407/ttdoudou0008" x="314" y="773" width="10" height="13"/>
    <SubTexture name="Living407/ttdoudou000sa" x="238" y="490" width="18" height="21"/>
    <SubTexture name="Living407/ttdoudou0010" x="193" y="784" width="11" height="8"/>
    <SubTexture name="Living407/ttdoudou0011" x="460" y="53" width="50" height="44"/>
    <SubTexture name="Living407/ttdoudou0012" x="359" y="748" width="25" height="32"/>
    <SubTexture name="Living407/ttdoudou0013" x="68" y="718" width="11" height="15"/>
    <SubTexture name="Living407/ttdoudou0015" x="81" y="731" width="18" height="20"/>
    <SubTexture name="Living407/ttdoudou0017" x="206" y="780" width="17" height="22"/>
    <SubTexture name="Living407/ttdoudou0018" x="481" y="867" width="23" height="22"/>
    <SubTexture name="Living407/tteerr001" x="244" y="791" width="9" height="6"/>
    <SubTexture name="Living408/bgddg009" x="431" y="889" width="17" height="14"/>
    <SubTexture name="Living408/bs001" x="498" y="374" width="12" height="19"/>
    <SubTexture name="Living408/bs002" x="74" y="753" width="16" height="19"/>
    <SubTexture name="Living408/bum001" x="498" y="353" width="12" height="19"/>
    <SubTexture name="Living408/bum002" x="110" y="773" width="16" height="18"/>
    <SubTexture name="Living408/bum003" x="38" y="726" width="16" height="20"/>
    <SubTexture name="Living408/bum004" x="195" y="468" width="12" height="20"/>
    <SubTexture name="Living408/db001" x="56" y="735" width="16" height="19"/>
    <SubTexture name="Living408/db002" x="441" y="238" width="12" height="20"/>
    <SubTexture name="Living408/gbddg001" x="431" y="889" width="17" height="14"/>
    <SubTexture name="Living408/gbddg002" x="298" y="569" width="36" height="23"/>
    <SubTexture name="Living408/gbddg003" x="369" y="659" width="19" height="34"/>
    <SubTexture name="Living408/gbddg004" x="120" y="689" width="32" height="32"/>
    <SubTexture name="Living408/gbddg007" x="353" y="801" width="24" height="35"/>
    <SubTexture name="Living408/gbddg008" x="440" y="796" width="13" height="13"/>
    <SubTexture name="Living408/gbddg014" x="406" y="801" width="24" height="29"/>
    <SubTexture name="Living408/gbddg015" x="120" y="653" width="32" height="34"/>
    <SubTexture name="Living408/gbddg016" x="440" y="796" width="13" height="13"/>
    <SubTexture name="Living409/ggg" x="210" y="716" width="15" height="16"/>
    <SubTexture name="Living409/gt3wg34g4" x="26" y="617" width="22" height="7"/>
    <SubTexture name="Living409/rgghhh" x="50" y="625" width="22" height="4"/>
    <SubTexture name="Living409/sssears01" x="455" y="772" width="21" height="28"/>
    <SubTexture name="Living409/ssssears002" x="281" y="234" width="18" height="26"/>
    <SubTexture name="Living409/stttt" x="301" y="240" width="57" height="30"/>
    <SubTexture name="Living409/s图层 101" x="160" y="42" width="71" height="16"/>
    <SubTexture name="Living409/wwwq" x="206" y="757" width="19" height="21" frameX="0" frameY="0" frameWidth="21" frameHeight="21"/>
    <SubTexture name="Living409/wwwww" x="487" y="937" width="16" height="21"/>
    <SubTexture name="Living409/xfbsbsd" x="258" y="453" width="41" height="42"/>
    <SubTexture name="Living409/上腿a01" x="215" y="619" width="10" height="17"/>
    <SubTexture name="Living409/上腿b01" x="462" y="686" width="14" height="18"/>
    <SubTexture name="Living409/上腿c01" x="210" y="678" width="15" height="17"/>
    <SubTexture name="Living409/上腿d02" x="373" y="616" width="15" height="20"/>
    <SubTexture name="Living409/下脚a02" x="140" y="755" width="11" height="13"/>
    <SubTexture name="Living409/下脚b01" x="286" y="183" width="13" height="16"/>
    <SubTexture name="Living409/下脚c01" x="19" y="746" width="14" height="15"/>
    <SubTexture name="Living409/下脚d01" x="498" y="433" width="12" height="15"/>
    <SubTexture name="Living409/围巾01" x="2" y="700" width="20" height="21"/>
    <SubTexture name="Living409/小嘴巴" x="443" y="768" width="10" height="11"/>
    <SubTexture name="Living409/尾巴ta01" x="286" y="162" width="13" height="19"/>
    <SubTexture name="Living409/走路头02" x="209" y="437" width="47" height="51"/>
    <SubTexture name="Living409/身体s01" x="455" y="270" width="52" height="30"/>
    <SubTexture name="Living409/闪闪星星" x="339" y="536" width="36" height="38"/>
    <SubTexture name="Living425/eettgg001.png" x="227" y="722" width="30" height="11"/>
    <SubTexture name="Living425/eettgg002.png" x="478" y="715" width="31" height="14"/>
    <SubTexture name="Living425/tppkknmd001" x="379" y="837" width="24" height="21"/>
    <SubTexture name="Living425/tppkknmd002" x="66" y="774" width="13" height="11"/>
    <SubTexture name="Living425/tppkknmd003" x="64" y="240" width="59" height="46"/>
    <SubTexture name="Living425/tppkknmd004" x="215" y="600" width="10" height="17"/>
    <SubTexture name="Living425/tppkknmd005" x="206" y="734" width="19" height="21"/>
    <SubTexture name="Living425/tppkknmd006" x="359" y="723" width="28" height="23"/>
    <SubTexture name="Living425/tppkknmd007" x="440" y="781" width="13" height="13"/>
    <SubTexture name="Living425/tppkknmd008" x="96" y="793" width="13" height="8"/>
    <SubTexture name="Living425/tppkknmd009" x="326" y="783" width="25" height="11"/>
    <SubTexture name="Living425/tppkknmd010" x="193" y="773" width="11" height="9"/>
    <SubTexture name="Living425/tppkknmd015" x="146" y="784" width="16" height="14"/>
    <SubTexture name="Living425/tppkknmd016" x="66" y="192" width="61" height="46"/>
    <SubTexture name="Living425/tppkknmd017" x="376" y="104" width="9" height="17"/>
    <SubTexture name="Living425/tppkknmd018" x="155" y="651" width="19" height="21"/>
    <SubTexture name="Living425/tppkknmd019" x="176" y="729" width="28" height="22"/>
    <SubTexture name="Living425/tppkknmd020" x="431" y="905" width="17" height="12"/>
    <SubTexture name="Living425/tppkknmd021" x="140" y="740" width="11" height="13"/>
    <SubTexture name="Living425/tppkknmd022" x="414" y="246" width="25" height="11"/>
    <SubTexture name="Living425/tppkknmd023" x="463" y="638" width="13" height="14"/>
    <SubTexture name="Living425/tppkknmd024" x="413" y="778" width="25" height="21"/>
    <SubTexture name="Living428/cmnsbgbs0002" x="455" y="742" width="21" height="28"/>
    <SubTexture name="Living428/cmnsbgbs0003" x="314" y="758" width="10" height="13"/>
    <SubTexture name="Living428/cmnsbgbs0004" x="326" y="807" width="23" height="11"/>
    <SubTexture name="Living428/cmnsbgbs0005" x="2" y="397" width="47" height="52" frameX="-4" frameY="-8" frameWidth="51" frameHeight="60"/>
    <SubTexture name="Living428/cmnsbgbs0006" x="51" y="768" width="13" height="11"/>
    <SubTexture name="Living428/cmnsbgbs0007" x="255" y="789" width="23" height="20"/>
    <SubTexture name="Living428/cmnsbgbs0010" x="224" y="111" width="6" height="11"/>
    <SubTexture name="Living428/cmnsbgbs0011" x="416" y="752" width="25" height="24"/>
    <SubTexture name="Living428/cmnsbgbs0012" x="24" y="701" width="20" height="20"/>
    <SubTexture name="Living428/cmnsbgbs0013" x="2" y="451" width="46" height="52"/>
    <SubTexture name="Living428/cmnsbgbs0014" x="464" y="623" width="12" height="13"/>
    <SubTexture name="Living428/cmnsbgbs0016" x="70" y="667" width="9" height="11"/>
    <SubTexture name="Living428/cmnsbgbs0017" x="120" y="723" width="19" height="14"/>
    <SubTexture name="Living428/dddd001.png" x="336" y="576" width="35" height="73" frameX="0" frameY="-4" frameWidth="35" frameHeight="77"/>
    <SubTexture name="Living428/dddd002" x="160" y="2" width="74" height="38"/>
    <SubTexture name="Living428/dhdhjrtjt.png" x="215" y="344" width="49" height="56"/>
    <SubTexture name="Living428/fff001" x="387" y="205" width="52" height="39"/>
    <SubTexture name="Living428/fff002.png" x="478" y="520" width="32" height="77"/>
    <SubTexture name="Living428/fff03.png" x="118" y="307" width="40" height="48"/>
    <SubTexture name="Living428/ffss001.png" x="478" y="657" width="32" height="56"/>
    <SubTexture name="Living428/ffss002" x="58" y="347" width="54" height="38"/>
    <SubTexture name="Living428/hgjshkgs" x="318" y="844" width="17" height="18"/>
    <SubTexture name="Living428/mnsbgbs0001" x="459" y="99" width="51" height="70"/>
    <SubTexture name="Living428/mnsbgbs0008" x="478" y="599" width="32" height="56"/>
    <SubTexture name="Living428/mnsbgbs0009.png" x="232" y="100" width="67" height="60" frameX="-2" frameY="0" frameWidth="69" frameHeight="60"/>
    <SubTexture name="Living428/mnsbgbs0015" x="398" y="427" width="43" height="55"/>
    <SubTexture name="Living428/sgggeweww.png" x="443" y="447" width="42" height="50"/>
    <SubTexture name="Living428/vv01" x="68" y="100" width="63" height="51"/>
    <SubTexture name="Living428/vv02.png" x="82" y="614" width="36" height="78" frameX="-4" frameY="0" frameWidth="40" frameHeight="78"/>
    <SubTexture name="Living428/vv03.png" x="462" y="2" width="48" height="49"/>
    <SubTexture name="Living428/whfkjejew" x="286" y="218" width="13" height="14"/>
    <SubTexture name="Living440/图层 1401" x="2" y="2" width="79" height="59"/>
    <SubTexture name="Living440/图层 140_11" x="83" y="2" width="75" height="59"/>
    <SubTexture name="Living440/图层 1411" x="360" y="246" width="52" height="35"/>
    <SubTexture name="Living440/图层 1431" x="389" y="699" width="31" height="24"/>
    <SubTexture name="Living440/图层 143_11" x="427" y="607" width="35" height="22"/>
    <SubTexture name="Living440/图层 1441" x="2" y="756" width="14" height="14"/>
    <SubTexture name="Living440/图层 1451" x="390" y="675" width="34" height="22"/>
    <SubTexture name="Living440/图层 1471" x="256" y="773" width="26" height="14"/>
    <SubTexture name="Living440/图层 1481" x="227" y="589" width="29" height="31"/>
    <SubTexture name="Living440/图层 148_11" x="333" y="651" width="34" height="25"/>
    <SubTexture name="Living440/图层 1521" x="2" y="653" width="21" height="15"/>
    <SubTexture name="Living440/图层 1531" x="82" y="715" width="19" height="14"/>
    <SubTexture name="Living440/图层 153_11" x="46" y="709" width="20" height="15"/>
    <SubTexture name="Living440/图层 1541" x="465" y="586" width="11" height="17"/>
    <SubTexture name="Living440/图层 154_11" x="128" y="608" width="37" height="17"/>
    <SubTexture name="Living440/图层 1551" x="153" y="767" width="18" height="15"/>
    <SubTexture name="Living440/图层 1561" x="128" y="782" width="16" height="16"/>
    <SubTexture name="Living440/图层 156_11" x="244" y="811" width="17" height="20"/>
    <SubTexture name="Living440/图层 1571" x="164" y="789" width="16" height="12"/>
    <SubTexture name="Living440/图层 1581" x="455" y="232" width="52" height="36"/>
    <SubTexture name="Living440/图层 1601" x="227" y="698" width="30" height="22"/>
    <SubTexture name="Living440/图层 1611" x="450" y="895" width="17" height="13"/>
    <SubTexture name="Living440/图层 1621" x="103" y="724" width="15" height="10"/>
    <SubTexture name="Living440/图层 1631" x="431" y="863" width="22" height="24"/>
    <SubTexture name="Living440/图层 1641" x="416" y="725" width="25" height="25"/>
    <SubTexture name="Living440/图层 1651" x="337" y="861" width="17" height="17"/>
    <SubTexture name="Living440/图层 1661" x="182" y="794" width="16" height="11"/>
    <SubTexture name="Living440/图层 1671" x="487" y="914" width="16" height="21"/>
    <SubTexture name="Living440/图层 1681" x="120" y="756" width="18" height="15"/>
    <SubTexture name="Living440/图层 1691" x="120" y="739" width="18" height="15"/>
    <SubTexture name="Living440/图层 1701" x="286" y="742" width="27" height="11"/>
    <SubTexture name="Living440/图层 1711" x="394" y="880" width="17" height="15"/>
    <SubTexture name="Living440/图层 1721" x="92" y="766" width="16" height="18"/>
    <SubTexture name="Living440/图层 1731" x="101" y="736" width="17" height="28"/>
    <SubTexture name="Living440/图层 1741" x="259" y="698" width="30" height="20"/>
    <SubTexture name="Living440/图层 1751" x="299" y="842" width="17" height="19"/>
    <SubTexture name="Living440/图层 1761" x="353" y="782" width="25" height="17"/>
    <SubTexture name="Living440/图层 1771" x="441" y="205" width="12" height="31"/>
    <SubTexture name="Living441/元件 3" x="186" y="546" width="39" height="35"/>
    <SubTexture name="Living441/图层 121 副本 31" x="2" y="142" width="63" height="42" frameX="0" frameY="0" frameWidth="69" frameHeight="42"/>
    <SubTexture name="Living441/图层 1221" x="2" y="186" width="62" height="28" frameX="0" frameY="-4" frameWidth="68" frameHeight="32"/>
    <SubTexture name="Living441/图层 125 副本1" x="137" y="63" width="21" height="35"/>
    <SubTexture name="Living441/图层 127 副本1" x="387" y="40" width="71" height="30"/>
    <SubTexture name="Living441/图层 1281" x="390" y="633" width="34" height="40"/>
    <SubTexture name="Living441/图层 1291" x="478" y="842" width="24" height="15"/>
    <SubTexture name="Living441/图层 1301" x="280" y="807" width="23" height="15"/>
    <SubTexture name="Living441/图层 1321" x="487" y="450" width="23" height="38" frameX="0" frameY="-2" frameWidth="23" frameHeight="40"/>
    <SubTexture name="Living441/图层 1331" x="455" y="706" width="21" height="34"/>
    <SubTexture name="Living441/图层 1361" x="227" y="674" width="29" height="22"/>
    <SubTexture name="Living441/图层 1371" x="422" y="703" width="31" height="20"/>
    <SubTexture name="Living441/图层 1391" x="133" y="149" width="25" height="44"/>
    <SubTexture name="Living441/图层 1401" x="48" y="652" width="20" height="32"/>
    <SubTexture name="Living441/图层 1411" x="305" y="94" width="69" height="53" frameX="0" frameY="-2" frameWidth="69" frameHeight="55"/>
    <SubTexture name="Living441/图层 1421" x="227" y="776" width="26" height="13"/>
    <SubTexture name="Living441/图层 1431" x="227" y="735" width="28" height="10"/>
    <SubTexture name="Living441/图层 1441" x="301" y="188" width="58" height="50"/>
    <SubTexture name="Living441/图层 1451" x="387" y="72" width="70" height="40"/>
    <SubTexture name="Living441/图层 1461" x="160" y="60" width="70" height="49"/>
    <SubTexture name="Living441/图层 1471" x="389" y="725" width="25" height="35"/>
    <SubTexture name="Living441/图层 1481" x="478" y="757" width="24" height="34"/>
</TextureAtlas>
